id,temperature,timestamp
1,30.329828095167024,2025-01-18 07:34:38
1,33.91918591142606,2025-01-18 07:34:38
1,33.00281572012139,2025-01-18 07:34:38
1,80.61997224274329,2025-01-18 07:34:38
1,82.98181235851943,2025-01-18 07:34:38
1,84.73332019952494,2025-01-18 07:34:38
1,40.64253048415782,2025-01-18 07:34:38
1,59.15883042544272,2025-01-18 07:34:38
1,91.91134239001566,2025-01-18 07:34:38
1,38.4016255805987,2025-01-18 07:34:38
1,21.564247209065854,2025-01-18 07:34:38
1,36.06858883933751,2025-01-18 07:34:38
1,50.72959987782956,2025-01-18 07:34:38
1,28.27307344338464,2025-01-18 07:34:38
1,89.95001196482632,2025-01-18 07:34:38
1,41.99445661318273,2025-01-18 07:34:38
1,28.58696783724796,2025-01-18 07:34:38
1,75.93486153503365,2025-01-18 07:34:38
1,57.67604639918427,2025-01-18 07:34:38
1,62.94432024813765,2025-01-18 07:34:38
1,33.667340821749335,2025-01-18 07:34:38
1,23.539830991998212,2025-01-18 07:34:38
1,34.44843107888964,2025-01-18 07:34:38
1,85.50258666624325,2025-01-18 07:34:38
1,45.295773339066805,2025-01-18 07:34:38
1,42.295988257313866,2025-01-18 07:34:38
1,27.869685319840016,2025-01-18 07:34:38
1,69.23556565001147,2025-01-18 07:34:38
1,93.4127590268565,2025-01-18 07:34:38
1,97.64594675776056,2025-01-18 07:34:38
1,76.22254521358721,2025-01-18 07:34:38
1,49.24512039613397,2025-01-18 07:34:38
1,21.275797632129265,2025-01-18 07:34:38
1,92.98529585095109,2025-01-18 07:34:38
1,33.09560476157726,2025-01-18 07:34:38
1,58.752940394944005,2025-01-18 07:34:38
1,92.44820541073229,2025-01-18 07:34:38
1,94.74910290470993,2025-01-18 07:34:38
1,71.16594616273329,2025-01-18 07:34:38
1,42.89012429426468,2025-01-18 07:34:38
1,40.12223839920992,2025-01-18 07:34:38
1,44.376654019852744,2025-01-18 07:34:38
1,98.31341205125062,2025-01-18 07:34:38
1,80.47790016024456,2025-01-18 07:34:38
1,90.68813222506029,2025-01-18 07:34:38
1,45.74566761911268,2025-01-18 07:34:38
1,73.65175114852826,2025-01-18 07:34:38
1,34.358351885786306,2025-01-18 07:34:38
1,70.13754946883746,2025-01-18 07:34:38
1,41.41938341050419,2025-01-18 07:34:38
1,72.70126080386497,2025-01-18 07:34:38
1,48.793993913434576,2025-01-18 07:34:38
1,33.77671927408503,2025-01-18 07:34:38
1,98.78700508368608,2025-01-18 07:34:38
1,58.437277457893316,2025-01-18 07:34:38
1,76.14028876765146,2025-01-18 07:34:38
1,51.067462214083996,2025-01-18 07:34:38
1,26.84473619175315,2025-01-18 07:34:38
1,83.74532644085546,2025-01-18 07:34:38
1,72.20290682731122,2025-01-18 07:34:38
1,57.22985157413659,2025-01-18 07:34:38
1,70.33864930289128,2025-01-18 07:34:38
1,38.57241897831831,2025-01-18 07:34:38
1,69.55372651595309,2025-01-18 07:34:38
1,63.85044384134154,2025-01-18 07:34:38
1,93.92216141635481,2025-01-18 07:34:38
1,32.93921015420858,2025-01-18 07:34:38
1,62.230204688532694,2025-01-18 07:34:38
1,92.33839196531758,2025-01-18 07:34:38
1,82.57498811207842,2025-01-18 07:34:38
1,87.01504257050382,2025-01-18 07:34:38
1,98.25701964965741,2025-01-18 07:34:38
1,93.27025271238793,2025-01-18 07:34:38
1,81.25837537992915,2025-01-18 07:34:38
1,59.59431422537692,2025-01-18 07:34:38
1,21.47286414210167,2025-01-18 07:34:38
1,51.78637306155534,2025-01-18 07:34:38
1,44.6135125422175,2025-01-18 07:34:38
1,31.654617491463213,2025-01-18 07:34:38
1,40.0863242426276,2025-01-18 07:34:38
1,69.55463823528743,2025-01-18 07:34:38
1,46.393057175844355,2025-01-18 07:34:38
1,25.812064807176192,2025-01-18 07:34:38
1,63.14288878885175,2025-01-18 07:34:38
1,23.254593261823253,2025-01-18 07:34:38
1,56.50339702568215,2025-01-18 07:34:38
1,52.46375642526725,2025-01-18 07:34:38
1,75.00553329878309,2025-01-18 07:34:38
1,96.89398397606041,2025-01-18 07:34:38
1,47.83863784795078,2025-01-18 07:34:38
1,89.96927601267988,2025-01-18 07:34:38
1,72.83391558750314,2025-01-18 07:34:38
1,74.0589639588002,2025-01-18 07:34:38
1,22.9679233823423,2025-01-18 07:34:38
1,97.15637355972918,2025-01-18 07:34:38
1,51.61308245787306,2025-01-18 07:34:38
1,35.2385071703023,2025-01-18 07:34:38
1,73.57517420065747,2025-01-18 07:34:38
1,74.10321042232133,2025-01-18 07:34:38
1,95.62162542507544,2025-01-18 07:34:38
1,75.50305711865715,2025-01-18 07:34:38
1,79.67768720507169,2025-01-18 07:34:38
1,79.10283536956698,2025-01-18 07:34:38
1,98.5479280794984,2025-01-18 07:34:38
1,50.22661268355723,2025-01-18 07:34:38
1,24.862057861278018,2025-01-18 07:34:38
1,21.591536051371047,2025-01-18 07:34:38
1,95.7227260468238,2025-01-18 07:34:38
1,72.2760467366739,2025-01-18 07:34:38
1,62.11656406337858,2025-01-18 07:34:38
1,23.734147962271585,2025-01-18 07:34:38
1,79.52090703243603,2025-01-18 07:34:38
1,98.94849205125486,2025-01-18 07:34:38
1,61.6813897498944,2025-01-18 07:34:38
1,59.666149984945434,2025-01-18 07:34:38
1,91.08564743865338,2025-01-18 07:34:38
1,62.022954446502666,2025-01-18 07:34:38
1,92.0415379582177,2025-01-18 07:34:38
1,89.49859220664122,2025-01-18 07:34:38
1,48.14768000979014,2025-01-18 07:34:38
1,61.26175075262816,2025-01-18 07:34:38
1,36.09943068762199,2025-01-18 07:34:38
1,21.798295027181325,2025-01-18 07:34:38
1,65.9849650299212,2025-01-18 07:34:38
1,71.26295727594841,2025-01-18 07:34:38
1,89.94655540896777,2025-01-18 07:34:38
1,84.14258513724621,2025-01-18 07:34:38
1,55.122809517871055,2025-01-18 07:34:38
1,25.22331894241793,2025-01-18 07:34:38
1,63.29025227046952,2025-01-18 07:34:38
1,52.87629362047424,2025-01-18 07:34:38
1,92.1029188362378,2025-01-18 07:34:38
1,88.0125171267635,2025-01-18 07:34:38
1,48.6009055379665,2025-01-18 07:34:38
1,85.79021274587244,2025-01-18 07:34:38
1,48.716709999760056,2025-01-18 07:34:38
1,45.26781491739891,2025-01-18 07:34:38
1,84.64765395125247,2025-01-18 07:34:38
1,32.417790816076206,2025-01-18 07:34:38
1,42.42511741322316,2025-01-18 07:34:38
1,40.28612472643673,2025-01-18 07:34:38
1,24.05709476948335,2025-01-18 07:34:38
1,84.10894460153128,2025-01-18 07:34:38
1,51.250752376504146,2025-01-18 07:34:38
1,75.48677602029834,2025-01-18 07:34:38
1,62.81806207926972,2025-01-18 07:34:38
1,80.66756622045204,2025-01-18 07:34:38
1,67.4992065877947,2025-01-18 07:34:38
1,51.354548044284634,2025-01-18 07:34:38
1,35.35901481279379,2025-01-18 07:34:38
1,84.12096721464113,2025-01-18 07:34:38
1,78.20605105735154,2025-01-18 07:34:38
1,31.16415218195435,2025-01-18 07:34:38
1,20.26503876918822,2025-01-18 07:34:38
1,82.87567669726805,2025-01-18 07:34:38
1,52.40226759867967,2025-01-18 07:34:38
1,43.62152407178789,2025-01-18 07:34:38
1,45.34070973129999,2025-01-18 07:34:38
1,35.15125316441149,2025-01-18 07:34:38
1,59.914343901125726,2025-01-18 07:34:38
1,48.14730494597463,2025-01-18 07:34:38
1,78.39875557454494,2025-01-18 07:34:38
1,56.64296802805673,2025-01-18 07:34:38
1,26.561528098750564,2025-01-18 07:34:38
1,93.68374857059618,2025-01-18 07:34:38
1,79.21477832034418,2025-01-18 07:34:38
1,98.96482443765501,2025-01-18 07:34:38
1,78.82851091385353,2025-01-18 07:34:38
1,85.74571851967364,2025-01-18 07:34:38
1,21.99493657664041,2025-01-18 07:34:38
1,39.05883126719771,2025-01-18 07:34:38
1,36.02594614708059,2025-01-18 07:34:38
1,45.38814308127609,2025-01-18 07:34:38
1,86.1989420925977,2025-01-18 07:34:38
1,86.64795435310728,2025-01-18 07:34:38
1,22.334791340746012,2025-01-18 07:34:38
1,75.52419912294877,2025-01-18 07:34:38
1,22.609488392899408,2025-01-18 07:34:38
1,84.29410832187311,2025-01-18 07:34:38
1,37.146167452004704,2025-01-18 07:34:38
1,44.739588529791156,2025-01-18 07:34:38
1,68.18991421683741,2025-01-18 07:34:38
1,48.30131519000406,2025-01-18 07:34:38
1,25.74489343583356,2025-01-18 07:34:38
1,59.321975966694936,2025-01-18 07:34:38
1,96.79123963184368,2025-01-18 07:34:38
1,40.51807111274908,2025-01-18 07:34:38
1,70.34387455431954,2025-01-18 07:34:38
1,74.80186666853143,2025-01-18 07:34:38
1,25.290721244665928,2025-01-18 07:34:38
1,79.70600078375315,2025-01-18 07:34:38
1,50.41630840544089,2025-01-18 07:34:38
1,50.15225265756293,2025-01-18 07:34:38
1,42.982526118849755,2025-01-18 07:34:38
1,55.154167483849655,2025-01-18 07:34:38
1,70.71851927728905,2025-01-18 07:34:38
1,66.67695284438429,2025-01-18 07:34:38
1,90.1014864709851,2025-01-18 07:34:38
1,54.28815018116722,2025-01-18 07:34:38
1,20.540295988881702,2025-01-18 07:34:38
1,92.2928464255534,2025-01-18 07:34:38
1,20.233031337456005,2025-01-18 07:34:38
1,53.785924476550846,2025-01-18 07:34:38
1,21.904029088962425,2025-01-18 07:34:38
1,62.586480045031365,2025-01-18 07:34:38
1,25.898512248844536,2025-01-18 07:34:38
1,93.70017902836393,2025-01-18 07:34:38
1,74.6923850529471,2025-01-18 07:34:38
1,41.41781380659169,2025-01-18 07:34:38
1,36.60362256742188,2025-01-18 07:34:38
1,27.771899374236444,2025-01-18 07:34:38
1,94.17300913187674,2025-01-18 07:34:38
1,77.99941619955413,2025-01-18 07:34:38
1,66.8153284522401,2025-01-18 07:34:38
1,83.27861446889476,2025-01-18 07:34:38
1,32.79799788718279,2025-01-18 07:34:38
1,38.36019120182874,2025-01-18 07:34:38
1,54.67808240482541,2025-01-18 07:34:38
1,47.31666689623455,2025-01-18 07:34:38
1,68.59050114390757,2025-01-18 07:34:38
1,43.82246838813052,2025-01-18 07:34:38
1,26.87520455445795,2025-01-18 07:34:38
1,73.55772154797138,2025-01-18 07:34:38
1,84.76160149647899,2025-01-18 07:34:38
1,32.892273027464576,2025-01-18 07:34:38
1,20.10409508847414,2025-01-18 07:34:38
1,86.02543018113909,2025-01-18 07:34:38
1,20.47058410346721,2025-01-18 07:34:38
1,87.1168439600627,2025-01-18 07:34:38
1,97.10716286966132,2025-01-18 07:34:38
1,23.290420419058904,2025-01-18 07:34:38
1,44.0736765667262,2025-01-18 07:34:38
1,75.51915991898532,2025-01-18 07:34:38
1,81.09400903163979,2025-01-18 07:34:38
1,67.49045204059155,2025-01-18 07:34:38
1,97.92496396512061,2025-01-18 07:34:38
1,74.45050703447437,2025-01-18 07:34:38
1,64.39469198280891,2025-01-18 07:34:38
1,22.88039349402539,2025-01-18 07:34:38
1,69.18796172764206,2025-01-18 07:34:38
1,23.511668790248503,2025-01-18 07:34:38
1,81.07032806768476,2025-01-18 07:34:38
1,60.40705878089619,2025-01-18 07:34:38
1,75.36979850189732,2025-01-18 07:34:38
1,53.16671306832983,2025-01-18 07:34:38
1,50.93453494710337,2025-01-18 07:34:38
1,56.706643199083466,2025-01-18 07:34:38
1,38.67441508439224,2025-01-18 07:34:38
1,46.786887673458736,2025-01-18 07:34:38
1,76.08560145997473,2025-01-18 07:34:38
1,69.65969765813215,2025-01-18 07:34:38
1,98.30810870494615,2025-01-18 07:34:38
1,60.236837598625016,2025-01-18 07:34:38
1,28.652008416109453,2025-01-18 07:34:38
1,54.409316932074894,2025-01-18 07:34:38
1,54.50970152891205,2025-01-18 07:34:38
1,31.33145093678352,2025-01-18 07:34:38
1,41.67727901347586,2025-01-18 07:34:38
1,28.620637217261233,2025-01-18 07:34:38
1,38.53205304090164,2025-01-18 07:34:38
1,45.471171121499445,2025-01-18 07:34:38
1,72.03790316226335,2025-01-18 07:34:38
1,34.268753323079466,2025-01-18 07:34:38
1,46.999955280850685,2025-01-18 07:34:38
1,45.555905925080936,2025-01-18 07:34:38
1,41.51996883958212,2025-01-18 07:34:38
1,40.13219658680118,2025-01-18 07:34:38
1,33.018203141003426,2025-01-18 07:34:38
1,93.02029319904084,2025-01-18 07:34:38
1,22.77233829630047,2025-01-18 07:34:38
1,42.60684005161317,2025-01-18 07:34:38
1,36.25474030575454,2025-01-18 07:34:38
1,98.10527197535527,2025-01-18 07:34:38
1,93.86947067523674,2025-01-18 07:34:38
1,97.78507754149123,2025-01-18 07:34:38
1,54.49493748519216,2025-01-18 07:34:38
1,22.003211064391806,2025-01-18 07:34:38
1,80.11558502202149,2025-01-18 07:34:38
1,89.74212970590777,2025-01-18 07:34:38
1,60.91845743429875,2025-01-18 07:34:38
1,37.43401452558162,2025-01-18 07:34:38
1,51.56784320541771,2025-01-18 07:34:38
1,38.903556172908445,2025-01-18 07:34:38
1,91.84071199102777,2025-01-18 07:34:38
1,65.00652767385252,2025-01-18 07:34:38
1,74.78983016521443,2025-01-18 07:34:38
1,93.89345062283257,2025-01-18 07:34:38
1,57.97741197599723,2025-01-18 07:34:38
1,62.59230449878379,2025-01-18 07:34:38
1,80.95674658530409,2025-01-18 07:34:38
1,32.70681474015569,2025-01-18 07:34:38
1,63.97080552722109,2025-01-18 07:34:38
1,72.68028987806933,2025-01-18 07:34:38
1,68.03619674032922,2025-01-18 07:34:38
1,36.46360807362444,2025-01-18 07:34:38
1,39.61357534876509,2025-01-18 07:34:38
1,56.915840607546244,2025-01-18 07:34:38
1,75.93042011875372,2025-01-18 07:34:38
1,48.309551802976586,2025-01-18 07:34:38
1,75.82270624764463,2025-01-18 07:34:38
1,42.202980819198956,2025-01-18 07:34:38
1,33.318244657022404,2025-01-18 07:34:38
1,34.20317178561346,2025-01-18 07:34:38
1,74.25506693128202,2025-01-18 07:34:38
1,26.099406778316894,2025-01-18 07:34:38
1,32.06366916472601,2025-01-18 07:34:38
1,43.67413693823612,2025-01-18 07:34:38
1,65.83065877544416,2025-01-18 07:34:38
1,30.0441634274417,2025-01-18 07:34:38
1,88.30218271219097,2025-01-18 07:34:38
1,81.81314798902378,2025-01-18 07:34:38
1,49.30780767699156,2025-01-18 07:34:38
1,72.85622786601846,2025-01-18 07:34:38
1,85.84007152854232,2025-01-18 07:34:38
1,73.99271288258815,2025-01-18 07:34:38
1,92.03081628245464,2025-01-18 07:34:38
1,85.56651842982488,2025-01-18 07:34:38
1,96.71860420821736,2025-01-18 07:34:38
1,52.62157203689349,2025-01-18 07:34:38
1,76.52462274760124,2025-01-18 07:34:38
1,96.05928725805569,2025-01-18 07:34:38
1,87.19689117691311,2025-01-18 07:34:38
1,83.22963471273854,2025-01-18 07:34:38
1,44.59488532387242,2025-01-18 07:34:38
1,53.91159063689257,2025-01-18 07:34:38
1,45.18620454933529,2025-01-18 07:34:38
1,81.32183357968543,2025-01-18 07:34:38
1,71.02835290089746,2025-01-18 07:34:38
1,63.61461980487345,2025-01-18 07:34:38
1,45.010521394905474,2025-01-18 07:34:38
1,28.406278174040747,2025-01-18 07:34:38
1,87.18274305751672,2025-01-18 07:34:38
1,29.750590794952103,2025-01-18 07:34:38
1,61.96615402637227,2025-01-18 07:34:38
1,49.55276864982092,2025-01-18 07:34:38
1,45.36826012658557,2025-01-18 07:34:38
1,23.382749769781235,2025-01-18 07:34:38
1,80.31689027339934,2025-01-18 07:34:38
1,26.841809620165876,2025-01-18 07:34:38
1,94.14595481342305,2025-01-18 07:34:38
1,61.65977794447126,2025-01-18 07:34:38
1,91.07797042344734,2025-01-18 07:34:38
1,25.84924249457562,2025-01-18 07:34:38
1,37.478564175584694,2025-01-18 07:34:38
1,57.1451382445195,2025-01-18 07:34:38
1,37.035079862654044,2025-01-18 07:34:38
1,92.80869241745431,2025-01-18 07:34:38
1,59.76408584147023,2025-01-18 07:34:38
1,56.204173264394754,2025-01-18 07:34:38
1,94.040588259798,2025-01-18 07:34:38
1,36.951709100513604,2025-01-18 07:34:38
1,90.36731997415859,2025-01-18 07:34:38
1,94.04976368740067,2025-01-18 07:34:38
1,47.383695482030525,2025-01-18 07:34:38
1,48.95796159054321,2025-01-18 07:34:38
1,71.35235839386198,2025-01-18 07:34:38
1,97.73480269226837,2025-01-18 07:34:38
1,34.913612080959744,2025-01-18 07:34:38
1,82.76111635072037,2025-01-18 07:34:38
1,99.35711982886988,2025-01-18 07:34:38
1,67.69507133680433,2025-01-18 07:34:38
1,45.58884667250058,2025-01-18 07:34:38
1,60.1609177759117,2025-01-18 07:34:38
1,87.93687738550085,2025-01-18 07:34:38
1,32.262106482515655,2025-01-18 07:34:38
1,45.98654015197341,2025-01-18 07:34:38
1,42.20217246851469,2025-01-18 07:34:38
1,71.55591363403211,2025-01-18 07:34:38
1,72.48401078991465,2025-01-18 07:34:38
1,47.98278284888469,2025-01-18 07:34:38
1,78.04311944712602,2025-01-18 07:34:38
1,39.64872349799147,2025-01-18 07:34:38
1,81.42128708015267,2025-01-18 07:34:38
1,25.71298842053465,2025-01-18 07:34:38
1,20.374595515962824,2025-01-18 07:34:38
1,29.71331159570876,2025-01-18 07:34:38
1,70.50913046931281,2025-01-18 07:34:38
1,54.60349906719,2025-01-18 07:34:38
1,23.63943253861467,2025-01-18 07:34:38
1,45.79570599076818,2025-01-18 07:34:38
1,91.77708111757859,2025-01-18 07:34:38
1,91.93094907763732,2025-01-18 07:34:38
1,44.81602273507597,2025-01-18 07:34:38
1,53.16754750325969,2025-01-18 07:34:38
1,37.67486162639137,2025-01-18 07:34:38
1,68.957626344243,2025-01-18 07:34:38
1,36.81836980671841,2025-01-18 07:34:38
1,40.39130362176449,2025-01-18 07:34:38
1,42.318805000515766,2025-01-18 07:34:38
1,85.36532967197613,2025-01-18 07:34:38
1,77.53790575989778,2025-01-18 07:34:38
1,80.22624390081465,2025-01-18 07:34:38
1,24.884008459875826,2025-01-18 07:34:38
1,89.19227104622642,2025-01-18 07:34:38
1,21.86685175794417,2025-01-18 07:34:38
1,43.95010305801773,2025-01-18 07:34:38
1,27.54184949942224,2025-01-18 07:34:38
1,30.676845454403583,2025-01-18 07:34:38
1,82.71283628640305,2025-01-18 07:34:38
1,40.41555088526994,2025-01-18 07:34:38
1,85.55595991703699,2025-01-18 07:34:38
1,98.87822583226126,2025-01-18 07:34:38
1,53.952499656411916,2025-01-18 07:34:38
1,79.73458828815212,2025-01-18 07:34:38
1,60.82116816577071,2025-01-18 07:34:38
1,85.01019266057943,2025-01-18 07:34:38
1,24.918149941002294,2025-01-18 07:34:38
1,24.09370856763104,2025-01-18 07:34:38
1,88.46133667037796,2025-01-18 07:34:38
1,53.407867620801134,2025-01-18 07:34:38
1,89.30236242323764,2025-01-18 07:34:38
1,73.53205065410226,2025-01-18 07:34:38
1,73.89597289093493,2025-01-18 07:34:38
1,72.61989051465535,2025-01-18 07:34:38
1,46.43410652184242,2025-01-18 07:34:38
1,54.75912278078583,2025-01-18 07:34:38
1,23.778638173439795,2025-01-18 07:34:38
1,55.94799846626537,2025-01-18 07:34:38
1,79.25246878567509,2025-01-18 07:34:38
1,94.55355164794474,2025-01-18 07:34:38
1,37.64339815399932,2025-01-18 07:34:38
1,51.09779768748985,2025-01-18 07:34:38
1,89.62343391497268,2025-01-18 07:34:38
1,45.853060512649144,2025-01-18 07:34:38
1,84.20802910073505,2025-01-18 07:34:38
1,69.16068726451863,2025-01-18 07:34:38
1,41.486173819291416,2025-01-18 07:34:38
1,53.96326750638884,2025-01-18 07:34:38
1,48.651372346636606,2025-01-18 07:34:38
1,68.49630578837156,2025-01-18 07:34:38
1,62.083214088339574,2025-01-18 07:34:38
1,35.200151350599285,2025-01-18 07:34:38
1,80.43163040819505,2025-01-18 07:34:38
1,53.287636191075805,2025-01-18 07:34:38
1,31.133776956785304,2025-01-18 07:34:38
1,28.737668163820736,2025-01-18 07:34:38
1,73.11936106593761,2025-01-18 07:34:38
1,40.79835421877506,2025-01-18 07:34:38
1,71.04446434729961,2025-01-18 07:34:38
1,27.96341434901602,2025-01-18 07:34:38
1,98.12359089559564,2025-01-18 07:34:38
1,93.56877078666,2025-01-18 07:34:38
1,97.79841069727469,2025-01-18 07:34:38
1,82.45093467983094,2025-01-18 07:34:38
1,33.142972814611326,2025-01-18 07:34:38
1,55.29765200428904,2025-01-18 07:34:38
1,22.432639146752997,2025-01-18 07:34:38
1,83.53103436547939,2025-01-18 07:34:38
1,96.44801647256685,2025-01-18 07:34:38
1,60.40968506096508,2025-01-18 07:34:38
1,34.06281350675188,2025-01-18 07:34:38
1,99.16981702604181,2025-01-18 07:34:38
1,94.49258784070484,2025-01-18 07:34:38
1,47.79106481350186,2025-01-18 07:34:38
1,49.363579579991224,2025-01-18 07:34:38
1,55.55027375315221,2025-01-18 07:34:38
1,53.4316997190959,2025-01-18 07:34:38
1,46.918462229388766,2025-01-18 07:34:38
1,68.81194382363512,2025-01-18 07:34:38
1,64.90976182622931,2025-01-18 07:34:38
1,78.9892902650326,2025-01-18 07:34:38
1,22.168477622893363,2025-01-18 07:34:38
1,79.5482302773111,2025-01-18 07:34:38
1,25.191305142668917,2025-01-18 07:34:38
1,97.6413746775572,2025-01-18 07:34:38
1,64.88351151841707,2025-01-18 07:34:38
1,85.17506450585648,2025-01-18 07:34:38
1,99.85192365496707,2025-01-18 07:34:38
1,59.20642703717634,2025-01-18 07:34:38
1,89.47663108430444,2025-01-18 07:34:38
1,78.01153342304609,2025-01-18 07:34:38
1,21.201181898473436,2025-01-18 07:34:38
1,78.42123781586929,2025-01-18 07:34:38
1,20.24236032760406,2025-01-18 07:34:38
1,79.21298347705101,2025-01-18 07:34:38
1,38.29144969988115,2025-01-18 07:34:38
1,72.81502104047419,2025-01-18 07:34:38
1,40.247471580369705,2025-01-18 07:34:38
1,43.14475105362925,2025-01-18 07:34:38
1,83.0983379887633,2025-01-18 07:34:38
1,35.27044668858161,2025-01-18 07:34:38
1,46.32587208892009,2025-01-18 07:34:38
1,28.35017310333064,2025-01-18 07:34:38
1,84.76432991264501,2025-01-18 07:34:38
1,20.167034821087757,2025-01-18 07:34:38
1,29.340496962992077,2025-01-18 07:34:38
1,29.12830810630579,2025-01-18 07:34:38
1,62.80883644614076,2025-01-18 07:34:38
1,51.392062851925715,2025-01-18 07:34:38
1,40.66094224371059,2025-01-18 07:34:38
1,69.518063448687,2025-01-18 07:34:38
1,32.956042197273135,2025-01-18 07:34:38
1,87.95608007562032,2025-01-18 07:34:38
1,50.09397403904006,2025-01-18 07:34:38
1,77.81205687421497,2025-01-18 07:34:38
1,29.139674785305463,2025-01-18 07:34:38
1,50.36092172483295,2025-01-18 07:34:38
1,73.65707165045697,2025-01-18 07:34:38
1,59.81744241716602,2025-01-18 07:34:38
1,27.12801352943667,2025-01-18 07:34:38
1,24.16383101920885,2025-01-18 07:34:38
1,61.95238328119608,2025-01-18 07:34:38
1,79.73739028462857,2025-01-18 07:34:38
1,74.79723251191706,2025-01-18 07:34:38
1,40.12584842206315,2025-01-18 07:34:38
1,78.2578971349113,2025-01-18 07:34:38
1,71.17983284898492,2025-01-18 07:34:38
1,56.16052241894994,2025-01-18 07:34:38
1,48.05824518089984,2025-01-18 07:34:38
1,97.79096253105655,2025-01-18 07:34:38
1,94.8605736421545,2025-01-18 07:34:38
1,27.767554595604214,2025-01-18 07:34:38
1,45.12602440254547,2025-01-18 07:34:38
1,83.04648392063314,2025-01-18 07:34:38
1,96.0320914603181,2025-01-18 07:34:38
1,51.70799651238341,2025-01-18 07:34:38
1,50.43166755839777,2025-01-18 07:34:38
1,75.88509322281838,2025-01-18 07:34:38
1,66.19930208706937,2025-01-18 07:34:38
1,78.32292514031505,2025-01-18 07:34:38
1,87.70572575793204,2025-01-18 07:34:38
1,80.41505449363757,2025-01-18 07:34:38
1,34.02651622456723,2025-01-18 07:34:38
1,98.0113657466371,2025-01-18 07:34:38
1,44.76821864024573,2025-01-18 07:34:38
1,21.332995445835394,2025-01-18 07:34:38
1,38.851177979669586,2025-01-18 07:34:38
1,89.54648620245295,2025-01-18 07:34:38
1,95.82435307801316,2025-01-18 07:34:38
1,67.02182347922864,2025-01-18 07:34:38
1,91.74402550664924,2025-01-18 07:34:38
1,65.21727167921051,2025-01-18 07:34:38
1,91.75691574648222,2025-01-18 07:34:38
1,93.91921983957889,2025-01-18 07:34:38
1,35.23523675010976,2025-01-18 07:34:38
1,88.0429523881987,2025-01-18 07:34:38
1,64.08531033975791,2025-01-18 07:34:38
1,35.161343413519674,2025-01-18 07:34:38
1,86.9660803614121,2025-01-18 07:34:38
1,62.05477999822585,2025-01-18 07:34:38
1,40.56499354484029,2025-01-18 07:34:38
1,21.941734064427347,2025-01-18 07:34:38
1,80.60140632759159,2025-01-18 07:34:38
1,61.497775011869635,2025-01-18 07:34:38
1,50.9618937940854,2025-01-18 07:34:38
1,37.92140538353566,2025-01-18 07:34:38
1,44.735939124752804,2025-01-18 07:34:38
1,96.56626133959028,2025-01-18 07:34:38
1,74.24548110630883,2025-01-18 07:34:38
1,22.62122545642759,2025-01-18 07:34:38
1,56.95954743449282,2025-01-18 07:34:38
1,80.52159779433016,2025-01-18 07:34:38
1,87.3967561644458,2025-01-18 07:34:38
1,26.401662827980267,2025-01-18 07:34:38
1,77.28515960300517,2025-01-18 07:34:38
1,70.29041503072064,2025-01-18 07:34:38
1,54.540170102619726,2025-01-18 07:34:38
1,82.13216585330407,2025-01-18 07:34:38
1,41.346746862674884,2025-01-18 07:34:38
1,58.79166981508917,2025-01-18 07:34:38
1,37.11880600145935,2025-01-18 07:34:38
1,86.2368838296672,2025-01-18 07:34:38
1,89.85090213151481,2025-01-18 07:34:38
1,55.051886600445286,2025-01-18 07:34:38
1,61.49108935201467,2025-01-18 07:34:38
1,46.01586255456755,2025-01-18 07:34:38
1,54.241619127144475,2025-01-18 07:34:38
1,39.930774803872254,2025-01-18 07:34:38
1,51.11406388309894,2025-01-18 07:34:38
1,67.75197436218113,2025-01-18 07:34:38
1,31.614014347899257,2025-01-18 07:34:38
1,53.993516019473695,2025-01-18 07:34:38
1,58.63330547365553,2025-01-18 07:34:38
1,33.361603277706735,2025-01-18 07:34:38
1,67.83976541539727,2025-01-18 07:34:38
1,87.02080185880861,2025-01-18 07:34:38
1,28.21398055545845,2025-01-18 07:34:38
1,82.83033559621347,2025-01-18 07:34:38
1,61.09273495739666,2025-01-18 07:34:38
1,57.18642385643068,2025-01-18 07:34:38
1,48.232889928433465,2025-01-18 07:34:38
1,84.23173291269802,2025-01-18 07:34:38
1,52.01270847102927,2025-01-18 07:34:38
1,41.75595055803786,2025-01-18 07:34:38
1,64.70242352207282,2025-01-18 07:34:38
1,87.19792738604897,2025-01-18 07:34:38
1,25.24148186535949,2025-01-18 07:34:38
1,96.16781464280496,2025-01-18 07:34:38
1,43.457419159080935,2025-01-18 07:34:38
1,46.49823371128092,2025-01-18 07:34:38
1,64.53638816096218,2025-01-18 07:34:38
1,78.10195469588649,2025-01-18 07:34:38
1,51.868208406980926,2025-01-18 07:34:38
1,85.25954017774244,2025-01-18 07:34:38
1,84.32095533909906,2025-01-18 07:34:38
1,38.45266158072462,2025-01-18 07:34:38
1,62.73590404670813,2025-01-18 07:34:38
1,24.0569475030499,2025-01-18 07:34:38
1,27.4431322509286,2025-01-18 07:34:38
1,21.793364766215095,2025-01-18 07:34:38
1,43.778511945691506,2025-01-18 07:34:38
1,86.46773267993959,2025-01-18 07:34:38
1,76.08393759230722,2025-01-18 07:34:38
1,64.31651994512883,2025-01-18 07:34:38
1,75.23422396477942,2025-01-18 07:34:38
1,27.21060207223955,2025-01-18 07:34:38
1,39.67546754329079,2025-01-18 07:34:38
1,47.039871395533126,2025-01-18 07:34:38
1,50.78644090768908,2025-01-18 07:34:38
1,53.447978050359886,2025-01-18 07:34:38
1,49.50686234384048,2025-01-18 07:34:38
1,93.78052994335492,2025-01-18 07:34:38
1,31.38724533837003,2025-01-18 07:34:38
1,39.41688883405363,2025-01-18 07:34:38
1,91.37746056560117,2025-01-18 07:34:38
1,34.75111897491451,2025-01-18 07:34:38
1,77.9131552029707,2025-01-18 07:34:38
1,73.86620106490297,2025-01-18 07:34:38
1,99.23359719968452,2025-01-18 07:34:38
1,89.35299652614846,2025-01-18 07:34:38
1,90.07900807876132,2025-01-18 07:34:38
1,90.7784414553545,2025-01-18 07:34:38
1,74.75752391632597,2025-01-18 07:34:38
1,84.2818152053758,2025-01-18 07:34:38
1,56.31139553284336,2025-01-18 07:34:38
1,40.043643255758646,2025-01-18 07:34:38
1,37.74299545278588,2025-01-18 07:34:38
1,37.39922135279095,2025-01-18 07:34:38
1,84.30570831635096,2025-01-18 07:34:38
1,93.56143859126041,2025-01-18 07:34:38
1,73.61925684704899,2025-01-18 07:34:38
1,66.90932814816061,2025-01-18 07:34:38
1,32.8195854890797,2025-01-18 07:34:38
1,78.55056216152867,2025-01-18 07:34:38
1,33.47846147465187,2025-01-18 07:34:38
1,26.66538080761019,2025-01-18 07:34:38
1,59.66026012136457,2025-01-18 07:34:38
1,89.58239318060907,2025-01-18 07:34:38
1,87.55287031714536,2025-01-18 07:34:38
1,76.61478892273993,2025-01-18 07:34:38
1,35.27951328315943,2025-01-18 07:34:38
1,98.38853965323614,2025-01-18 07:34:38
1,87.53809043588124,2025-01-18 07:34:38
1,32.81974448257084,2025-01-18 07:34:38
1,80.9091299861413,2025-01-18 07:34:38
1,65.18141861007973,2025-01-18 07:34:38
1,49.13186060916594,2025-01-18 07:34:38
1,63.88739706387207,2025-01-18 07:34:38
1,54.294100004280594,2025-01-18 07:34:38
1,79.8455713510721,2025-01-18 07:34:38
1,81.78355971934215,2025-01-18 07:34:38
1,41.159275476700714,2025-01-18 07:34:38
1,43.04988410296489,2025-01-18 07:34:38
1,55.74010532427084,2025-01-18 07:34:38
1,93.05781991422097,2025-01-18 07:34:38
1,82.77446899249732,2025-01-18 07:34:38
1,39.14203718651579,2025-01-18 07:34:38
1,76.79595395543345,2025-01-18 07:34:38
1,27.02205870369032,2025-01-18 07:34:38
1,95.9340741053243,2025-01-18 07:34:38
1,20.51177137240724,2025-01-18 07:34:38
1,57.705215041757256,2025-01-18 07:34:38
1,93.10877698338864,2025-01-18 07:34:38
1,49.75996336973885,2025-01-18 07:34:38
1,39.87378807654571,2025-01-18 07:34:38
1,44.52698608940459,2025-01-18 07:34:38
1,53.73166720311518,2025-01-18 07:34:38
1,22.144616074668395,2025-01-18 07:34:38
1,32.93612591999099,2025-01-18 07:34:38
1,81.03586110485217,2025-01-18 07:34:38
1,46.25264171844037,2025-01-18 07:34:38
1,87.95715139102035,2025-01-18 07:34:38
1,45.30262430743445,2025-01-18 07:34:38
1,52.17710482561059,2025-01-18 07:34:38
1,76.07948648345686,2025-01-18 07:34:38
1,92.54768770994927,2025-01-18 07:34:38
1,88.63834007416214,2025-01-18 07:34:38
1,49.721233682172006,2025-01-18 07:34:38
1,83.72394080664121,2025-01-18 07:34:38
1,81.95619216386827,2025-01-18 07:34:38
1,28.527989149815447,2025-01-18 07:34:38
1,88.27463675695157,2025-01-18 07:34:38
1,30.078015217280356,2025-01-18 07:34:38
1,77.59544145456837,2025-01-18 07:34:38
1,68.40261506431062,2025-01-18 07:34:38
1,26.323146035047984,2025-01-18 07:34:38
1,99.56801104804624,2025-01-18 07:34:38
1,77.21474885033811,2025-01-18 07:34:38
1,73.7423736826425,2025-01-18 07:34:38
1,41.211129075914776,2025-01-18 07:34:38
1,68.68220652032407,2025-01-18 07:34:38
1,92.37994737745511,2025-01-18 07:34:38
1,51.391228744568174,2025-01-18 07:34:38
1,97.07684478039604,2025-01-18 07:34:38
1,32.64660872443706,2025-01-18 07:34:38
1,55.81880543551216,2025-01-18 07:34:38
1,44.75814168924288,2025-01-18 07:34:38
1,69.6437291323232,2025-01-18 07:34:38
1,77.05691715709769,2025-01-18 07:34:38
1,48.878517570116955,2025-01-18 07:34:38
1,54.43614428218567,2025-01-18 07:34:38
1,45.926779839986445,2025-01-18 07:34:38
1,26.62680777518469,2025-01-18 07:34:38
1,22.593859605811986,2025-01-18 07:34:38
1,79.84228734666166,2025-01-18 07:34:38
1,95.47002916406306,2025-01-18 07:34:38
1,65.02110429236208,2025-01-18 07:34:38
1,44.37988467108484,2025-01-18 07:34:38
1,29.601747841357195,2025-01-18 07:34:38
1,64.22036667372748,2025-01-18 07:34:38
1,47.37384601675185,2025-01-18 07:34:38
1,50.269143333931595,2025-01-18 07:34:38
1,76.62174666124032,2025-01-18 07:34:38
1,73.85185653433564,2025-01-18 07:34:38
1,78.22002312393224,2025-01-18 07:34:38
1,88.38480073591045,2025-01-18 07:34:38
1,51.07475202874166,2025-01-18 07:34:38
1,57.25665347907061,2025-01-18 07:34:38
1,62.37117566302251,2025-01-18 07:34:38
1,81.43719085514954,2025-01-18 07:34:38
1,32.18612334000363,2025-01-18 07:34:38
1,39.727510066258596,2025-01-18 07:34:38
1,90.38125904848071,2025-01-18 07:34:38
1,95.76732805721146,2025-01-18 07:34:38
1,66.04144069192407,2025-01-18 07:34:38
1,65.82987561387124,2025-01-18 07:34:38
1,53.57003432290526,2025-01-18 07:34:38
1,42.97780000971103,2025-01-18 07:34:38
1,43.828329013367025,2025-01-18 07:34:38
1,86.89805472611228,2025-01-18 07:34:38
1,50.771588787505316,2025-01-18 07:34:38
1,33.28814152010104,2025-01-18 07:34:38
1,72.73607746266532,2025-01-18 07:34:38
1,86.41734992503149,2025-01-18 07:34:38
1,35.90976806378787,2025-01-18 07:34:38
1,88.22521581010005,2025-01-18 07:34:38
1,36.049138312889674,2025-01-18 07:34:38
1,33.788602579280045,2025-01-18 07:34:38
1,64.73060902331363,2025-01-18 07:34:38
1,79.05710759966139,2025-01-18 07:34:38
1,70.42404571620392,2025-01-18 07:34:38
1,29.60090861770718,2025-01-18 07:34:38
1,74.19694575304375,2025-01-18 07:34:38
1,39.794194217142575,2025-01-18 07:34:38
1,91.05707560025478,2025-01-18 07:34:38
1,68.08769644305679,2025-01-18 07:34:38
1,49.26298612042848,2025-01-18 07:34:38
1,31.84580615028919,2025-01-18 07:34:38
1,53.098044993739954,2025-01-18 07:34:38
1,20.960566315949443,2025-01-18 07:34:38
1,46.22794994594617,2025-01-18 07:34:38
1,99.34581195458107,2025-01-18 07:34:38
1,38.07786410158519,2025-01-18 07:34:38
1,98.49400989836533,2025-01-18 07:34:38
1,37.84348151210508,2025-01-18 07:34:38
1,66.10124412476469,2025-01-18 07:34:38
1,68.48343679745068,2025-01-18 07:34:38
1,85.1092279400539,2025-01-18 07:34:38
1,26.441509574838467,2025-01-18 07:34:38
1,41.19349652893867,2025-01-18 07:34:38
1,31.3121605105594,2025-01-18 07:34:38
1,82.5127350086813,2025-01-18 07:34:38
1,38.70977003423068,2025-01-18 07:34:38
1,95.71122529532647,2025-01-18 07:34:38
1,53.77840864677111,2025-01-18 07:34:38
1,63.24071702819828,2025-01-18 07:34:38
1,77.64422737991472,2025-01-18 07:34:38
1,45.64838357543748,2025-01-18 07:34:38
1,33.564896726836444,2025-01-18 07:34:38
1,21.4482402685531,2025-01-18 07:34:38
1,48.15773275889141,2025-01-18 07:34:38
1,70.32714803229118,2025-01-18 07:34:38
1,48.83412250344469,2025-01-18 07:34:38
1,93.87776829299538,2025-01-18 07:34:38
1,40.80375747902528,2025-01-18 07:34:38
1,45.3784097259141,2025-01-18 07:34:38
1,38.20570020833033,2025-01-18 07:34:38
1,50.83299544044401,2025-01-18 07:34:38
1,60.11154604059233,2025-01-18 07:34:38
1,41.140009919400455,2025-01-18 07:34:38
1,48.087624694320866,2025-01-18 07:34:38
1,41.61470904293193,2025-01-18 07:34:38
1,55.95974983822646,2025-01-18 07:34:38
1,23.25135855418056,2025-01-18 07:34:38
1,35.24271866502297,2025-01-18 07:34:38
1,68.65065724929781,2025-01-18 07:34:38
1,65.80088669271207,2025-01-18 07:34:38
1,82.71331179607485,2025-01-18 07:34:38
1,70.82577304165535,2025-01-18 07:34:38
1,72.65067971570122,2025-01-18 07:34:38
1,95.37774783093967,2025-01-18 07:34:38
1,97.15868079128542,2025-01-18 07:34:38
1,95.58669703884608,2025-01-18 07:34:38
1,74.65818979527079,2025-01-18 07:34:38
1,39.39982419939543,2025-01-18 07:34:38
1,81.9075144884016,2025-01-18 07:34:38
1,29.54752714853983,2025-01-18 07:34:38
1,31.10375059819375,2025-01-18 07:34:38
1,58.33622136182306,2025-01-18 07:34:38
1,95.21120015147632,2025-01-18 07:34:38
1,20.96705799404357,2025-01-18 07:34:38
1,88.46458945626297,2025-01-18 07:34:38
1,98.46483881310819,2025-01-18 07:34:38
1,50.99865153073121,2025-01-18 07:34:38
1,93.67982097900105,2025-01-18 07:34:38
1,47.4467169025144,2025-01-18 07:34:38
1,72.05432760187878,2025-01-18 07:34:38
1,99.38497035280429,2025-01-18 07:34:38
1,53.97190724440725,2025-01-18 07:34:38
1,35.73256738327194,2025-01-18 07:34:38
1,39.084873215726354,2025-01-18 07:34:38
1,28.005583355050618,2025-01-18 07:34:38
1,87.60077255324427,2025-01-18 07:34:38
1,48.183293317242445,2025-01-18 07:34:38
1,59.60176471780316,2025-01-18 07:34:38
1,86.28786648572829,2025-01-18 07:34:38
1,27.88791961287413,2025-01-18 07:34:38
1,82.92806323729155,2025-01-18 07:34:38
1,89.75128056313117,2025-01-18 07:34:38
1,59.063562916699645,2025-01-18 07:34:38
1,22.726596796376715,2025-01-18 07:34:38
1,60.02758142980053,2025-01-18 07:34:38
1,50.85699801139512,2025-01-18 07:34:38
1,33.747501959875464,2025-01-18 07:34:38
1,96.64262402127913,2025-01-18 07:34:38
1,38.81032840869483,2025-01-18 07:34:38
1,25.72835746105273,2025-01-18 07:34:38
1,86.97206256569623,2025-01-18 07:34:38
1,77.90725573653714,2025-01-18 07:34:38
1,87.61718196002117,2025-01-18 07:34:38
1,70.19269423489155,2025-01-18 07:34:38
1,53.608404035346624,2025-01-18 07:34:38
1,50.13559307125327,2025-01-18 07:34:38
1,90.9109368687635,2025-01-18 07:34:38
1,57.413247077027734,2025-01-18 07:34:38
1,56.743500781200645,2025-01-18 07:34:38
1,89.53792142948717,2025-01-18 07:34:38
1,35.50678493547609,2025-01-18 07:34:38
1,54.5873371000673,2025-01-18 07:34:38
1,88.54874613057858,2025-01-18 07:34:38
1,43.184940154475385,2025-01-18 07:34:38
1,75.55492280311928,2025-01-18 07:34:38
1,60.6700917686728,2025-01-18 07:34:38
1,41.33210114052084,2025-01-18 07:34:38
1,77.99426260707074,2025-01-18 07:34:38
1,24.136112476463502,2025-01-18 07:34:38
1,80.46633080453054,2025-01-18 07:34:38
1,31.589711945241934,2025-01-18 07:34:38
1,32.54887578684204,2025-01-18 07:34:38
1,68.6142298057933,2025-01-18 07:34:38
1,79.87499554997598,2025-01-18 07:34:38
1,70.53766344044806,2025-01-18 07:34:38
1,86.03790173183184,2025-01-18 07:34:38
1,40.84953361027913,2025-01-18 07:34:38
1,57.121545075006054,2025-01-18 07:34:38
1,62.871349398297944,2025-01-18 07:34:38
1,77.94020822264943,2025-01-18 07:34:38
1,86.57884299614352,2025-01-18 07:34:38
1,66.88324547106751,2025-01-18 07:34:38
1,51.38577538118624,2025-01-18 07:34:38
1,88.31790075379499,2025-01-18 07:34:38
1,21.32315293907493,2025-01-18 07:34:38
1,76.27656753496267,2025-01-18 07:34:38
1,91.2420425368239,2025-01-18 07:34:38
1,50.26549650202955,2025-01-18 07:34:38
1,26.864259886162056,2025-01-18 07:34:38
1,82.69713694044728,2025-01-18 07:34:38
1,91.62939369575493,2025-01-18 07:34:38
1,80.42943098350797,2025-01-18 07:34:38
1,43.64598321566377,2025-01-18 07:34:38
1,30.00933192193053,2025-01-18 07:34:38
1,57.770110277953954,2025-01-18 07:34:38
1,44.516523080595995,2025-01-18 07:34:38
1,95.20893748407592,2025-01-18 07:34:38
1,59.7460352749081,2025-01-18 07:34:38
1,33.73496623422955,2025-01-18 07:34:38
1,86.24372624559288,2025-01-18 07:34:38
1,84.27863375455404,2025-01-18 07:34:38
1,81.49092441570124,2025-01-18 07:34:38
1,78.11582991481937,2025-01-18 07:34:38
1,35.271934423381936,2025-01-18 07:34:38
1,30.6604489932373,2025-01-18 07:34:38
1,67.24221916056362,2025-01-18 07:34:38
1,45.385784484518126,2025-01-18 07:34:38
1,80.35304706764457,2025-01-18 07:34:38
1,65.63709990583843,2025-01-18 07:34:38
1,91.97661136059276,2025-01-18 07:34:38
1,25.551940658642902,2025-01-18 07:34:38
1,76.82185158543989,2025-01-18 07:34:38
1,84.23848171332664,2025-01-18 07:34:38
1,29.697433822853387,2025-01-18 07:34:38
1,40.424218441715276,2025-01-18 07:34:38
1,28.935275013592587,2025-01-18 07:34:38
1,69.6821686246143,2025-01-18 07:34:38
1,55.403355598161866,2025-01-18 07:34:38
1,64.32629389865016,2025-01-18 07:34:38
1,71.18792446996486,2025-01-18 07:34:38
1,72.51307192494966,2025-01-18 07:34:38
1,51.437160797594146,2025-01-18 07:34:38
1,72.49309545244921,2025-01-18 07:34:38
1,25.304071434352515,2025-01-18 07:34:38
1,71.7049511606757,2025-01-18 07:34:38
1,90.53686438386134,2025-01-18 07:34:38
1,88.53715827030518,2025-01-18 07:34:38
1,21.555784611967823,2025-01-18 07:34:38
1,80.00824207652855,2025-01-18 07:34:38
1,87.41689531294794,2025-01-18 07:34:38
1,75.73249005786087,2025-01-18 07:34:38
1,37.460062263436384,2025-01-18 07:34:38
1,56.09653137796202,2025-01-18 07:34:38
1,80.0190938687372,2025-01-18 07:34:38
1,97.59431661671934,2025-01-18 07:34:38
1,69.25834366775966,2025-01-18 07:34:38
1,98.48821223762364,2025-01-18 07:34:38
1,30.764001263931906,2025-01-18 07:34:38
1,78.68241445889359,2025-01-18 07:34:38
1,69.70961699695118,2025-01-18 07:34:38
1,73.26460983829791,2025-01-18 07:34:38
1,80.39113300669288,2025-01-18 07:34:38
1,44.33193222996918,2025-01-18 07:34:38
1,20.927078133370696,2025-01-18 07:34:38
1,83.34763203649231,2025-01-18 07:34:38
1,76.14822282312971,2025-01-18 07:34:38
1,59.87243396154356,2025-01-18 07:34:38
1,24.4641515910528,2025-01-18 07:34:38
1,66.22468083322946,2025-01-18 07:34:38
1,30.289263853911752,2025-01-18 07:34:38
1,67.60082107716536,2025-01-18 07:34:38
1,75.95384592235398,2025-01-18 07:34:38
1,82.0574350599679,2025-01-18 07:34:38
1,35.99939764590614,2025-01-18 07:34:38
1,23.362934200897296,2025-01-18 07:34:38
1,51.25178451701213,2025-01-18 07:34:38
1,38.16671512112502,2025-01-18 07:34:38
1,83.9909133136585,2025-01-18 07:34:38
1,30.29376991993353,2025-01-18 07:34:38
1,78.44738173349616,2025-01-18 07:34:38
1,62.609170215006046,2025-01-18 07:34:38
1,34.52429673182495,2025-01-18 07:34:38
1,27.852780066884506,2025-01-18 07:34:38
1,84.88326168996592,2025-01-18 07:34:38
1,31.732255833927738,2025-01-18 07:34:38
1,52.18088898442925,2025-01-18 07:34:38
1,58.03693259311074,2025-01-18 07:34:38
1,91.47696937277462,2025-01-18 07:34:38
1,85.65796668112789,2025-01-18 07:34:38
1,62.93552028399838,2025-01-18 07:34:38
1,77.92968047626246,2025-01-18 07:34:38
1,73.61118527999325,2025-01-18 07:34:38
1,20.496553715650975,2025-01-18 07:34:38
1,54.488750334834464,2025-01-18 07:34:38
1,30.928482708865488,2025-01-18 07:34:38
1,26.066076018397606,2025-01-18 07:34:38
1,71.97683788658047,2025-01-18 07:34:38
1,91.71542428310298,2025-01-18 07:34:38
1,65.21876243019962,2025-01-18 07:34:38
1,46.209989024109404,2025-01-18 07:34:38
1,98.05516492308328,2025-01-18 07:34:38
1,22.7799138389613,2025-01-18 07:34:38
1,51.078878693531095,2025-01-18 07:34:38
1,31.096571139652056,2025-01-18 07:34:38
1,48.35386013745556,2025-01-18 07:34:38
1,30.077076644444773,2025-01-18 07:34:38
1,57.406138479617795,2025-01-18 07:34:38
1,30.302745773678488,2025-01-18 07:34:38
1,54.92683976250924,2025-01-18 07:34:38
1,82.14429103301504,2025-01-18 07:34:38
1,99.76059043255086,2025-01-18 07:34:38
1,44.662536762798325,2025-01-18 07:34:38
1,35.981933469630356,2025-01-18 07:34:38
1,21.746326005610932,2025-01-18 07:34:38
1,59.348493412256644,2025-01-18 07:34:38
1,52.39807394058339,2025-01-18 07:34:38
1,94.98522665685252,2025-01-18 07:34:38
1,40.03708902782995,2025-01-18 07:34:38
1,31.057149183746454,2025-01-18 07:34:38
1,60.255599535794744,2025-01-18 07:34:38
1,34.2823822409305,2025-01-18 07:34:38
1,91.77060332774124,2025-01-18 07:34:38
1,47.9775584117119,2025-01-18 07:34:38
1,26.77510769609457,2025-01-18 07:34:38
1,58.38417274948695,2025-01-18 07:34:38
1,52.33309262993676,2025-01-18 07:34:38
1,74.81849455595403,2025-01-18 07:34:38
1,21.240562474487774,2025-01-18 07:34:38
1,72.49876822826255,2025-01-18 07:34:38
1,36.51869286786237,2025-01-18 07:34:38
1,82.65383533543299,2025-01-18 07:34:38
1,64.50072065972407,2025-01-18 07:34:38
1,30.637246874323452,2025-01-18 07:34:38
1,77.37004317236466,2025-01-18 07:34:38
1,31.741258093827696,2025-01-18 07:34:38
1,61.48446576341041,2025-01-18 07:34:38
1,23.4157852056519,2025-01-18 07:34:38
1,71.60166794205621,2025-01-18 07:34:38
1,72.49784890251581,2025-01-18 07:34:38
1,76.11298835588033,2025-01-18 07:34:38
1,74.17461837299089,2025-01-18 07:34:38
1,46.96444608534604,2025-01-18 07:34:38
1,20.595909389840806,2025-01-18 07:34:38
1,20.50825360840337,2025-01-18 07:34:38
1,52.015300510577475,2025-01-18 07:34:38
1,25.38424618490413,2025-01-18 07:34:38
1,20.135767859681486,2025-01-18 07:34:38
1,72.28627020744199,2025-01-18 07:34:38
1,85.88253534619807,2025-01-18 07:34:38
1,87.13988609743316,2025-01-18 07:34:38
1,62.685926221283395,2025-01-18 07:34:38
1,37.677129095943094,2025-01-18 07:34:38
1,39.28416707860592,2025-01-18 07:34:38
1,52.067447511750025,2025-01-18 07:34:38
1,83.81416963323261,2025-01-18 07:34:38
1,88.43907563270957,2025-01-18 07:34:38
1,83.26759401155749,2025-01-18 07:34:38
1,37.81626616454329,2025-01-18 07:34:38
1,45.39689248488976,2025-01-18 07:34:38
1,45.2847344058587,2025-01-18 07:34:38
1,34.7742250115487,2025-01-18 07:34:38
1,69.3742030251035,2025-01-18 07:34:38
1,72.95936348259241,2025-01-18 07:34:38
1,89.17382396588727,2025-01-18 07:34:38
1,37.12781450069172,2025-01-18 07:34:38
1,75.95786488018166,2025-01-18 07:34:38
1,31.092875216503888,2025-01-18 07:34:38
1,92.93680329078214,2025-01-18 07:34:38
1,98.26691159673746,2025-01-18 07:34:38
1,88.79570808851925,2025-01-18 07:34:38
1,68.28669756660346,2025-01-18 07:34:38
1,56.96729131318227,2025-01-18 07:34:38
1,35.2535997162598,2025-01-18 07:34:38
1,46.62128190299508,2025-01-18 07:34:38
1,94.46802523334459,2025-01-18 07:34:38
1,84.44946954062956,2025-01-18 07:34:38
1,53.33561619977636,2025-01-18 07:34:38
1,47.83393132121047,2025-01-18 07:34:38
1,88.12990975290303,2025-01-18 07:34:38
1,90.67520153641611,2025-01-18 07:34:38
1,31.967439937764944,2025-01-18 07:34:38
1,46.94583362563867,2025-01-18 07:34:38
1,25.446635866352317,2025-01-18 07:34:38
1,88.89196726652374,2025-01-18 07:34:38
1,46.16105690995897,2025-01-18 07:34:38
1,73.07711460756552,2025-01-18 07:34:38
1,94.57446306601688,2025-01-18 07:34:38
1,69.73892416956451,2025-01-18 07:34:38
1,47.65614574686964,2025-01-18 07:34:38
1,29.57357464365429,2025-01-18 07:34:38
1,37.95405042144172,2025-01-18 07:34:38
1,97.3785523452741,2025-01-18 07:34:38
1,86.4354969870036,2025-01-18 07:34:38
1,76.51363569437785,2025-01-18 07:34:38
1,88.54141820665198,2025-01-18 07:34:38
1,25.135667131044535,2025-01-18 07:34:38
1,53.79615511770232,2025-01-18 07:34:38
1,97.01986335642451,2025-01-18 07:34:38
1,79.85886906849652,2025-01-18 07:34:38
1,53.16571748558634,2025-01-18 07:34:38
1,29.71165698979844,2025-01-18 07:34:38
1,66.11648124703589,2025-01-18 07:34:38
1,89.45615239380854,2025-01-18 07:34:38
1,91.61276896723363,2025-01-18 07:34:38
1,97.3075920756686,2025-01-18 07:34:38
1,49.154225784045984,2025-01-18 07:34:38
1,24.719085894288444,2025-01-18 07:34:38
1,26.539018915452274,2025-01-18 07:34:38
1,91.68284031134424,2025-01-18 07:34:38
1,41.02808595711463,2025-01-18 07:34:38
1,72.55290420391039,2025-01-18 07:34:38
1,32.342035093846704,2025-01-18 07:34:38
1,30.86783622493271,2025-01-18 07:34:38
1,21.764739496849597,2025-01-18 07:34:38
1,46.71400493839005,2025-01-18 07:34:38
1,51.6481077510889,2025-01-18 07:34:38
1,20.875235598900133,2025-01-18 07:34:38
1,75.43823914309394,2025-01-18 07:34:38
1,90.00816102388302,2025-01-18 07:34:38
1,49.085341455384594,2025-01-18 07:34:38
1,49.59727211248875,2025-01-18 07:34:38
1,42.230778554250335,2025-01-18 07:34:38
1,69.27757878674204,2025-01-18 07:34:38
1,27.299953833825814,2025-01-18 07:34:38
1,28.30092700860557,2025-01-18 07:34:38
1,68.86534617559822,2025-01-18 07:34:38
1,94.33479145665035,2025-01-18 07:34:38
1,31.44840457363258,2025-01-18 07:34:38
1,85.575110282756,2025-01-18 07:34:38
1,30.44014878340068,2025-01-18 07:34:38
1,80.03291898698619,2025-01-18 07:34:38
1,82.70982959293534,2025-01-18 07:34:38
1,77.48628311524125,2025-01-18 07:34:38
1,89.70898130791943,2025-01-18 07:34:38
1,27.392316634545423,2025-01-18 07:34:38
1,47.22340056420144,2025-01-18 07:34:38
1,46.2268961989389,2025-01-18 07:34:38
1,43.846975158048124,2025-01-18 07:34:38
1,83.150631491465,2025-01-18 07:34:38
1,33.529289529924,2025-01-18 07:34:38
1,71.951681726718,2025-01-18 07:34:38
1,29.89845504390842,2025-01-18 07:34:38
1,45.65969317556279,2025-01-18 07:34:38
1,21.34277289998943,2025-01-18 07:34:38
1,40.96883429320712,2025-01-18 07:34:38
1,92.76654933523547,2025-01-18 07:34:38
1,22.035859648801328,2025-01-18 07:34:38
1,56.020161591338784,2025-01-18 07:34:38
1,27.759010064034797,2025-01-18 07:34:38
1,60.00153674407411,2025-01-18 07:34:38
1,67.2214470914093,2025-01-18 07:34:38
1,42.01986151285806,2025-01-18 07:34:38
1,80.59468452287975,2025-01-18 07:34:38
1,61.63579262324484,2025-01-18 07:34:38
1,76.70102857296698,2025-01-18 07:34:38
1,85.36130841131762,2025-01-18 07:34:38
1,98.21714439493738,2025-01-18 07:34:38
1,35.966517768757754,2025-01-18 07:34:38
1,73.41071357219668,2025-01-18 07:34:38
1,35.137550916651996,2025-01-18 07:34:38
1,33.34845773046487,2025-01-18 07:34:38
1,42.13729054396707,2025-01-18 07:34:38
1,99.15012763693991,2025-01-18 07:34:38
1,28.985182798062972,2025-01-18 07:34:38
1,24.110101983174033,2025-01-18 07:34:38
1,89.79684284250149,2025-01-18 07:34:38
1,56.03127755743627,2025-01-18 07:34:38
1,26.004420074366017,2025-01-18 07:34:38
1,86.65504352265928,2025-01-18 07:34:38
1,87.84421915881725,2025-01-18 07:34:38
1,36.0458652682884,2025-01-18 07:34:38
1,87.23672642961675,2025-01-18 07:34:38
1,30.094709116198146,2025-01-18 07:34:38
1,92.02732997089522,2025-01-18 07:34:38
1,56.28417330068846,2025-01-18 07:34:38
1,53.839904131163046,2025-01-18 07:34:38
1,85.13496074310187,2025-01-18 07:34:38
1,66.59803304563097,2025-01-18 07:34:38
1,99.41762229331533,2025-01-18 07:34:38
1,98.70404928252343,2025-01-18 07:34:38
1,72.7743139051098,2025-01-18 07:34:38
1,24.367942905640874,2025-01-18 07:34:38
1,65.67792019883217,2025-01-18 07:34:38
1,32.35736389807477,2025-01-18 07:34:38
1,42.6739942289744,2025-01-18 07:34:38
1,53.69384989025907,2025-01-18 07:34:38
1,94.98460155543596,2025-01-18 07:34:38
1,30.136308199193856,2025-01-18 07:34:38
1,35.37278801806857,2025-01-18 07:34:38
1,38.75888346008629,2025-01-18 07:34:38
1,77.66510587977879,2025-01-18 07:34:38
1,86.06781464049514,2025-01-18 07:34:38
1,68.17957970537714,2025-01-18 07:34:38
1,55.31885235070044,2025-01-18 07:34:38
1,28.62767273811731,2025-01-18 07:34:38
1,35.23488287711296,2025-01-18 07:34:38
1,88.76635451915826,2025-01-18 07:34:38
1,33.50471039696741,2025-01-18 07:34:38
1,73.4487012877117,2025-01-18 07:34:38
1,94.67654294528717,2025-01-18 07:34:38
1,31.489908085578662,2025-01-18 07:34:38
1,94.37704881310742,2025-01-18 07:34:38
1,78.97183386338779,2025-01-18 07:34:38
1,91.93272834011167,2025-01-18 07:34:38
1,64.90137528849834,2025-01-18 07:34:38
1,41.04847527350074,2025-01-18 07:34:38
1,29.851997305456727,2025-01-18 07:34:38
1,92.60564458465431,2025-01-18 07:34:38
1,22.63938356662507,2025-01-18 07:34:38
1,58.726532204579314,2025-01-18 07:34:38
1,94.59378239461178,2025-01-18 07:34:38
1,96.6011571914978,2025-01-18 07:34:38
1,31.936629168785036,2025-01-18 07:34:38
1,32.01790923360926,2025-01-18 07:34:38
1,50.35673729314454,2025-01-18 07:34:38
1,93.45040950154429,2025-01-18 07:34:38
1,67.43206399415736,2025-01-18 07:34:38
1,35.250555709859654,2025-01-18 07:34:38
1,64.35364169781272,2025-01-18 07:34:38
1,40.25980860954789,2025-01-18 07:34:38
1,42.40842041932814,2025-01-18 07:34:38
1,92.3203980559786,2025-01-18 07:34:38
1,74.2195735175112,2025-01-18 07:34:38
1,27.710760846868254,2025-01-18 07:34:38
1,42.48773835833886,2025-01-18 07:34:38
1,76.10894405389129,2025-01-18 07:34:38
1,76.11075942613436,2025-01-18 07:34:38
1,26.327489747556044,2025-01-18 07:34:38
1,90.58381926730416,2025-01-18 07:34:38
1,39.60355531570106,2025-01-18 07:34:38
1,89.67022210836566,2025-01-18 07:34:38
1,43.780994388883165,2025-01-18 07:34:38
1,57.19157061723284,2025-01-18 07:34:38
1,20.679141678027293,2025-01-18 07:34:38
1,25.901761344520786,2025-01-18 07:34:38
1,60.855022457810996,2025-01-18 07:34:38
1,25.285562375434658,2025-01-18 07:34:38
1,38.755877542935565,2025-01-18 07:34:38
1,28.002766152578886,2025-01-18 07:34:38
1,77.32725869502504,2025-01-18 07:34:38
1,29.14896568569177,2025-01-18 07:34:38
1,82.745330917386,2025-01-18 07:34:38
1,30.83403651881102,2025-01-18 07:34:38
1,46.10525581240453,2025-01-18 07:34:38
1,46.909048053277914,2025-01-18 07:34:38
1,81.89503055045405,2025-01-18 07:34:38
1,45.33878446564749,2025-01-18 07:34:38
1,92.03239426291515,2025-01-18 07:34:38
1,42.40617920662845,2025-01-18 07:34:38
1,75.77922145345713,2025-01-18 07:34:38
1,34.36243478239108,2025-01-18 07:34:38
1,94.52617976146176,2025-01-18 07:34:38
1,25.029464301267794,2025-01-18 07:34:38
1,69.17437569506251,2025-01-18 07:34:38
1,33.45229226302191,2025-01-18 07:34:38
1,89.97060642173606,2025-01-18 07:34:38
1,60.84316240743532,2025-01-18 07:34:38
1,85.38787907874462,2025-01-18 07:34:38
1,88.38853043578153,2025-01-18 07:34:38
1,21.649064241142177,2025-01-18 07:34:38
1,69.65653436070511,2025-01-18 07:34:38
1,41.581099642908626,2025-01-18 07:34:38
1,32.92720581702027,2025-01-18 07:34:38
1,90.13889251271745,2025-01-18 07:34:38
1,31.50375788823642,2025-01-18 07:34:38
1,77.62938365746639,2025-01-18 07:34:38
1,30.832466997400036,2025-01-18 07:34:38
1,37.99549816851065,2025-01-18 07:34:38
1,73.09057875068738,2025-01-18 07:34:38
1,85.20055746925091,2025-01-18 07:34:38
1,34.703658984841624,2025-01-18 07:34:38
1,79.97306203168586,2025-01-18 07:34:38
1,94.86875859122357,2025-01-18 07:34:38
1,41.03513865785398,2025-01-18 07:34:38
1,24.67143933652209,2025-01-18 07:34:38
1,51.5016922166398,2025-01-18 07:34:38
1,77.29426448401966,2025-01-18 07:34:38
1,23.92472700186478,2025-01-18 07:34:38
1,55.19515397690661,2025-01-18 07:34:38
1,58.09310202911298,2025-01-18 07:34:38
1,48.06847353626856,2025-01-18 07:34:38
1,20.57585912403897,2025-01-18 07:34:38
1,92.83479761928943,2025-01-18 07:34:38
1,36.6993948250236,2025-01-18 07:34:38
1,20.35923020046562,2025-01-18 07:34:38
1,20.98067624192315,2025-01-18 07:34:38
1,70.19484167617387,2025-01-18 07:34:38
1,74.47859914832601,2025-01-18 07:34:38
1,52.21152171772914,2025-01-18 07:34:38
1,55.276938911712804,2025-01-18 07:34:38
1,35.232315862051195,2025-01-18 07:34:38
1,30.51664595490874,2025-01-18 07:34:38
1,92.2777853286457,2025-01-18 07:34:38
1,47.04507389761007,2025-01-18 07:34:38
1,55.84095794540583,2025-01-18 07:34:38
1,56.93584463026541,2025-01-18 07:34:38
1,64.12455127414731,2025-01-18 07:34:38
1,95.25620114186913,2025-01-18 07:34:38
1,56.63444634962267,2025-01-18 07:34:38
1,61.35070163975242,2025-01-18 07:34:38
1,90.78694135639621,2025-01-18 07:34:38
1,55.68823290839415,2025-01-18 07:34:38
1,93.20821204329451,2025-01-18 07:34:38
1,77.71184177155027,2025-01-18 07:34:38
1,24.288376311183917,2025-01-18 07:34:38
1,24.481566210479293,2025-01-18 07:34:38
1,52.45819027908152,2025-01-18 07:34:38
1,50.05928793272898,2025-01-18 07:34:38
1,20.931146420312725,2025-01-18 07:34:38
1,80.07381965052687,2025-01-18 07:34:38
1,24.168735822856988,2025-01-18 07:34:38
1,44.649683088413816,2025-01-18 07:34:38
1,79.45219660603034,2025-01-18 07:34:38
1,52.4495669410842,2025-01-18 07:34:38
1,52.690890133035644,2025-01-18 07:34:38
1,38.986397050960306,2025-01-18 07:34:38
1,63.71988535714294,2025-01-18 07:34:38
1,51.53047006740698,2025-01-18 07:34:38
1,66.986183053578,2025-01-18 07:34:38
1,20.408451648653436,2025-01-18 07:34:38
1,24.139918291369533,2025-01-18 07:34:38
1,30.43749415707068,2025-01-18 07:34:38
1,21.977180314067706,2025-01-18 07:34:38
1,53.390546002865136,2025-01-18 07:34:38
1,20.455123642441517,2025-01-18 07:34:38
1,54.13096096076976,2025-01-18 07:34:38
1,89.81473921697278,2025-01-18 07:34:38
1,82.22069283338733,2025-01-18 07:34:38
1,68.58996461399684,2025-01-18 07:34:38
1,59.616404760970056,2025-01-18 07:34:38
1,60.38883631322751,2025-01-18 07:34:38
1,58.19202308198512,2025-01-18 07:34:38
1,65.54923551125,2025-01-18 07:34:38
1,66.73059211344487,2025-01-18 07:34:38
1,64.08127550718038,2025-01-18 07:34:38
1,49.52793982366848,2025-01-18 07:34:38
1,37.528581201334575,2025-01-18 07:34:38
1,65.84506366820531,2025-01-18 07:34:38
1,94.54328370329095,2025-01-18 07:34:38
1,20.064876923775312,2025-01-18 07:34:38
1,81.0374248625154,2025-01-18 07:34:38
1,81.01617747933442,2025-01-18 07:34:38
1,94.75642756254936,2025-01-18 07:34:38
1,51.30648259853838,2025-01-18 07:34:38
1,23.198320191261026,2025-01-18 07:34:38
1,69.83619951541135,2025-01-18 07:34:38
1,77.19636940599693,2025-01-18 07:34:38
1,86.29708326976174,2025-01-18 07:34:38
1,65.14756303327009,2025-01-18 07:34:38
1,50.76761278160412,2025-01-18 07:34:38
1,78.37852952100708,2025-01-18 07:34:38
1,89.45130985403374,2025-01-18 07:34:38
1,72.48741094892827,2025-01-18 07:34:38
1,20.22582211926105,2025-01-18 07:34:38
1,51.820032306640954,2025-01-18 07:34:38
1,64.93097457185536,2025-01-18 07:34:38
1,61.25669416835824,2025-01-18 07:34:38
1,22.87803150946905,2025-01-18 07:34:38
1,80.71906947384281,2025-01-18 07:34:38
1,30.52326443761288,2025-01-18 07:34:38
1,79.77693965445012,2025-01-18 07:34:38
1,97.57979850944369,2025-01-18 07:34:38
1,60.88889567671609,2025-01-18 07:34:38
1,51.33645222802567,2025-01-18 07:34:38
1,57.52956523768158,2025-01-18 07:34:38
1,41.3080632888574,2025-01-18 07:34:38
1,87.84302173820083,2025-01-18 07:34:38
1,50.652456028569105,2025-01-18 07:34:38
1,81.07545491963748,2025-01-18 07:34:38
1,33.18066371379394,2025-01-18 07:34:38
1,79.25865641853336,2025-01-18 07:34:38
1,23.19754991837044,2025-01-18 07:34:38
1,75.95072689180515,2025-01-18 07:34:38
1,75.86411446501269,2025-01-18 07:34:38
1,76.56857333257763,2025-01-18 07:34:38
1,55.041384663221706,2025-01-18 07:34:38
1,82.72847487032493,2025-01-18 07:34:38
1,48.73523907152605,2025-01-18 07:34:38
1,20.042460870172523,2025-01-18 07:34:38
1,37.54579448117168,2025-01-18 07:34:38
1,40.82797627475499,2025-01-18 07:34:38
1,98.56397698136624,2025-01-18 07:34:38
1,27.41339858557747,2025-01-18 07:34:38
1,98.51291633897436,2025-01-18 07:34:38
1,30.25702364325135,2025-01-18 07:34:38
1,83.2209560868683,2025-01-18 07:34:38
1,90.51499751735227,2025-01-18 07:34:38
1,49.69019473037207,2025-01-18 07:34:38
1,61.45227519328044,2025-01-18 07:34:38
1,76.05916348130529,2025-01-18 07:34:38
1,42.25786272944319,2025-01-18 07:34:38
1,37.932545060580324,2025-01-18 07:34:38
1,34.94091376252737,2025-01-18 07:34:38
1,55.755130736584164,2025-01-18 07:34:38
1,35.42857635899942,2025-01-18 07:34:38
1,81.0656574506219,2025-01-18 07:34:38
1,91.50966819147263,2025-01-18 07:34:38
1,90.4343970942362,2025-01-18 07:34:38
1,24.496123957378053,2025-01-18 07:34:38
1,72.92205436581389,2025-01-18 07:34:38
1,31.489438779789634,2025-01-18 07:34:38
1,46.24841372674219,2025-01-18 07:34:38
1,67.84795527244644,2025-01-18 07:34:38
1,48.3671552796868,2025-01-18 07:34:38
1,89.30604656955208,2025-01-18 07:34:38
1,79.67815034468916,2025-01-18 07:34:38
1,33.67577055968947,2025-01-18 07:34:38
1,70.18487476127059,2025-01-18 07:34:38
1,35.41166145842033,2025-01-18 07:34:38
1,98.44800671374517,2025-01-18 07:34:38
1,31.00901238787643,2025-01-18 07:34:38
1,30.140429484866686,2025-01-18 07:34:38
1,64.72612857656034,2025-01-18 07:34:38
1,77.49378404741081,2025-01-18 07:34:38
1,99.31513657369374,2025-01-18 07:34:38
1,89.69345363331745,2025-01-18 07:34:38
1,93.2162534669386,2025-01-18 07:34:38
1,98.86663948345353,2025-01-18 07:34:38
1,65.25973091806887,2025-01-18 07:34:38
1,81.84813871339497,2025-01-18 07:34:38
1,95.77453901506695,2025-01-18 07:34:38
1,20.1756012934608,2025-01-18 07:34:38
1,23.77143961405895,2025-01-18 07:34:38
1,73.68401286936711,2025-01-18 07:34:38
1,37.99702018365373,2025-01-18 07:34:38
1,81.05077711088833,2025-01-18 07:34:38
1,68.48166747587499,2025-01-18 07:34:38
1,69.67731583492207,2025-01-18 07:34:38
1,89.24186564044584,2025-01-18 07:34:38
1,99.0793887870563,2025-01-18 07:34:38
1,53.948598106064466,2025-01-18 07:34:38
1,81.90352853573191,2025-01-18 07:34:38
1,55.0057299537582,2025-01-18 07:34:38
1,60.9276035414634,2025-01-18 07:34:38
1,35.736622705886845,2025-01-18 07:34:38
1,53.70816456450171,2025-01-18 07:34:38
1,21.430237899907,2025-01-18 07:34:38
1,75.13984101564,2025-01-18 07:34:38
1,27.343100662194352,2025-01-18 07:34:38
1,37.60084809123249,2025-01-18 07:34:38
1,97.32536790573468,2025-01-18 07:34:38
1,59.25181335512096,2025-01-18 07:34:38
1,28.34978131969183,2025-01-18 07:34:38
1,75.26684134577613,2025-01-18 07:34:38
1,76.03292120795501,2025-01-18 07:34:38
1,48.69002024260929,2025-01-18 07:34:38
1,37.37128362766683,2025-01-18 07:34:38
1,50.68515373136396,2025-01-18 07:34:38
1,46.4411930956705,2025-01-18 07:34:38
1,94.62691786893183,2025-01-18 07:34:38
1,28.59103289624482,2025-01-18 07:34:38
1,56.942259509383106,2025-01-18 07:34:38
1,62.881089559987416,2025-01-18 07:34:38
1,64.36921859991641,2025-01-18 07:34:38
1,73.54133492276219,2025-01-18 07:34:38
1,61.99923443638195,2025-01-18 07:34:38
1,33.37356987479248,2025-01-18 07:34:38
1,21.980758450852107,2025-01-18 07:34:38
1,93.83683728540166,2025-01-18 07:34:38
1,42.214333007327724,2025-01-18 07:34:38
1,72.79072314608266,2025-01-18 07:34:38
1,71.29903636521809,2025-01-18 07:34:38
1,63.68189550212945,2025-01-18 07:34:38
1,36.78945046199992,2025-01-18 07:34:38
1,39.632671880235605,2025-01-18 07:34:38
1,77.44836979403901,2025-01-18 07:34:38
1,73.29922151791395,2025-01-18 07:34:38
1,74.92396237815578,2025-01-18 07:34:38
1,22.990140445798033,2025-01-18 07:34:38
1,75.09889264944296,2025-01-18 07:34:38
1,56.981831109996335,2025-01-18 07:34:38
1,68.86813629410992,2025-01-18 07:34:38
1,65.94575301007802,2025-01-18 07:34:38
1,41.46162135561874,2025-01-18 07:34:38
1,70.22616097306293,2025-01-18 07:34:38
1,39.438060777648005,2025-01-18 07:34:38
1,46.84351485825859,2025-01-18 07:34:38
1,63.74005479108325,2025-01-18 07:34:38
1,98.6171726873923,2025-01-18 07:34:38
1,84.15305772828917,2025-01-18 07:34:38
1,37.93912405811005,2025-01-18 07:34:38
1,48.95270734246,2025-01-18 07:34:38
1,79.11657398488123,2025-01-18 07:34:38
1,28.711758704168773,2025-01-18 07:34:38
1,30.11309890575104,2025-01-18 07:34:38
1,25.649941795448832,2025-01-18 07:34:38
1,45.93841823813427,2025-01-18 07:34:38
1,77.21622879108403,2025-01-18 07:34:38
1,91.28604373969804,2025-01-18 07:34:38
1,68.24544086954836,2025-01-18 07:34:38
1,91.41587489397713,2025-01-18 07:34:38
1,49.73717854782191,2025-01-18 07:34:38
1,82.97315757918184,2025-01-18 07:34:38
1,71.99235780774964,2025-01-18 07:34:38
1,92.55859343640691,2025-01-18 07:34:38
1,76.16174871748558,2025-01-18 07:34:38
1,34.35225722842209,2025-01-18 07:34:38
1,87.76278422318433,2025-01-18 07:34:38
1,57.034940578475954,2025-01-18 07:34:38
1,66.99082210710107,2025-01-18 07:34:38
1,47.13814566129207,2025-01-18 07:34:38
1,51.24091260695871,2025-01-18 07:34:38
1,83.2364941753637,2025-01-18 07:34:38
1,59.83398772121129,2025-01-18 07:34:38
1,24.804390079106795,2025-01-18 07:34:38
1,70.57215411976046,2025-01-18 07:34:38
1,90.268220732457,2025-01-18 07:34:38
1,80.37461151929702,2025-01-18 07:34:38
1,89.14885197028353,2025-01-18 07:34:38
1,47.992128847942574,2025-01-18 07:34:38
1,37.99448475233557,2025-01-18 07:34:38
1,35.708746391947486,2025-01-18 07:34:38
1,56.30712667417864,2025-01-18 07:34:38
1,44.17630427945191,2025-01-18 07:34:38
1,22.17698091632495,2025-01-18 07:34:38
1,79.07340824789637,2025-01-18 07:34:38
1,23.09504034399137,2025-01-18 07:34:38
1,66.25547138794128,2025-01-18 07:34:38
1,44.395636025879014,2025-01-18 07:34:38
1,79.01471514683053,2025-01-18 07:34:38
1,69.666573432034,2025-01-18 07:34:38
1,74.61744037058718,2025-01-18 07:34:38
1,68.43030136698552,2025-01-18 07:34:38
1,37.76235999771305,2025-01-18 07:34:38
1,36.006952270726195,2025-01-18 07:34:38
1,75.2417821356884,2025-01-18 07:34:38
1,54.22555505037777,2025-01-18 07:34:38
1,93.43204015096906,2025-01-18 07:34:38
1,58.51253758297527,2025-01-18 07:34:38
1,54.67780753651911,2025-01-18 07:34:38
1,82.56879172741986,2025-01-18 07:34:38
1,31.698729755097446,2025-01-18 07:34:38
1,71.6530966216764,2025-01-18 07:34:38
1,75.27614244081929,2025-01-18 07:34:38
1,26.600208868812025,2025-01-18 07:34:38
1,42.0586871752387,2025-01-18 07:34:38
1,27.270699177589897,2025-01-18 07:34:38
1,54.0381811745977,2025-01-18 07:34:38
1,88.09274425129792,2025-01-18 07:34:38
1,57.94100900061881,2025-01-18 07:34:38
1,54.09765821621251,2025-01-18 07:34:38
1,65.61945280727247,2025-01-18 07:34:38
1,73.71485121776186,2025-01-18 07:34:38
1,23.059297770805607,2025-01-18 07:34:38
1,59.70804067428921,2025-01-18 07:34:38
1,74.79716245484038,2025-01-18 07:34:38
1,45.26787989950869,2025-01-18 07:34:38
1,75.61528180247707,2025-01-18 07:34:38
1,51.89272831971115,2025-01-18 07:34:38
1,37.98430943586165,2025-01-18 07:34:38
1,94.83667127742113,2025-01-18 07:34:38
1,60.501846127382485,2025-01-18 07:34:38
1,83.75721688005348,2025-01-18 07:34:38
1,89.10887852554603,2025-01-18 07:34:38
1,31.96725251932154,2025-01-18 07:34:38
1,94.90599860295984,2025-01-18 07:34:38
1,24.506342492177026,2025-01-18 07:34:38
1,69.72950958694128,2025-01-18 07:34:38
1,81.22360778964085,2025-01-18 07:34:38
1,49.25353368137355,2025-01-18 07:34:38
1,27.546460354639688,2025-01-18 07:34:38
1,22.374587913811467,2025-01-18 07:34:38
1,99.58677021112527,2025-01-18 07:34:38
1,55.881063360706364,2025-01-18 07:34:38
1,33.86318637961534,2025-01-18 07:34:38
1,48.39659452870385,2025-01-18 07:34:38
1,70.62178377808259,2025-01-18 07:34:38
1,99.80223418595641,2025-01-18 07:34:38
1,25.372484176315737,2025-01-18 07:34:38
1,34.06122631896773,2025-01-18 07:34:38
1,83.85669015795656,2025-01-18 07:34:38
1,96.37119097904295,2025-01-18 07:34:38
1,23.030398436565616,2025-01-18 07:34:38
1,37.748934215330586,2025-01-18 07:34:38
1,78.44281040074102,2025-01-18 07:34:38
1,78.3931920891392,2025-01-18 07:34:38
1,98.79834660110299,2025-01-18 07:34:38
1,85.487325048144,2025-01-18 07:34:38
1,67.117100109845,2025-01-18 07:34:38
1,93.66701576996252,2025-01-18 07:34:38
1,46.92447430336996,2025-01-18 07:34:38
1,95.17387729682414,2025-01-18 07:34:38
1,75.77753707601366,2025-01-18 07:34:38
1,87.2640831600974,2025-01-18 07:34:38
1,52.113557078009364,2025-01-18 07:34:38
1,63.463703782985306,2025-01-18 07:34:38
1,84.33167771364047,2025-01-18 07:34:38
1,87.584984589225,2025-01-18 07:34:38
1,89.99811332980924,2025-01-18 07:34:38
1,51.22630305639917,2025-01-18 07:34:38
1,22.644372387558576,2025-01-18 07:34:38
1,36.99462380292721,2025-01-18 07:34:38
1,56.35922809665171,2025-01-18 07:34:38
1,88.8573750094713,2025-01-18 07:34:38
1,88.62855146275518,2025-01-18 07:34:38
1,54.08158770524736,2025-01-18 07:34:38
1,54.980700598552644,2025-01-18 07:34:38
1,30.185828115155317,2025-01-18 07:34:38
1,40.95733043620717,2025-01-18 07:34:38
1,25.065533734550066,2025-01-18 07:34:38
1,92.04555825751345,2025-01-18 07:34:38
1,67.13533262897366,2025-01-18 07:34:38
1,47.416231854223,2025-01-18 07:34:38
1,67.08604654052127,2025-01-18 07:34:38
1,79.96919524761353,2025-01-18 07:34:38
1,59.060542012763015,2025-01-18 07:34:38
1,57.943561683963196,2025-01-18 07:34:38
1,86.78364277072771,2025-01-18 07:34:38
1,44.243243266538,2025-01-18 07:34:38
1,32.23870508750586,2025-01-18 07:34:38
1,47.502264928227135,2025-01-18 07:34:38
1,29.109804248791782,2025-01-18 07:34:38
1,20.230186614687895,2025-01-18 07:34:38
1,67.59252326361405,2025-01-18 07:34:38
1,95.7578355168302,2025-01-18 07:34:38
1,94.90236621232762,2025-01-18 07:34:38
1,76.71558656336074,2025-01-18 07:34:38
1,79.83758695263342,2025-01-18 07:34:38
1,22.36431410845851,2025-01-18 07:34:38
1,99.25597368236035,2025-01-18 07:34:38
1,29.18746178831104,2025-01-18 07:34:38
1,50.106856700705094,2025-01-18 07:34:38
1,64.72557783433713,2025-01-18 07:34:38
1,29.98928846529859,2025-01-18 07:34:38
1,79.66871413456637,2025-01-18 07:34:38
1,44.94913163899366,2025-01-18 07:34:38
1,98.71578102882617,2025-01-18 07:34:38
1,89.13789244031031,2025-01-18 07:34:38
1,52.315949370746,2025-01-18 07:34:38
1,52.893835629450194,2025-01-18 07:34:38
1,36.97087535387248,2025-01-18 07:34:38
1,74.21850025573518,2025-01-18 07:34:38
1,48.84810734476247,2025-01-18 07:34:38
1,90.21481165941938,2025-01-18 07:34:38
1,56.75741730890118,2025-01-18 07:34:38
1,25.36644839433034,2025-01-18 07:34:38
1,67.51617384979218,2025-01-18 07:34:38
1,68.50449103573683,2025-01-18 07:34:38
1,84.28355765798477,2025-01-18 07:34:38
1,90.41885240811078,2025-01-18 07:34:38
1,48.44545044127922,2025-01-18 07:34:38
1,63.497498109244816,2025-01-18 07:34:38
1,35.07420382411492,2025-01-18 07:34:38
1,45.588272469902165,2025-01-18 07:34:38
1,68.13149491448218,2025-01-18 07:34:38
1,38.8683493870786,2025-01-18 07:34:38
1,75.52697981767133,2025-01-18 07:34:38
1,50.52578191247568,2025-01-18 07:34:38
1,37.591655002001865,2025-01-18 07:34:38
1,74.41941529383043,2025-01-18 07:34:38
1,34.65434204580703,2025-01-18 07:34:38
1,50.378865851034725,2025-01-18 07:34:38
1,97.31115862788874,2025-01-18 07:34:38
1,81.82389069508619,2025-01-18 07:34:38
1,50.39303570614095,2025-01-18 07:34:38
1,27.51783776172264,2025-01-18 07:34:38
1,74.71856288629712,2025-01-18 07:34:38
1,62.121039612054844,2025-01-18 07:34:38
1,69.85639933759643,2025-01-18 07:34:38
1,32.47213073312042,2025-01-18 07:34:38
1,28.226692025441817,2025-01-18 07:34:38
1,83.59042816976847,2025-01-18 07:34:38
1,89.16011886521045,2025-01-18 07:34:38
1,46.10822563815514,2025-01-18 07:34:38
1,53.524324783650535,2025-01-18 07:34:38
1,31.704282052905732,2025-01-18 07:34:38
1,50.441122603217,2025-01-18 07:34:38
1,52.08372827483106,2025-01-18 07:34:38
1,23.186809237768884,2025-01-18 07:34:38
1,78.74829092656499,2025-01-18 07:34:38
1,92.07752161770972,2025-01-18 07:34:38
1,95.08581068622094,2025-01-18 07:34:38
1,45.0649487776342,2025-01-18 07:34:38
1,91.58747060406104,2025-01-18 07:34:38
1,87.22799994177589,2025-01-18 07:34:38
1,59.74835320003524,2025-01-18 07:34:38
1,67.884466850134,2025-01-18 07:34:38
1,61.80789717585699,2025-01-18 07:34:38
1,57.45918443431233,2025-01-18 07:34:38
1,52.57379360252712,2025-01-18 07:34:38
1,49.57300049224237,2025-01-18 07:34:38
1,25.98165722445507,2025-01-18 07:34:38
1,80.0092574910414,2025-01-18 07:34:38
1,77.47262383168498,2025-01-18 07:34:38
1,91.98531730438005,2025-01-18 07:34:38
1,33.23153712006547,2025-01-18 07:34:38
1,84.54846052940226,2025-01-18 07:34:38
1,84.90524399311585,2025-01-18 07:34:38
1,20.141255734391343,2025-01-18 07:34:38
1,27.11706430064842,2025-01-18 07:34:38
1,77.35985744337498,2025-01-18 07:34:38
1,83.09647033896809,2025-01-18 07:34:38
1,62.9027589151407,2025-01-18 07:34:38
1,24.88809082668621,2025-01-18 07:34:38
1,20.13604295548084,2025-01-18 07:34:38
1,24.809560211186906,2025-01-18 07:34:38
1,28.844540172308434,2025-01-18 07:34:38
1,23.227950682326686,2025-01-18 07:34:38
1,40.18706929223604,2025-01-18 07:34:38
1,66.35301972421209,2025-01-18 07:34:38
1,58.42617041209755,2025-01-18 07:34:38
1,88.92061191243394,2025-01-18 07:34:38
1,63.55633475880705,2025-01-18 07:34:38
1,89.07821693723983,2025-01-18 07:34:38
1,74.17948307190757,2025-01-18 07:34:38
1,58.7810079225237,2025-01-18 07:34:38
1,53.02442413661635,2025-01-18 07:34:38
1,78.00824407847861,2025-01-18 07:34:38
1,58.23600868980176,2025-01-18 07:34:38
1,53.510990165571,2025-01-18 07:34:38
1,29.884197288243524,2025-01-18 07:34:38
1,52.81745914450927,2025-01-18 07:34:38
1,52.75097365451409,2025-01-18 07:34:38
1,26.164811613218887,2025-01-18 07:34:38
1,22.477133782560532,2025-01-18 07:34:38
1,48.48968961725075,2025-01-18 07:34:38
1,72.68837218321094,2025-01-18 07:34:38
1,21.65144892474599,2025-01-18 07:34:38
1,31.16320407126839,2025-01-18 07:34:38
1,51.95721834243439,2025-01-18 07:34:38
1,41.15380842573426,2025-01-18 07:34:38
1,50.79020461377549,2025-01-18 07:34:38
1,45.59828570413245,2025-01-18 07:34:38
1,21.864795702692543,2025-01-18 07:34:38
1,77.92284522166547,2025-01-18 07:34:38
1,20.71290977707512,2025-01-18 07:34:38
1,58.66886031404814,2025-01-18 07:34:38
1,36.419722888032055,2025-01-18 07:34:38
1,24.106266164864465,2025-01-18 07:34:38
1,52.236467740955526,2025-01-18 07:34:38
1,81.29525324121069,2025-01-18 07:34:38
1,34.82205128705877,2025-01-18 07:34:38
1,49.47088441983822,2025-01-18 07:34:38
1,29.13520322356918,2025-01-18 07:34:38
1,94.8648664509992,2025-01-18 07:34:38
1,86.26478390172923,2025-01-18 07:34:38
1,48.666206704519404,2025-01-18 07:34:38
1,38.34208725360202,2025-01-18 07:34:38
1,99.04011645161448,2025-01-18 07:34:38
1,23.583844090819987,2025-01-18 07:34:38
1,99.22620822031506,2025-01-18 07:34:38
1,59.44306769477865,2025-01-18 07:34:38
1,63.84133518044598,2025-01-18 07:34:38
1,36.12966683074448,2025-01-18 07:34:38
1,68.08396007378367,2025-01-18 07:34:38
1,59.86964510448041,2025-01-18 07:34:38
1,20.516660726534717,2025-01-18 07:34:38
1,33.68279966550308,2025-01-18 07:34:38
1,96.85557720556605,2025-01-18 07:34:38
1,57.29822566847993,2025-01-18 07:34:38
1,58.439374107256015,2025-01-18 07:34:38
1,66.9740261608069,2025-01-18 07:34:38
1,60.99722150051554,2025-01-18 07:34:38
1,83.96406548206512,2025-01-18 07:34:38
1,52.190697426590944,2025-01-18 07:34:38
1,54.41441896868713,2025-01-18 07:34:38
1,60.208475172082785,2025-01-18 07:34:38
1,68.69499639551125,2025-01-18 07:34:38
1,98.04340119781958,2025-01-18 07:34:38
1,92.59875548724739,2025-01-18 07:34:38
1,23.509339420539767,2025-01-18 07:34:38
1,37.20864991888362,2025-01-18 07:34:38
1,76.33916663896272,2025-01-18 07:34:38
1,31.74145078281981,2025-01-18 07:34:38
1,86.15757408239229,2025-01-18 07:34:38
1,51.47299431755908,2025-01-18 07:34:38
1,35.738522401098614,2025-01-18 07:34:38
1,62.56418279901378,2025-01-18 07:34:38
1,58.39550773953509,2025-01-18 07:34:38
1,78.36700560987833,2025-01-18 07:34:38
1,93.22926203022067,2025-01-18 07:34:38
1,88.06852608025143,2025-01-18 07:34:38
1,46.85321128074962,2025-01-18 07:34:38
1,26.78930685863545,2025-01-18 07:34:38
1,48.414443135763534,2025-01-18 07:34:38
1,86.54222179353803,2025-01-18 07:34:38
1,32.331472878379955,2025-01-18 07:34:38
1,38.37771859638902,2025-01-18 07:34:38
1,99.10511395006358,2025-01-18 07:34:38
1,72.64735033479116,2025-01-18 07:34:38
1,21.374726928271492,2025-01-18 07:34:38
1,88.01165621284748,2025-01-18 07:34:38
1,93.72133031317621,2025-01-18 07:34:38
1,58.28066599517687,2025-01-18 07:34:38
1,78.75126772818054,2025-01-18 07:34:38
1,61.074350948121186,2025-01-18 07:34:38
1,46.923936685627375,2025-01-18 07:34:38
1,45.8830341191257,2025-01-18 07:34:38
1,68.59473401463256,2025-01-18 07:34:38
1,49.869053069985256,2025-01-18 07:34:38
1,27.48736473299668,2025-01-18 07:34:38
1,55.8349923159433,2025-01-18 07:34:38
1,37.68769338217762,2025-01-18 07:34:38
1,72.36259120726281,2025-01-18 07:34:38
1,63.31997626476209,2025-01-18 07:34:38
1,31.99630430061695,2025-01-18 07:34:38
1,93.4829387771464,2025-01-18 07:34:38
1,48.142060527190154,2025-01-18 07:34:38
1,99.22534086215842,2025-01-18 07:34:38
1,44.723408935391866,2025-01-18 07:34:38
1,42.74376582543472,2025-01-18 07:34:38
1,99.94927552322918,2025-01-18 07:34:38
1,90.93309552026291,2025-01-18 07:34:38
1,77.53433636093921,2025-01-18 07:34:38
1,21.927799112931083,2025-01-18 07:34:38
1,30.323991081153174,2025-01-18 07:34:38
1,90.23235723185661,2025-01-18 07:34:38
1,85.08312802897821,2025-01-18 07:34:38
1,51.90810253352588,2025-01-18 07:34:38
1,89.279124549611,2025-01-18 07:34:38
1,21.563939445348453,2025-01-18 07:34:38
1,91.90126212197457,2025-01-18 07:34:38
1,32.22118597183073,2025-01-18 07:34:38
1,40.842554859635605,2025-01-18 07:34:38
1,46.85712388765368,2025-01-18 07:34:38
1,71.69105052173497,2025-01-18 07:34:38
1,79.6922801605169,2025-01-18 07:34:38
1,80.01722810243758,2025-01-18 07:34:38
1,85.41904825211232,2025-01-18 07:34:38
1,75.53624351015816,2025-01-18 07:34:38
1,44.26823052294648,2025-01-18 07:34:38
1,66.15950199107432,2025-01-18 07:34:38
1,36.6195331954586,2025-01-18 07:34:38
1,99.96730303462967,2025-01-18 07:34:38
1,84.71251132990919,2025-01-18 07:34:38
1,37.691424436591106,2025-01-18 07:34:38
1,32.03667445317101,2025-01-18 07:34:38
1,61.25060089073068,2025-01-18 07:34:38
1,71.56242581585417,2025-01-18 07:34:38
1,84.74148120132577,2025-01-18 07:34:38
1,30.696993956645244,2025-01-18 07:34:38
1,31.282809530006332,2025-01-18 07:34:38
1,90.95759687178612,2025-01-18 07:34:38
1,63.312284227304886,2025-01-18 07:34:38
1,28.50573484764005,2025-01-18 07:34:38
1,83.01236893626181,2025-01-18 07:34:38
1,47.712303794285305,2025-01-18 07:34:38
1,46.38527273997611,2025-01-18 07:34:38
1,66.41310775094861,2025-01-18 07:34:38
1,97.45147581664187,2025-01-18 07:34:38
1,41.07357162002816,2025-01-18 07:34:38
1,60.01921677745345,2025-01-18 07:34:38
1,87.05041924353102,2025-01-18 07:34:38
1,98.5604998342552,2025-01-18 07:34:38
1,84.89966156157949,2025-01-18 07:34:38
1,34.840383469650156,2025-01-18 07:34:38
1,87.60044198421069,2025-01-18 07:34:38
1,52.620195456193855,2025-01-18 07:34:38
1,64.64069833948984,2025-01-18 07:34:38
1,70.29402238952693,2025-01-18 07:34:38
1,49.55228583501046,2025-01-18 07:34:38
1,71.86556969786356,2025-01-18 07:34:38
1,84.03315299405867,2025-01-18 07:34:38
1,62.81833170211581,2025-01-18 07:34:38
1,60.13069344126418,2025-01-18 07:34:38
1,71.6401193521644,2025-01-18 07:34:38
1,20.035623268401295,2025-01-18 07:34:38
1,47.7602110459695,2025-01-18 07:34:38
1,69.36920169351981,2025-01-18 07:34:38
1,69.29053605437488,2025-01-18 07:34:38
1,58.10534204505594,2025-01-18 07:34:38
1,37.18031599743743,2025-01-18 07:34:38
1,75.96904630172632,2025-01-18 07:34:38
1,80.72524963392927,2025-01-18 07:34:38
1,39.053312058479285,2025-01-18 07:34:38
1,20.883979757740534,2025-01-18 07:34:38
1,91.51917883282921,2025-01-18 07:34:38
1,40.181550727140056,2025-01-18 07:34:38
1,96.8798584924388,2025-01-18 07:34:38
1,74.02956598785272,2025-01-18 07:34:38
1,36.97426607707398,2025-01-18 07:34:38
1,79.773991198732,2025-01-18 07:34:38
1,50.09211847471648,2025-01-18 07:34:38
1,72.82513291018165,2025-01-18 07:34:38
1,44.586325086797565,2025-01-18 07:34:38
1,34.84712406285184,2025-01-18 07:34:38
1,49.29925212436391,2025-01-18 07:34:38
1,97.47918304328334,2025-01-18 07:34:38
1,21.588427519196713,2025-01-18 07:34:38
1,58.663786615097436,2025-01-18 07:34:38
1,47.62747163096403,2025-01-18 07:34:38
1,33.53887285824692,2025-01-18 07:34:38
1,96.24672240579288,2025-01-18 07:34:38
1,58.98253473165702,2025-01-18 07:34:38
1,33.51191944343504,2025-01-18 07:34:38
1,96.95462689028834,2025-01-18 07:34:38
1,37.899531540920144,2025-01-18 07:34:38
1,90.78037316066809,2025-01-18 07:34:38
1,70.5788505988533,2025-01-18 07:34:38
1,46.61528472088935,2025-01-18 07:34:38
1,75.21826029063232,2025-01-18 07:34:38
1,87.95618567873815,2025-01-18 07:34:38
1,31.98115076431759,2025-01-18 07:34:38
1,21.550745739994113,2025-01-18 07:34:38
1,65.22359050062786,2025-01-18 07:34:38
1,72.93951989883847,2025-01-18 07:34:38
1,51.52570610994612,2025-01-18 07:34:38
1,75.20512549368581,2025-01-18 07:34:38
1,29.222287446302087,2025-01-18 07:34:38
1,73.54982596575223,2025-01-18 07:34:38
1,25.423653041152143,2025-01-18 07:34:38
1,50.37163004158643,2025-01-18 07:34:38
1,88.71744876967438,2025-01-18 07:34:38
1,78.08328783544549,2025-01-18 07:34:38
1,75.47569884076982,2025-01-18 07:34:38
1,73.2378939005749,2025-01-18 07:34:38
1,33.837579244510835,2025-01-18 07:34:38
1,89.93176472998283,2025-01-18 07:34:38
1,27.385116294129396,2025-01-18 07:34:38
1,68.17466122616639,2025-01-18 07:34:38
1,21.28001716312945,2025-01-18 07:34:38
1,37.359370479554094,2025-01-18 07:34:38
1,99.43056029027686,2025-01-18 07:34:38
1,35.276727417462055,2025-01-18 07:34:38
1,29.96502467828701,2025-01-18 07:34:38
1,47.91874956970042,2025-01-18 07:34:38
1,60.09635446941418,2025-01-18 07:34:38
1,61.1915060888235,2025-01-18 07:34:38
1,80.1655553118967,2025-01-18 07:34:38
1,80.69009007787645,2025-01-18 07:34:38
1,82.6011242353012,2025-01-18 07:34:38
1,70.03780096498488,2025-01-18 07:34:38
1,42.062898205134104,2025-01-18 07:34:38
1,56.61601227549958,2025-01-18 07:34:38
1,50.25894736087287,2025-01-18 07:34:38
1,84.37419282880386,2025-01-18 07:34:38
1,28.348039130773017,2025-01-18 07:34:38
1,29.251932974233128,2025-01-18 07:34:38
1,21.553025218119082,2025-01-18 07:34:38
1,57.85044937433891,2025-01-18 07:34:38
1,73.47354052026775,2025-01-18 07:34:38
1,54.13282112906904,2025-01-18 07:34:38
1,39.51616362590535,2025-01-18 07:34:38
1,91.27132848111692,2025-01-18 07:34:38
1,41.442780466857066,2025-01-18 07:34:38
1,71.5976709314016,2025-01-18 07:34:38
1,66.75035528410802,2025-01-18 07:34:38
1,30.170466100873625,2025-01-18 07:34:38
1,51.64850949795748,2025-01-18 07:34:38
1,52.73902949162223,2025-01-18 07:34:38
1,58.73108702085418,2025-01-18 07:34:38
1,80.72259945070209,2025-01-18 07:34:38
1,65.02271276160238,2025-01-18 07:34:38
1,68.46562743567483,2025-01-18 07:34:38
1,43.56507027751185,2025-01-18 07:34:38
1,66.24505823590468,2025-01-18 07:34:38
1,43.494524080058596,2025-01-18 07:34:38
1,28.98442546609857,2025-01-18 07:34:38
1,99.42342620093386,2025-01-18 07:34:38
1,33.66212382503765,2025-01-18 07:34:38
1,79.57131415372493,2025-01-18 07:34:38
1,42.69216227293792,2025-01-18 07:34:38
1,67.17102123949758,2025-01-18 07:34:38
1,51.64635925357619,2025-01-18 07:34:38
1,26.036612753851777,2025-01-18 07:34:38
1,34.53364858751912,2025-01-18 07:34:38
1,41.22949109122884,2025-01-18 07:34:38
1,83.35187788511115,2025-01-18 07:34:38
1,27.417884364970966,2025-01-18 07:34:38
1,35.09167864683732,2025-01-18 07:34:38
1,43.47627121074078,2025-01-18 07:34:38
1,56.51712262941718,2025-01-18 07:34:38
1,23.42160361146375,2025-01-18 07:34:38
1,70.24050506942743,2025-01-18 07:34:38
1,65.90448546614797,2025-01-18 07:34:38
1,37.00758946481735,2025-01-18 07:34:38
1,32.62379281183412,2025-01-18 07:34:38
1,26.40377627978736,2025-01-18 07:34:38
1,33.81712389846895,2025-01-18 07:34:38
1,57.88046609685321,2025-01-18 07:34:38
1,88.75970334994847,2025-01-18 07:34:38
1,27.872907342225925,2025-01-18 07:34:38
1,73.490892509326,2025-01-18 07:34:38
1,52.168592217391854,2025-01-18 07:34:38
1,30.724622949704063,2025-01-18 07:34:38
1,46.17494720061104,2025-01-18 07:34:38
1,65.06248778378207,2025-01-18 07:34:38
1,52.431798573872264,2025-01-18 07:34:38
1,66.77769807706089,2025-01-18 07:34:38
1,26.353510143862586,2025-01-18 07:34:38
1,65.18295710455725,2025-01-18 07:34:38
1,73.73319484520636,2025-01-18 07:34:38
1,76.69660351386054,2025-01-18 07:34:38
1,97.01635853660113,2025-01-18 07:34:38
1,69.73600721075373,2025-01-18 07:34:38
1,70.9154175964976,2025-01-18 07:34:38
1,89.07257482801144,2025-01-18 07:34:38
1,37.13747945420981,2025-01-18 07:34:38
1,64.42629168300684,2025-01-18 07:34:38
1,54.01447742048747,2025-01-18 07:34:38
1,66.84444760685686,2025-01-18 07:34:38
1,56.522479293646015,2025-01-18 07:34:38
1,76.33537392675244,2025-01-18 07:34:38
1,21.29127017173942,2025-01-18 07:34:38
1,76.88029248221501,2025-01-18 07:34:38
1,27.40966654023696,2025-01-18 07:34:38
1,93.24126717270599,2025-01-18 07:34:38
1,60.06443655293844,2025-01-18 07:34:38
1,68.9877732188654,2025-01-18 07:34:38
1,27.80419293735468,2025-01-18 07:34:38
1,88.24504373424877,2025-01-18 07:34:38
1,98.06004419697021,2025-01-18 07:34:38
1,62.830017980319575,2025-01-18 07:34:38
1,70.03362577203099,2025-01-18 07:34:38
1,75.19690414247685,2025-01-18 07:34:38
1,42.77501515669151,2025-01-18 07:34:38
1,25.37341463548384,2025-01-18 07:34:38
1,61.39980339374049,2025-01-18 07:34:38
1,75.49378899656526,2025-01-18 07:34:38
1,89.52573469427021,2025-01-18 07:34:38
1,48.34146244954054,2025-01-18 07:34:38
1,67.09435198666404,2025-01-18 07:34:38
1,47.43476451095154,2025-01-18 07:34:38
1,87.22815806880823,2025-01-18 07:34:38
1,69.63169765381616,2025-01-18 07:34:38
1,97.3112860641835,2025-01-18 07:34:38
1,34.07510364364663,2025-01-18 07:34:38
1,68.8623106568501,2025-01-18 07:34:38
1,71.3743041193207,2025-01-18 07:34:38
1,39.459385690771086,2025-01-18 07:34:38
1,39.545840778482095,2025-01-18 07:34:38
1,20.253065455118957,2025-01-18 07:34:38
1,27.780917955563336,2025-01-18 07:34:38
1,82.60642393069503,2025-01-18 07:34:38
1,68.01084071657992,2025-01-18 07:34:38
1,90.19275699184854,2025-01-18 07:34:38
1,63.695209441475605,2025-01-18 07:34:38
1,45.65381036838965,2025-01-18 07:34:38
1,67.78885302231825,2025-01-18 07:34:38
1,45.08743157721278,2025-01-18 07:34:38
1,64.0373910721799,2025-01-18 07:34:38
1,30.660446783279927,2025-01-18 07:34:38
1,34.27165958267844,2025-01-18 07:34:38
1,57.96580490785764,2025-01-18 07:34:38
1,53.76492980886212,2025-01-18 07:34:38
1,77.94649394731435,2025-01-18 07:34:38
1,37.97662528632138,2025-01-18 07:34:38
1,91.38909964699914,2025-01-18 07:34:38
1,96.28589666560232,2025-01-18 07:34:38
1,88.08105851232695,2025-01-18 07:34:38
1,92.3228719921553,2025-01-18 07:34:38
1,90.66141305583383,2025-01-18 07:34:38
1,31.608920021899223,2025-01-18 07:34:38
1,82.1567752439082,2025-01-18 07:34:38
1,49.99635304726107,2025-01-18 07:34:38
1,35.37330514352696,2025-01-18 07:34:38
1,46.48873666837087,2025-01-18 07:34:38
1,60.909599177846815,2025-01-18 07:34:38
1,36.15817737127324,2025-01-18 07:34:38
1,77.08538271943422,2025-01-18 07:34:38
1,54.847041148616576,2025-01-18 07:34:38
1,27.43701724339397,2025-01-18 07:34:38
1,70.56672086870626,2025-01-18 07:34:38
1,97.58906492492669,2025-01-18 07:34:38
1,92.08789135379972,2025-01-18 07:34:38
1,56.26486854622328,2025-01-18 07:34:38
1,29.509480156773993,2025-01-18 07:34:38
1,48.23111713750693,2025-01-18 07:34:38
1,90.94321269024533,2025-01-18 07:34:38
1,31.002164236176874,2025-01-18 07:34:38
1,26.397683686874363,2025-01-18 07:34:38
1,26.724209203684772,2025-01-18 07:34:38
1,34.16309021058065,2025-01-18 07:34:38
1,93.62696566704949,2025-01-18 07:34:38
1,54.823648956086835,2025-01-18 07:34:38
1,62.95297521533619,2025-01-18 07:34:38
1,41.96037511873317,2025-01-18 07:34:38
1,70.3510494592355,2025-01-18 07:34:38
1,67.5300579652008,2025-01-18 07:34:38
1,48.40237268404237,2025-01-18 07:34:38
1,71.14238445477409,2025-01-18 07:34:38
1,23.00882035122923,2025-01-18 07:34:38
1,58.59912717930964,2025-01-18 07:34:38
1,96.9151630189885,2025-01-18 07:34:38
1,20.25358042649505,2025-01-18 07:34:38
1,84.67455700720174,2025-01-18 07:34:38
1,55.489088398658886,2025-01-18 07:34:38
1,46.46879641752787,2025-01-18 07:34:38
1,77.93382407123535,2025-01-18 07:34:38
1,95.24793854201616,2025-01-18 07:34:38
1,71.3188625101414,2025-01-18 07:34:38
1,26.89934708228982,2025-01-18 07:34:38
1,45.02505936447703,2025-01-18 07:34:38
1,81.01911794058066,2025-01-18 07:34:38
1,68.02461238672669,2025-01-18 07:34:38
1,99.4891680325046,2025-01-18 07:34:38
1,36.71060443687595,2025-01-18 07:34:38
1,82.71643991510538,2025-01-18 07:34:38
1,42.9280318696607,2025-01-18 07:34:38
1,87.96528178604765,2025-01-18 07:34:38
1,40.20173658080266,2025-01-18 07:34:38
1,39.863960170882464,2025-01-18 07:34:38
1,36.42319526825543,2025-01-18 07:34:38
1,71.85207594661695,2025-01-18 07:34:38
1,28.047916210792863,2025-01-18 07:34:38
1,28.941562465128598,2025-01-18 07:34:38
1,67.81567633564639,2025-01-18 07:34:38
1,98.85544603748517,2025-01-18 07:34:38
1,22.730498998426718,2025-01-18 07:34:38
1,94.21004212817056,2025-01-18 07:34:38
1,82.90953809229914,2025-01-18 07:34:38
1,95.39915927868206,2025-01-18 07:34:38
1,63.322603007697175,2025-01-18 07:34:38
1,82.08371839838978,2025-01-18 07:34:38
1,34.21570575132432,2025-01-18 07:34:38
1,58.22282645284089,2025-01-18 07:34:38
1,80.91502177234709,2025-01-18 07:34:38
1,98.0459216317236,2025-01-18 07:34:38
1,27.071615139426115,2025-01-18 07:34:38
1,97.41503556273729,2025-01-18 07:34:38
1,82.98365885504516,2025-01-18 07:34:38
1,80.65482499100924,2025-01-18 07:34:38
1,60.52596947103018,2025-01-18 07:34:38
1,86.65450092960265,2025-01-18 07:34:38
1,92.45050667082963,2025-01-18 07:34:38
1,62.58823069341236,2025-01-18 07:34:38
1,46.7408978319292,2025-01-18 07:34:38
1,80.75454949344483,2025-01-18 07:34:38
1,81.58459061527364,2025-01-18 07:34:38
1,29.44271257045388,2025-01-18 07:34:38
1,94.8622825816793,2025-01-18 07:34:38
1,57.733256328847986,2025-01-18 07:34:38
1,53.752455192804895,2025-01-18 07:34:38
1,70.482822502326,2025-01-18 07:34:38
1,44.94056955383063,2025-01-18 07:34:38
1,72.81803148260005,2025-01-18 07:34:38
1,55.05935774703531,2025-01-18 07:34:38
1,76.98865703780038,2025-01-18 07:34:38
1,87.35825686500544,2025-01-18 07:34:38
1,45.23600197483364,2025-01-18 07:34:38
1,37.8442988460274,2025-01-18 07:34:38
1,21.655777269372685,2025-01-18 07:34:38
1,60.79527203830943,2025-01-18 07:34:38
1,90.91647709572571,2025-01-18 07:34:38
1,23.51297047215107,2025-01-18 07:34:38
1,95.10221375154441,2025-01-18 07:34:38
1,76.99060524480676,2025-01-18 07:34:38
1,99.3880588751628,2025-01-18 07:34:38
1,39.428354309313995,2025-01-18 07:34:38
1,25.334663072886574,2025-01-18 07:34:38
1,76.36934497467482,2025-01-18 07:34:38
1,29.85961436737158,2025-01-18 07:34:38
1,50.13840088982393,2025-01-18 07:34:38
1,59.16642271309922,2025-01-18 07:34:38
1,34.200827579948765,2025-01-18 07:34:38
1,25.442076109568326,2025-01-18 07:34:38
1,93.34621498236844,2025-01-18 07:34:38
1,33.569445138470485,2025-01-18 07:34:38
1,81.57060347047285,2025-01-18 07:34:38
1,37.64256647031259,2025-01-18 07:34:38
1,90.06087826281882,2025-01-18 07:34:38
1,99.0069937399146,2025-01-18 07:34:38
1,28.677603076547335,2025-01-18 07:34:38
1,29.28647562135194,2025-01-18 07:34:38
1,65.84746038277217,2025-01-18 07:34:38
1,79.40259595600642,2025-01-18 07:34:38
1,82.070202344982,2025-01-18 07:34:38
1,92.73338095871405,2025-01-18 07:34:38
1,83.15541040025077,2025-01-18 07:34:38
1,95.47764216087452,2025-01-18 07:34:38
1,33.14584105770015,2025-01-18 07:34:38
1,33.21994264765082,2025-01-18 07:34:38
1,26.21668475227225,2025-01-18 07:34:38
1,20.79666197204179,2025-01-18 07:34:38
1,26.14886513702153,2025-01-18 07:34:38
1,22.980945238939672,2025-01-18 07:34:38
1,50.77790098685786,2025-01-18 07:34:38
1,22.540865689698116,2025-01-18 07:34:38
1,23.869549483430088,2025-01-18 07:34:38
1,80.58319900086815,2025-01-18 07:34:38
1,66.43403705684024,2025-01-18 07:34:38
1,29.174181404012387,2025-01-18 07:34:38
1,66.10146758540357,2025-01-18 07:34:38
1,67.12353898822997,2025-01-18 07:34:38
1,51.9117453663131,2025-01-18 07:34:38
1,39.343515196065596,2025-01-18 07:34:38
1,70.6288123908468,2025-01-18 07:34:38
1,41.378918589401216,2025-01-18 07:34:38
1,47.09512255014509,2025-01-18 07:34:38
1,38.87915774585512,2025-01-18 07:34:38
1,58.470137915372014,2025-01-18 07:34:38
1,72.32521430391907,2025-01-18 07:34:38
1,34.15554456853077,2025-01-18 07:34:38
1,36.76020059611246,2025-01-18 07:34:38
1,53.425543227271525,2025-01-18 07:34:38
1,64.78944624690973,2025-01-18 07:34:38
1,53.24845404783738,2025-01-18 07:34:38
1,91.91023116966073,2025-01-18 07:34:38
1,42.974877966557614,2025-01-18 07:34:38
1,28.37856025088356,2025-01-18 07:34:38
1,38.516074466632276,2025-01-18 07:34:38
1,57.20372405342067,2025-01-18 07:34:38
1,53.16706089329397,2025-01-18 07:34:38
1,27.408938189894272,2025-01-18 07:34:38
1,93.93231656194425,2025-01-18 07:34:38
1,21.850036762581226,2025-01-18 07:34:38
1,73.39902535138215,2025-01-18 07:34:38
1,22.038575578897213,2025-01-18 07:34:38
1,62.59733344953743,2025-01-18 07:34:38
1,41.42051145949304,2025-01-18 07:34:38
1,22.785129550213412,2025-01-18 07:34:38
1,29.227121554688146,2025-01-18 07:34:38
1,78.17010643887133,2025-01-18 07:34:38
1,23.41234565273412,2025-01-18 07:34:38
1,91.04864014977467,2025-01-18 07:34:38
1,30.045008186792543,2025-01-18 07:34:38
1,68.87892015223558,2025-01-18 07:34:38
1,20.705333777488512,2025-01-18 07:34:38
1,54.28532701837427,2025-01-18 07:34:38
1,36.8445817535039,2025-01-18 07:34:38
1,86.86152093722276,2025-01-18 07:34:38
1,54.77269451389955,2025-01-18 07:34:38
1,58.71112793901257,2025-01-18 07:34:38
1,71.8610288359703,2025-01-18 07:34:38
1,65.98088139633595,2025-01-18 07:34:38
1,90.04640955211953,2025-01-18 07:34:38
1,64.64778082512923,2025-01-18 07:34:38
1,26.022797862044342,2025-01-18 07:34:38
1,22.227007623457247,2025-01-18 07:34:38
1,78.63794611800998,2025-01-18 07:34:38
1,57.22608906817422,2025-01-18 07:34:38
1,30.592501069272025,2025-01-18 07:34:38
1,43.64390419747872,2025-01-18 07:34:38
1,67.97279280818441,2025-01-18 07:34:38
1,79.62801263534473,2025-01-18 07:34:38
1,86.70755271018848,2025-01-18 07:34:38
1,42.04986892390579,2025-01-18 07:34:38
1,99.16246993792899,2025-01-18 07:34:38
1,51.034542973369376,2025-01-18 07:34:38
1,48.93941412371902,2025-01-18 07:34:38
1,87.62617774835878,2025-01-18 07:34:38
1,55.79888372300729,2025-01-18 07:34:38
1,72.9920420408393,2025-01-18 07:34:38
1,41.562263655961694,2025-01-18 07:34:38
1,32.29660544091846,2025-01-18 07:34:38
1,36.51558094060846,2025-01-18 07:34:38
1,21.921855388423488,2025-01-18 07:34:38
1,96.40021350863164,2025-01-18 07:34:38
1,53.35816645290605,2025-01-18 07:34:38
1,42.859512080076755,2025-01-18 07:34:38
1,81.087949767586,2025-01-18 07:34:38
1,52.88465122824984,2025-01-18 07:34:38
1,95.3426816417921,2025-01-18 07:34:38
1,36.91235767889043,2025-01-18 07:34:38
1,33.485809352053224,2025-01-18 07:34:38
1,41.33230163960594,2025-01-18 07:34:38
1,40.68379716236811,2025-01-18 07:34:38
1,27.761849328085617,2025-01-18 07:34:38
1,73.34958254915257,2025-01-18 07:34:38
1,78.26372143795578,2025-01-18 07:34:38
1,24.40515603895209,2025-01-18 07:34:38
1,92.95709982626494,2025-01-18 07:34:38
1,64.13060659071434,2025-01-18 07:34:38
1,83.37580179296296,2025-01-18 07:34:38
1,23.38369928844849,2025-01-18 07:34:38
1,69.19057464484965,2025-01-18 07:34:38
1,72.0267019263747,2025-01-18 07:34:38
1,62.65298904682854,2025-01-18 07:34:38
1,48.28309075659067,2025-01-18 07:34:38
1,73.87713784771262,2025-01-18 07:34:38
1,25.01433746379419,2025-01-18 07:34:38
1,72.97425481169138,2025-01-18 07:34:38
1,33.083371175999886,2025-01-18 07:34:38
1,29.194086658771052,2025-01-18 07:34:38
1,90.26056016609482,2025-01-18 07:34:38
1,32.65439091273488,2025-01-18 07:34:38
1,59.369614702249066,2025-01-18 07:34:38
1,27.229957923622983,2025-01-18 07:34:38
1,51.99770830079413,2025-01-18 07:34:38
1,66.27509751256548,2025-01-18 07:34:38
1,38.53302444160127,2025-01-18 07:34:38
1,76.1528523357344,2025-01-18 07:34:38
1,83.54751668744034,2025-01-18 07:34:38
1,24.391409307085723,2025-01-18 07:34:38
1,41.63222665148937,2025-01-18 07:34:38
1,75.43359964879582,2025-01-18 07:34:38
1,83.39579164034785,2025-01-18 07:34:38
1,62.88787583546608,2025-01-18 07:34:38
1,72.77151572460978,2025-01-18 07:34:38
1,64.9808625416847,2025-01-18 07:34:38
1,45.66250592405706,2025-01-18 07:34:38
1,61.61819728261851,2025-01-18 07:34:38
1,86.04718258152707,2025-01-18 07:34:38
1,50.531506230576454,2025-01-18 07:34:38
1,38.14778338599869,2025-01-18 07:34:38
1,58.0461202200273,2025-01-18 07:34:38
1,21.168341637141257,2025-01-18 07:34:38
1,94.87126349917827,2025-01-18 07:34:38
1,38.68954879150715,2025-01-18 07:34:38
1,39.234819453244256,2025-01-18 07:34:38
1,38.33065783912176,2025-01-18 07:34:38
1,77.33745371906996,2025-01-18 07:34:38
1,59.06904215818437,2025-01-18 07:34:38
1,49.97753334389376,2025-01-18 07:34:38
1,62.53765134667272,2025-01-18 07:34:38
1,91.92844407721681,2025-01-18 07:34:38
1,20.752499146518495,2025-01-18 07:34:38
1,98.38320741960483,2025-01-18 07:34:38
1,21.811384240771616,2025-01-18 07:34:38
1,31.23548970950945,2025-01-18 07:34:38
1,27.574170357891205,2025-01-18 07:34:38
1,53.48096729753581,2025-01-18 07:34:38
1,74.49737146709414,2025-01-18 07:34:38
1,56.166857784526854,2025-01-18 07:34:38
1,59.19341424448309,2025-01-18 07:34:38
1,82.94474998065452,2025-01-18 07:34:38
1,48.65209641233978,2025-01-18 07:34:38
1,91.30580635552175,2025-01-18 07:34:38
1,89.51668683284419,2025-01-18 07:34:38
1,49.888372628651645,2025-01-18 07:34:38
1,90.20300488812386,2025-01-18 07:34:38
1,43.882507911690105,2025-01-18 07:34:38
1,23.029350798194397,2025-01-18 07:34:38
1,63.892801645577855,2025-01-18 07:34:38
1,61.84779539240778,2025-01-18 07:34:38
1,39.90911887733094,2025-01-18 07:34:38
1,88.14867493442702,2025-01-18 07:34:38
1,82.79863501861448,2025-01-18 07:34:38
1,48.65844567010583,2025-01-18 07:34:38
1,22.359237892919275,2025-01-18 07:34:38
1,70.35513145803932,2025-01-18 07:34:38
1,34.61368392878669,2025-01-18 07:34:38
1,44.87022852696177,2025-01-18 07:34:38
1,48.22363737297945,2025-01-18 07:34:38
1,58.860678107748,2025-01-18 07:34:38
1,29.833727272263808,2025-01-18 07:34:38
1,51.49734085742281,2025-01-18 07:34:38
1,72.46100030994359,2025-01-18 07:34:38
1,44.37694610764916,2025-01-18 07:34:38
1,26.931055331660776,2025-01-18 07:34:38
1,24.70185935064439,2025-01-18 07:34:38
1,38.29704489854065,2025-01-18 07:34:38
1,53.71700111188146,2025-01-18 07:34:38
1,74.24899293543277,2025-01-18 07:34:38
1,67.81760274882913,2025-01-18 07:34:38
1,83.87179448031348,2025-01-18 07:34:38
1,91.38697655514392,2025-01-18 07:34:38
1,31.55318123789982,2025-01-18 07:34:38
1,88.17025075908218,2025-01-18 07:34:38
1,33.37645486204789,2025-01-18 07:34:38
1,99.44205152448903,2025-01-18 07:34:38
1,72.24221554856243,2025-01-18 07:34:38
1,60.28357634976585,2025-01-18 07:34:38
1,44.735006266509686,2025-01-18 07:34:38
1,31.829665379048695,2025-01-18 07:34:38
1,95.46271423198007,2025-01-18 07:34:38
1,30.56320113036147,2025-01-18 07:34:38
1,38.31857138302351,2025-01-18 07:34:38
1,21.1721994189383,2025-01-18 07:34:38
1,78.19246468074431,2025-01-18 07:34:38
1,48.838464517395465,2025-01-18 07:34:38
1,22.824040745486993,2025-01-18 07:34:38
1,88.04206312783784,2025-01-18 07:34:38
1,45.106483183512076,2025-01-18 07:34:38
1,42.07353880893483,2025-01-18 07:34:38
1,29.757237390958295,2025-01-18 07:34:38
1,20.676180749598572,2025-01-18 07:34:38
1,76.97722515812387,2025-01-18 07:34:38
1,88.43201376362127,2025-01-18 07:34:38
1,71.34389864087092,2025-01-18 07:34:38
1,52.32857892043186,2025-01-18 07:34:38
1,73.2431553848638,2025-01-18 07:34:38
1,62.54835548659181,2025-01-18 07:34:38
1,67.35154085981773,2025-01-18 07:34:38
1,92.00573467103678,2025-01-18 07:34:38
1,96.46805373577335,2025-01-18 07:34:38
1,99.05248174044513,2025-01-18 07:34:38
1,89.25242023227244,2025-01-18 07:34:38
1,32.162760586621914,2025-01-18 07:34:38
1,85.78040209880642,2025-01-18 07:34:38
1,22.2648341923861,2025-01-18 07:34:38
1,25.92508944424301,2025-01-18 07:34:38
1,22.13078346164138,2025-01-18 07:34:38
1,91.1161098098607,2025-01-18 07:34:38
1,76.94391086946464,2025-01-18 07:34:38
1,32.61533892329232,2025-01-18 07:34:38
1,27.844914028265507,2025-01-18 07:34:38
1,37.98954335736063,2025-01-18 07:34:38
1,65.76970356175835,2025-01-18 07:34:38
1,31.394137478496987,2025-01-18 07:34:38
1,66.57919221895821,2025-01-18 07:34:38
1,34.995192047691916,2025-01-18 07:34:38
1,52.857771430738296,2025-01-18 07:34:38
1,67.93227996865537,2025-01-18 07:34:38
1,33.20317523856592,2025-01-18 07:34:38
1,37.78295434826168,2025-01-18 07:34:38
1,22.302332926181645,2025-01-18 07:34:38
1,23.082726998507283,2025-01-18 07:34:38
1,85.55884266393046,2025-01-18 07:34:38
1,27.74265493934804,2025-01-18 07:34:38
1,87.30515563347694,2025-01-18 07:34:38
1,62.94729546055832,2025-01-18 07:34:38
1,32.87747587666204,2025-01-18 07:34:38
1,24.980832137511577,2025-01-18 07:34:38
1,98.75852799669887,2025-01-18 07:34:38
1,88.83825506945256,2025-01-18 07:34:38
1,79.77443049660874,2025-01-18 07:34:38
1,60.06626818178904,2025-01-18 07:34:38
1,66.26561502004958,2025-01-18 07:34:38
1,52.622158714334546,2025-01-18 07:34:38
1,58.284560169622736,2025-01-18 07:34:38
1,34.82777531438528,2025-01-18 07:34:38
1,53.397910038476226,2025-01-18 07:34:38
1,64.56343015284139,2025-01-18 07:34:38
1,80.82119261576919,2025-01-18 07:34:38
1,33.34041150768785,2025-01-18 07:34:38
1,52.83465913708725,2025-01-18 07:34:38
1,58.019669493471824,2025-01-18 07:34:38
1,60.802312516569444,2025-01-18 07:34:38
1,97.33349713854795,2025-01-18 07:34:38
1,65.08281033177076,2025-01-18 07:34:38
1,49.9415033420107,2025-01-18 07:34:38
1,37.91329433459243,2025-01-18 07:34:38
1,47.98342818848098,2025-01-18 07:34:38
1,55.36548955477937,2025-01-18 07:34:38
1,89.56362519204116,2025-01-18 07:34:38
1,95.27779998570051,2025-01-18 07:34:38
1,39.11031950703783,2025-01-18 07:34:38
1,21.873880317970187,2025-01-18 07:34:38
1,54.24796193163029,2025-01-18 07:34:38
1,79.54953075207936,2025-01-18 07:34:38
1,65.64518698165745,2025-01-18 07:34:38
1,58.386850275903896,2025-01-18 07:34:38
1,60.03521013767856,2025-01-18 07:34:38
1,30.270451454509182,2025-01-18 07:34:38
1,21.057789655500578,2025-01-18 07:34:38
1,60.42251129837024,2025-01-18 07:34:38
1,50.658957883816456,2025-01-18 07:34:38
1,25.758125822037208,2025-01-18 07:34:38
1,40.99255712802094,2025-01-18 07:34:38
1,20.934087273246867,2025-01-18 07:34:38
1,89.87954824279602,2025-01-18 07:34:38
1,80.39634685679273,2025-01-18 07:34:38
1,94.86220399111173,2025-01-18 07:34:38
1,37.02421092769107,2025-01-18 07:34:38
1,65.6070242984361,2025-01-18 07:34:38
1,97.30983499199829,2025-01-18 07:34:38
1,30.41819108358352,2025-01-18 07:34:38
1,23.106099723448253,2025-01-18 07:34:38
1,37.53219406952703,2025-01-18 07:34:38
1,52.44930376773601,2025-01-18 07:34:38
1,30.23770007341872,2025-01-18 07:34:38
1,89.57834228220337,2025-01-18 07:34:38
1,28.26840883998816,2025-01-18 07:34:38
1,67.01007958536115,2025-01-18 07:34:38
1,67.55047930318801,2025-01-18 07:34:38
1,72.87953241536755,2025-01-18 07:34:38
1,56.82019194685307,2025-01-18 07:34:38
1,80.46199430622374,2025-01-18 07:34:38
1,32.887721151882594,2025-01-18 07:34:38
1,52.58024458678876,2025-01-18 07:34:38
1,83.97176914007755,2025-01-18 07:34:38
1,65.84331996128573,2025-01-18 07:34:38
1,94.80603122617676,2025-01-18 07:34:38
1,80.6216771359706,2025-01-18 07:34:38
1,67.90994336201926,2025-01-18 07:34:38
1,49.4005406968075,2025-01-18 07:34:38
1,47.51143187663233,2025-01-18 07:34:38
1,57.642001384574215,2025-01-18 07:34:38
1,34.5148144550038,2025-01-18 07:34:38
1,85.45869205207163,2025-01-18 07:34:38
1,25.847795126419804,2025-01-18 07:34:38
1,77.15356578807652,2025-01-18 07:34:38
1,45.8312451676046,2025-01-18 07:34:38
1,60.571860467527465,2025-01-18 07:34:38
1,81.18138085599875,2025-01-18 07:34:38
1,66.85104019897523,2025-01-18 07:34:38
1,73.17237490439672,2025-01-18 07:34:38
1,96.15295283150628,2025-01-18 07:34:38
1,23.09570764722384,2025-01-18 07:34:38
1,34.21552880349733,2025-01-18 07:34:38
1,44.258002526841025,2025-01-18 07:34:38
1,66.67715578832168,2025-01-18 07:34:38
1,47.71446884803253,2025-01-18 07:34:38
1,29.385799144324665,2025-01-18 07:34:38
1,23.14840934666096,2025-01-18 07:34:38
1,21.764784039716005,2025-01-18 07:34:38
1,57.8096818645915,2025-01-18 07:34:38
1,91.4744000589306,2025-01-18 07:34:38
1,70.82588433681084,2025-01-18 07:34:38
1,39.15382998864733,2025-01-18 07:34:38
1,60.7932140110117,2025-01-18 07:34:38
1,41.55077999294712,2025-01-18 07:34:38
1,81.84537322726348,2025-01-18 07:34:38
1,53.051739800399496,2025-01-18 07:34:38
1,65.00769750090375,2025-01-18 07:34:38
1,61.249377022437734,2025-01-18 07:34:38
1,88.52735591175106,2025-01-18 07:34:38
1,37.62405618858647,2025-01-18 07:34:38
1,20.846062270553382,2025-01-18 07:34:38
1,52.703761630232464,2025-01-18 07:34:38
1,80.67293901600358,2025-01-18 07:34:38
1,79.61554998119863,2025-01-18 07:34:38
1,41.59283617707723,2025-01-18 07:34:38
1,25.344809966449304,2025-01-18 07:34:38
1,89.54613423204297,2025-01-18 07:34:38
1,76.25346210723566,2025-01-18 07:34:38
1,91.71046774509077,2025-01-18 07:34:38
1,32.39068520922952,2025-01-18 07:34:38
1,47.167260321722495,2025-01-18 07:34:38
1,79.0850595213227,2025-01-18 07:34:38
1,69.03676712309888,2025-01-18 07:34:38
1,93.84117351191082,2025-01-18 07:34:38
1,60.99590005401886,2025-01-18 07:34:38
1,56.50617478627754,2025-01-18 07:34:38
1,73.1694722380528,2025-01-18 07:34:38
1,93.06349163468612,2025-01-18 07:34:38
1,55.19868622257878,2025-01-18 07:34:38
1,58.55778524337606,2025-01-18 07:34:38
1,63.02919900808833,2025-01-18 07:34:38
1,28.66112996331121,2025-01-18 07:34:38
1,66.28055469838833,2025-01-18 07:34:38
1,81.30598181899066,2025-01-18 07:34:38
1,41.61397192797733,2025-01-18 07:34:38
1,53.93996994137773,2025-01-18 07:34:38
1,90.24316137980806,2025-01-18 07:34:38
1,89.6528475517809,2025-01-18 07:34:38
1,57.492977148110725,2025-01-18 07:34:38
1,23.46983024454115,2025-01-18 07:34:38
1,90.54755868836617,2025-01-18 07:34:38
1,70.58774441877434,2025-01-18 07:34:38
1,60.72110093615174,2025-01-18 07:34:38
1,83.56511990765351,2025-01-18 07:34:38
1,94.0583204145207,2025-01-18 07:34:38
1,78.44892039050261,2025-01-18 07:34:38
1,40.35430584442177,2025-01-18 07:34:38
1,21.140339368503362,2025-01-18 07:34:38
1,88.25451302313527,2025-01-18 07:34:38
1,39.44549622532022,2025-01-18 07:34:38
1,48.35475983471338,2025-01-18 07:34:38
1,81.58736666527113,2025-01-18 07:34:38
1,94.58247939153193,2025-01-18 07:34:38
1,90.21656435265344,2025-01-18 07:34:38
1,96.1612985951487,2025-01-18 07:34:38
1,77.18306440388525,2025-01-18 07:34:38
1,96.51667775916735,2025-01-18 07:34:38
1,40.708603526970336,2025-01-18 07:34:38
1,74.1297799122123,2025-01-18 07:34:38
1,43.63893749765828,2025-01-18 07:34:38
1,31.99285400764996,2025-01-18 07:34:38
1,37.12169707473091,2025-01-18 07:34:38
1,40.21419368989025,2025-01-18 07:34:38
1,89.56479695517403,2025-01-18 07:34:38
1,27.991504375311045,2025-01-18 07:34:38
1,57.943350414507215,2025-01-18 07:34:38
1,29.4846935554665,2025-01-18 07:34:38
1,29.899135401407378,2025-01-18 07:34:38
1,93.87805575991112,2025-01-18 07:34:38
1,59.694607210979605,2025-01-18 07:34:38
1,76.49374337148002,2025-01-18 07:34:38
1,22.92190063962415,2025-01-18 07:34:38
1,20.523635696205098,2025-01-18 07:34:38
1,35.03550404056742,2025-01-18 07:34:38
1,26.740353331728464,2025-01-18 07:34:38
1,85.34381747482837,2025-01-18 07:34:38
1,27.99829127999044,2025-01-18 07:34:38
1,56.678747871010714,2025-01-18 07:34:38
1,78.28627498514297,2025-01-18 07:34:38
1,24.372396021747463,2025-01-18 07:34:38
1,31.00232738127322,2025-01-18 07:34:38
1,24.463555619643273,2025-01-18 07:34:38
1,53.812034274918645,2025-01-18 07:34:38
1,39.399499576487464,2025-01-18 07:34:38
1,71.25256107970982,2025-01-18 07:34:38
1,78.60639610530714,2025-01-18 07:34:38
1,42.132627124761875,2025-01-18 07:34:38
1,54.53216094849012,2025-01-18 07:34:38
1,47.46115032873579,2025-01-18 07:34:38
1,39.098209538412654,2025-01-18 07:34:38
1,90.67779488773164,2025-01-18 07:34:38
1,57.29206089531488,2025-01-18 07:34:38
1,23.22713652075923,2025-01-18 07:34:38
1,75.27937965704099,2025-01-18 07:34:38
1,65.7667045342946,2025-01-18 07:34:38
1,24.92036760454985,2025-01-18 07:34:38
1,23.38376242924859,2025-01-18 07:34:38
1,52.37163963573931,2025-01-18 07:34:38
1,24.935168381516036,2025-01-18 07:34:38
1,35.44591867322151,2025-01-18 07:34:38
1,95.0168989528542,2025-01-18 07:34:38
1,44.45775172867251,2025-01-18 07:34:38
1,76.07236768244047,2025-01-18 07:34:38
1,70.33889087474643,2025-01-18 07:34:38
1,31.226248005744523,2025-01-18 07:34:38
1,65.75723123348668,2025-01-18 07:34:38
1,48.314354240946315,2025-01-18 07:34:38
1,75.72285007296036,2025-01-18 07:34:38
1,52.25005417804522,2025-01-18 07:34:38
1,69.01057232277984,2025-01-18 07:34:38
1,30.597807000535518,2025-01-18 07:34:38
1,85.98858186929726,2025-01-18 07:34:38
1,58.097608903301264,2025-01-18 07:34:38
1,78.39273445480003,2025-01-18 07:34:38
1,58.11774893547319,2025-01-18 07:34:38
1,38.1160861082882,2025-01-18 07:34:38
1,91.38816193490301,2025-01-18 07:34:38
1,65.0068793616501,2025-01-18 07:34:38
1,87.56386806998444,2025-01-18 07:34:38
1,32.25574384014394,2025-01-18 07:34:38
1,47.49183057679632,2025-01-18 07:34:38
1,33.70876273614623,2025-01-18 07:34:38
1,85.14795191970853,2025-01-18 07:34:38
1,61.64421477236519,2025-01-18 07:34:38
1,24.2384948880471,2025-01-18 07:34:38
1,38.09824022140505,2025-01-18 07:34:38
1,45.547573931759686,2025-01-18 07:34:38
1,93.5806509161884,2025-01-18 07:34:38
1,34.08319092455987,2025-01-18 07:34:38
1,23.456952172857164,2025-01-18 07:34:38
1,60.9664313254391,2025-01-18 07:34:38
1,36.65981360156512,2025-01-18 07:34:38
1,31.009618235220458,2025-01-18 07:34:38
1,86.44698217652073,2025-01-18 07:34:38
1,24.33735500629595,2025-01-18 07:34:38
1,73.25243049088905,2025-01-18 07:34:38
1,94.92845219853093,2025-01-18 07:34:38
1,25.61721861061298,2025-01-18 07:34:38
1,38.568439687442506,2025-01-18 07:34:38
1,83.55896721014008,2025-01-18 07:34:38
1,82.0518058978864,2025-01-18 07:34:38
1,43.89555194039317,2025-01-18 07:34:38
1,23.457004694918922,2025-01-18 07:34:38
1,37.7898868930476,2025-01-18 07:34:38
1,71.67530595478797,2025-01-18 07:34:38
1,66.75952271143925,2025-01-18 07:34:38
1,73.74492995221361,2025-01-18 07:34:38
1,65.11787445366635,2025-01-18 07:34:38
1,29.750919703065726,2025-01-18 07:34:38
1,94.29480767700035,2025-01-18 07:34:38
1,44.8250953733117,2025-01-18 07:34:38
1,61.60915897511668,2025-01-18 07:34:38
1,31.974367083703576,2025-01-18 07:34:38
1,78.69934700443469,2025-01-18 07:34:38
1,46.45566527383578,2025-01-18 07:34:38
1,42.58034885013916,2025-01-18 07:34:38
1,42.57916699009343,2025-01-18 07:34:38
1,74.29793393898056,2025-01-18 07:34:38
1,98.20282376047716,2025-01-18 07:34:38
1,85.05976419239074,2025-01-18 07:34:38
1,52.94631834889786,2025-01-18 07:34:38
1,66.77875163524696,2025-01-18 07:34:38
1,96.47243305139475,2025-01-18 07:34:38
1,86.20555997990225,2025-01-18 07:34:38
1,40.424862597935274,2025-01-18 07:34:38
1,57.82401441072642,2025-01-18 07:34:38
1,87.20936367146723,2025-01-18 07:34:38
1,82.35510899259623,2025-01-18 07:34:38
1,87.66048046831108,2025-01-18 07:34:38
1,43.98263427026514,2025-01-18 07:34:38
1,22.52120513031275,2025-01-18 07:34:38
1,97.4957146430158,2025-01-18 07:34:38
1,31.014631008152556,2025-01-18 07:34:38
1,93.07540150028808,2025-01-18 07:34:38
1,24.394179994415666,2025-01-18 07:34:38
1,42.28461823562996,2025-01-18 07:34:38
1,51.7883553792063,2025-01-18 07:34:38
1,49.196712098071856,2025-01-18 07:34:38
1,88.06924470509404,2025-01-18 07:34:38
1,90.50781127100328,2025-01-18 07:34:38
1,62.41909979524769,2025-01-18 07:34:38
1,94.12742224431213,2025-01-18 07:34:38
1,30.707874424284913,2025-01-18 07:34:38
1,26.36464084985297,2025-01-18 07:34:38
1,43.759626739161995,2025-01-18 07:34:38
1,39.01416231885469,2025-01-18 07:34:38
1,20.65101667231052,2025-01-18 07:34:38
1,84.99919178142231,2025-01-18 07:34:38
1,29.115811169149303,2025-01-18 07:34:38
1,79.06674258391214,2025-01-18 07:34:38
1,89.50367407696292,2025-01-18 07:34:38
1,79.13088154436448,2025-01-18 07:34:38
1,70.02387813422862,2025-01-18 07:34:38
1,89.28752127724398,2025-01-18 07:34:38
1,75.33544220036397,2025-01-18 07:34:38
1,22.822292857179463,2025-01-18 07:34:38
1,24.67848554447963,2025-01-18 07:34:38
1,63.208151092246226,2025-01-18 07:34:38
1,63.34455641242592,2025-01-18 07:34:38
1,50.61806688306956,2025-01-18 07:34:38
1,97.42069045147598,2025-01-18 07:34:38
1,23.4171900774015,2025-01-18 07:34:38
1,49.95762700429004,2025-01-18 07:34:38
1,50.360128079976505,2025-01-18 07:34:38
1,43.94357898115564,2025-01-18 07:34:38
1,83.55703031984199,2025-01-18 07:34:38
1,88.79289538421406,2025-01-18 07:34:38
1,44.0351864534461,2025-01-18 07:34:38
1,38.78060147896793,2025-01-18 07:34:38
1,58.79822287587815,2025-01-18 07:34:38
1,30.74880701725985,2025-01-18 07:34:38
1,73.80796860576109,2025-01-18 07:34:38
1,95.85610942145546,2025-01-18 07:34:38
1,86.7201189671318,2025-01-18 07:34:38
1,98.52561634215162,2025-01-18 07:34:38
1,52.46005304386868,2025-01-18 07:34:38
1,72.87440978785109,2025-01-18 07:34:38
1,66.84087663854326,2025-01-18 07:34:38
1,28.11572687173691,2025-01-18 07:34:38
1,58.413290664324116,2025-01-18 07:34:38
1,79.75778139058444,2025-01-18 07:34:38
1,92.14396738187392,2025-01-18 07:34:38
1,28.241113095563595,2025-01-18 07:34:38
1,26.821545819832913,2025-01-18 07:34:38
1,98.8291406287108,2025-01-18 07:34:38
1,44.59241270764466,2025-01-18 07:34:38
1,72.78678118343574,2025-01-18 07:34:38
1,36.81182968266239,2025-01-18 07:34:38
1,74.57832297511666,2025-01-18 07:34:38
1,74.15495385864614,2025-01-18 07:34:38
1,85.204902559067,2025-01-18 07:34:38
1,73.85698970262067,2025-01-18 07:34:38
1,67.18583017397083,2025-01-18 07:34:38
1,91.6144871913278,2025-01-18 07:34:38
1,77.37383129938615,2025-01-18 07:34:38
1,45.558512700932745,2025-01-18 07:34:38
1,57.99112282784908,2025-01-18 07:34:38
1,20.876915040831754,2025-01-18 07:34:38
1,59.35465876070808,2025-01-18 07:34:38
1,75.40675939883496,2025-01-18 07:34:38
1,54.184341427228446,2025-01-18 07:34:38
1,21.887259060405064,2025-01-18 07:34:38
1,31.553745778819795,2025-01-18 07:34:38
1,35.98134722619826,2025-01-18 07:34:38
1,66.6895822949098,2025-01-18 07:34:38
1,92.16435001162799,2025-01-18 07:34:38
1,85.6359168433286,2025-01-18 07:34:38
1,33.274065067538096,2025-01-18 07:34:38
1,21.362524071796827,2025-01-18 07:34:38
1,81.07359103068758,2025-01-18 07:34:38
1,41.59962472991376,2025-01-18 07:34:38
1,24.807996293792883,2025-01-18 07:34:38
1,52.62910011126914,2025-01-18 07:34:38
1,29.945991104879237,2025-01-18 07:34:38
1,81.01268051014802,2025-01-18 07:34:38
1,71.17215249787951,2025-01-18 07:34:38
1,22.334486388355792,2025-01-18 07:34:38
1,49.019366666916014,2025-01-18 07:34:38
1,39.6914612415712,2025-01-18 07:34:38
1,73.60875892386207,2025-01-18 07:34:38
1,68.54476157135828,2025-01-18 07:34:38
1,45.44636900445227,2025-01-18 07:34:38
1,47.79792184181964,2025-01-18 07:34:38
1,92.35653782909182,2025-01-18 07:34:38
1,30.057363207460675,2025-01-18 07:34:38
1,96.29037701106172,2025-01-18 07:34:38
1,72.86751178380288,2025-01-18 07:34:38
1,97.90341608078839,2025-01-18 07:34:38
1,60.323430938825624,2025-01-18 07:34:38
1,87.65964022028206,2025-01-18 07:34:38
1,60.008764124462424,2025-01-18 07:34:38
1,74.69885899278242,2025-01-18 07:34:38
1,97.41455038597073,2025-01-18 07:34:38
1,82.39472446379668,2025-01-18 07:34:38
1,98.80250154368224,2025-01-18 07:34:38
1,98.51876855351242,2025-01-18 07:34:38
1,43.34569067211714,2025-01-18 07:34:38
1,46.24484410751978,2025-01-18 07:34:38
1,64.11697609768977,2025-01-18 07:34:38
1,54.83963619285947,2025-01-18 07:34:38
1,46.61826330933046,2025-01-18 07:34:38
1,56.885698522654096,2025-01-18 07:34:38
1,39.642058480646384,2025-01-18 07:34:38
1,46.46790966096169,2025-01-18 07:34:38
1,57.587730541506275,2025-01-18 07:34:38
1,68.35440663235651,2025-01-18 07:34:38
1,64.98553301245653,2025-01-18 07:34:38
1,72.40466078454837,2025-01-18 07:34:38
1,95.8560072188597,2025-01-18 07:34:38
1,33.8625952291827,2025-01-18 07:34:38
1,60.17788416561019,2025-01-18 07:34:38
1,30.456730392624003,2025-01-18 07:34:38
1,48.83608496256905,2025-01-18 07:34:38
1,84.82240086305306,2025-01-18 07:34:38
1,98.55233816470064,2025-01-18 07:34:38
1,59.3294347348309,2025-01-18 07:34:38
1,27.22618512188464,2025-01-18 07:34:38
1,58.19587109342698,2025-01-18 07:34:38
1,38.86231720092293,2025-01-18 07:34:38
1,94.74055633487914,2025-01-18 07:34:38
1,72.50066411203008,2025-01-18 07:34:38
1,98.20234037912701,2025-01-18 07:34:38
1,48.48041054150912,2025-01-18 07:34:38
1,88.02432813121769,2025-01-18 07:34:38
1,69.13516937213791,2025-01-18 07:34:38
1,74.36969807232236,2025-01-18 07:34:38
1,70.74804386671096,2025-01-18 07:34:38
1,54.46275263835485,2025-01-18 07:34:38
1,52.97765884887056,2025-01-18 07:34:38
1,77.00867267851717,2025-01-18 07:34:38
1,67.58262217682059,2025-01-18 07:34:38
1,31.103801842413603,2025-01-18 07:34:38
1,99.821936920926,2025-01-18 07:34:38
1,89.96368475251651,2025-01-18 07:34:38
1,67.45356247379465,2025-01-18 07:34:38
1,50.39600736212225,2025-01-18 07:34:38
1,59.59760660695865,2025-01-18 07:34:38
1,62.640400727601346,2025-01-18 07:34:38
1,83.34054888206805,2025-01-18 07:34:38
1,48.91469207073687,2025-01-18 07:34:38
1,97.06275432009237,2025-01-18 07:34:38
1,23.56605823673383,2025-01-18 07:34:38
1,88.55186964368546,2025-01-18 07:34:38
1,53.05367872443065,2025-01-18 07:34:38
1,96.84734567201693,2025-01-18 07:34:38
1,94.25628567977398,2025-01-18 07:34:38
1,76.74553590239827,2025-01-18 07:34:38
1,71.8284804767789,2025-01-18 07:34:38
1,58.81938949168887,2025-01-18 07:34:38
1,45.363645264380324,2025-01-18 07:34:38
1,39.87998471272573,2025-01-18 07:34:38
1,41.20909145330232,2025-01-18 07:34:38
1,69.52282758253993,2025-01-18 07:34:38
1,73.77726734489653,2025-01-18 07:34:38
1,80.98105589472073,2025-01-18 07:34:38
1,20.67132475927199,2025-01-18 07:34:38
1,62.2545790595976,2025-01-18 07:34:38
1,39.16588126982754,2025-01-18 07:34:38
1,60.844480282450526,2025-01-18 07:34:38
1,87.48142692201402,2025-01-18 07:34:38
1,54.96458174965077,2025-01-18 07:34:38
1,24.99575513955478,2025-01-18 07:34:38
1,40.99282942674985,2025-01-18 07:34:38
1,72.82052058681501,2025-01-18 07:34:38
1,89.55393614398325,2025-01-18 07:34:38
1,36.02798454811125,2025-01-18 07:34:38
1,74.16040031327209,2025-01-18 07:34:38
1,53.80353926876318,2025-01-18 07:34:38
1,25.77908980506571,2025-01-18 07:34:38
1,49.441459184921854,2025-01-18 07:34:38
1,97.80798880414942,2025-01-18 07:34:38
1,52.725050726934846,2025-01-18 07:34:38
1,96.42224725708427,2025-01-18 07:34:38
1,62.331191053744305,2025-01-18 07:34:38
1,35.196661869050715,2025-01-18 07:34:38
1,59.69276801199647,2025-01-18 07:34:38
1,90.79199362282677,2025-01-18 07:34:38
1,56.579766948422645,2025-01-18 07:34:38
1,75.2471171460526,2025-01-18 07:34:38
1,45.67782009656967,2025-01-18 07:34:38
1,26.329009033928603,2025-01-18 07:34:38
1,67.90125536026494,2025-01-18 07:34:38
1,29.140713102079907,2025-01-18 07:34:38
1,46.33736052348126,2025-01-18 07:34:38
1,34.72513291935528,2025-01-18 07:34:38
1,73.58883912323292,2025-01-18 07:34:38
1,80.18750040368252,2025-01-18 07:34:38
1,92.51266459305997,2025-01-18 07:34:38
1,24.853164389450146,2025-01-18 07:34:38
1,66.20507554853201,2025-01-18 07:34:38
1,54.14119986651908,2025-01-18 07:34:38
1,38.46431535508061,2025-01-18 07:34:38
1,80.81224475136133,2025-01-18 07:34:38
1,95.19877011235398,2025-01-18 07:34:38
1,20.236065356312906,2025-01-18 07:34:38
1,71.74936900378273,2025-01-18 07:34:38
1,81.08260744482031,2025-01-18 07:34:38
1,40.000018233807886,2025-01-18 07:34:38
1,86.85787555194605,2025-01-18 07:34:38
1,56.37706331241513,2025-01-18 07:34:38
1,79.16881435960887,2025-01-18 07:34:38
1,84.23170120033907,2025-01-18 07:34:38
1,51.41006209105327,2025-01-18 07:34:38
1,59.609583231225855,2025-01-18 07:34:38
1,27.94676512005423,2025-01-18 07:34:38
1,72.55584863418036,2025-01-18 07:34:38
1,47.52549387721639,2025-01-18 07:34:38
1,54.48697396129858,2025-01-18 07:34:38
1,86.177103423648,2025-01-18 07:34:38
1,78.56471288069196,2025-01-18 07:34:38
1,40.54616318800102,2025-01-18 07:34:38
1,73.68744965605802,2025-01-18 07:34:38
1,22.236069211650758,2025-01-18 07:34:38
1,86.99837155803789,2025-01-18 07:34:38
1,94.82656381524117,2025-01-18 07:34:38
1,60.36243491656852,2025-01-18 07:34:38
1,20.048182872245476,2025-01-18 07:34:38
1,77.84632546547286,2025-01-18 07:34:38
1,72.32579899888715,2025-01-18 07:34:38
1,78.83103648616805,2025-01-18 07:34:38
1,67.21863681129219,2025-01-18 07:34:38
1,79.29905702108157,2025-01-18 07:34:38
1,22.472494211757528,2025-01-18 07:34:38
1,40.126056221988875,2025-01-18 07:34:38
1,21.59703699202904,2025-01-18 07:34:38
1,35.81066329649785,2025-01-18 07:34:38
1,57.682466420828,2025-01-18 07:34:38
1,53.60919827804519,2025-01-18 07:34:38
1,90.29838563218983,2025-01-18 07:34:38
1,71.99047631892348,2025-01-18 07:34:38
1,38.02948887269,2025-01-18 07:34:38
1,59.428150420711304,2025-01-18 07:34:38
1,41.19817423476162,2025-01-18 07:34:38
1,76.87080200052264,2025-01-18 07:34:38
1,87.18057677077482,2025-01-18 07:34:38
1,22.04739219945946,2025-01-18 07:34:38
1,95.7284236456935,2025-01-18 07:34:38
1,44.74500973490598,2025-01-18 07:34:38
1,56.88192538048874,2025-01-18 07:34:38
1,90.39155024503788,2025-01-18 07:34:38
1,88.03736821933414,2025-01-18 07:34:38
1,73.55731593687597,2025-01-18 07:34:38
1,73.61412111344524,2025-01-18 07:34:38
1,41.178028106521936,2025-01-18 07:34:38
1,29.074451559537913,2025-01-18 07:34:38
1,30.87744605275897,2025-01-18 07:34:38
1,67.93835728631956,2025-01-18 07:34:38
1,64.82765643711764,2025-01-18 07:34:38
1,60.589295345238654,2025-01-18 07:34:38
1,95.2556705823868,2025-01-18 07:34:38
1,83.55000124847498,2025-01-18 07:34:38
1,53.40380760458612,2025-01-18 07:34:38
1,66.61861959645043,2025-01-18 07:34:38
1,25.91432539008668,2025-01-18 07:34:38
1,89.1740882532002,2025-01-18 07:34:38
1,26.3985233908784,2025-01-18 07:34:38
1,35.52680929993108,2025-01-18 07:34:38
1,88.6299409416919,2025-01-18 07:34:38
1,77.98354138491064,2025-01-18 07:34:38
1,91.18280363606176,2025-01-18 07:34:38
1,79.08367914638389,2025-01-18 07:34:38
1,97.79975009785358,2025-01-18 07:34:38
1,24.075518984994666,2025-01-18 07:34:38
1,98.29515799172572,2025-01-18 07:34:38
1,82.84754390202075,2025-01-18 07:34:38
1,80.92248364120215,2025-01-18 07:34:38
1,54.7549385225254,2025-01-18 07:34:38
1,74.82103549165126,2025-01-18 07:34:38
1,93.77853087299778,2025-01-18 07:34:38
1,44.16359067298253,2025-01-18 07:34:38
1,74.45640380287092,2025-01-18 07:34:38
1,86.65605927817657,2025-01-18 07:34:38
1,82.6481865266388,2025-01-18 07:34:38
1,41.17181725194102,2025-01-18 07:34:38
1,85.66186805119032,2025-01-18 07:34:38
1,21.209522103338454,2025-01-18 07:34:38
1,28.332777289739546,2025-01-18 07:34:38
1,81.8397921568831,2025-01-18 07:34:38
1,98.86115768293394,2025-01-18 07:34:38
1,44.7582183808982,2025-01-18 07:34:38
1,85.17187797552336,2025-01-18 07:34:38
1,75.14262964124583,2025-01-18 07:34:38
1,65.43592024648584,2025-01-18 07:34:38
1,91.64960157418523,2025-01-18 07:34:38
1,98.36037343568343,2025-01-18 07:34:38
1,61.60933180967668,2025-01-18 07:34:38
1,34.399052363517065,2025-01-18 07:34:38
1,66.82681606284187,2025-01-18 07:34:38
1,69.85485640594223,2025-01-18 07:34:38
1,28.48906028837547,2025-01-18 07:34:38
1,62.138856580488444,2025-01-18 07:34:38
1,96.08553494131202,2025-01-18 07:34:38
1,82.27133789907384,2025-01-18 07:34:38
1,30.750989027794915,2025-01-18 07:34:38
1,65.01831368231854,2025-01-18 07:34:38
1,79.36116004280035,2025-01-18 07:34:38
1,58.67327089594352,2025-01-18 07:34:38
1,20.98272758736222,2025-01-18 07:34:38
1,95.77956562184153,2025-01-18 07:34:38
1,83.8830586506479,2025-01-18 07:34:38
1,67.6589694266787,2025-01-18 07:34:38
1,89.05286998964296,2025-01-18 07:34:38
1,41.646777673277036,2025-01-18 07:34:38
1,95.48054240198974,2025-01-18 07:34:38
1,75.2175859965945,2025-01-18 07:34:38
1,25.757188823919563,2025-01-18 07:34:38
1,73.9572501922088,2025-01-18 07:34:38
1,62.63720450006051,2025-01-18 07:34:38
1,74.73618855827601,2025-01-18 07:34:38
1,65.61309725529617,2025-01-18 07:34:38
1,55.34426232883285,2025-01-18 07:34:38
1,44.038201082947595,2025-01-18 07:34:38
1,90.36207703230903,2025-01-18 07:34:38
1,86.87562462326196,2025-01-18 07:34:38
1,53.96248633847371,2025-01-18 07:34:38
1,80.74582642838655,2025-01-18 07:34:38
1,33.32626391867427,2025-01-18 07:34:38
1,33.61610301447094,2025-01-18 07:34:38
1,66.35036905900753,2025-01-18 07:34:38
1,61.20934429331706,2025-01-18 07:34:38
1,94.80000748100879,2025-01-18 07:34:38
1,92.8331727892641,2025-01-18 07:34:38
1,79.61023355369983,2025-01-18 07:34:38
1,94.18276872066566,2025-01-18 07:34:38
1,45.67680479670714,2025-01-18 07:34:38
1,98.22890900332736,2025-01-18 07:34:38
1,55.28268720377472,2025-01-18 07:34:38
1,28.1518267052863,2025-01-18 07:34:38
1,56.551349134261756,2025-01-18 07:34:38
1,51.523343605215956,2025-01-18 07:34:38
1,80.43744907592168,2025-01-18 07:34:38
1,42.50942685861539,2025-01-18 07:34:38
1,80.06501332024534,2025-01-18 07:34:38
1,57.799223045959785,2025-01-18 07:34:38
1,50.73371846113655,2025-01-18 07:34:38
1,71.86496185374673,2025-01-18 07:34:38
1,80.86841275393276,2025-01-18 07:34:38
1,82.91522669880649,2025-01-18 07:34:38
1,24.95987213430346,2025-01-18 07:34:38
1,62.30851012085776,2025-01-18 07:34:38
1,59.346618756859954,2025-01-18 07:34:38
1,23.59764059806558,2025-01-18 07:34:38
1,50.79255604293106,2025-01-18 07:34:38
1,50.8229433542043,2025-01-18 07:34:38
1,26.217611989586167,2025-01-18 07:34:38
1,55.69186919313536,2025-01-18 07:34:38
1,25.08915077088539,2025-01-18 07:34:38
1,58.61135117268987,2025-01-18 07:34:38
1,72.42139086201021,2025-01-18 07:34:38
1,88.42953393973538,2025-01-18 07:34:38
1,66.87392705884227,2025-01-18 07:34:38
1,53.78596933388095,2025-01-18 07:34:38
1,92.56300882606757,2025-01-18 07:34:38
1,56.88827023864807,2025-01-18 07:34:38
1,63.69029220124511,2025-01-18 07:34:38
1,83.72458746748143,2025-01-18 07:34:38
1,81.77901865516543,2025-01-18 07:34:38
1,29.338704478854297,2025-01-18 07:34:38
1,29.1113304055264,2025-01-18 07:34:38
1,76.63569885033596,2025-01-18 07:34:38
1,26.22483341956731,2025-01-18 07:34:38
1,51.39717508423257,2025-01-18 07:34:38
1,74.05411407141139,2025-01-18 07:34:38
1,89.88605448126322,2025-01-18 07:34:38
1,80.22484625150602,2025-01-18 07:34:38
1,90.54651656794506,2025-01-18 07:34:38
1,64.95843363237202,2025-01-18 07:34:38
1,24.119121573638942,2025-01-18 07:34:38
1,60.266752653827105,2025-01-18 07:34:38
1,78.41666109690343,2025-01-18 07:34:38
1,31.334629157393348,2025-01-18 07:34:38
1,58.76662605084881,2025-01-18 07:34:38
1,77.91106792421104,2025-01-18 07:34:38
1,82.65390099986074,2025-01-18 07:34:38
1,23.334527435252532,2025-01-18 07:34:38
1,73.85493356903422,2025-01-18 07:34:38
1,91.71226456945072,2025-01-18 07:34:38
1,81.14075538820944,2025-01-18 07:34:38
1,95.8231331208927,2025-01-18 07:34:38
1,95.24898935599843,2025-01-18 07:34:38
1,36.74816421092921,2025-01-18 07:34:38
1,72.49653282395609,2025-01-18 07:34:38
1,52.2831866683153,2025-01-18 07:34:38
1,76.71976978554717,2025-01-18 07:34:38
1,23.79468972043928,2025-01-18 07:34:38
1,40.61194030086489,2025-01-18 07:34:38
1,36.10267126216237,2025-01-18 07:34:38
1,27.54041951633492,2025-01-18 07:34:38
1,56.63133033101221,2025-01-18 07:34:38
1,58.38152058571694,2025-01-18 07:34:38
1,57.365964130635554,2025-01-18 07:34:38
1,34.02589593526557,2025-01-18 07:34:38
1,31.849120252019027,2025-01-18 07:34:38
1,55.04519374835709,2025-01-18 07:34:38
1,79.74564085629169,2025-01-18 07:34:38
1,49.73198717792849,2025-01-18 07:34:38
1,63.58456045721133,2025-01-18 07:34:38
1,46.43154573427977,2025-01-18 07:34:38
1,33.71765585042933,2025-01-18 07:34:38
1,85.47011105553572,2025-01-18 07:34:38
1,23.86548461046217,2025-01-18 07:34:38
1,66.07429289140659,2025-01-18 07:34:38
1,85.96498320307413,2025-01-18 07:34:38
1,26.98881481064033,2025-01-18 07:34:38
1,76.36303114346543,2025-01-18 07:34:38
1,51.32775137037746,2025-01-18 07:34:38
1,79.3991108553364,2025-01-18 07:34:38
1,78.47638469213284,2025-01-18 07:34:38
1,50.72679659730315,2025-01-18 07:34:38
1,69.97122278486145,2025-01-18 07:34:38
1,45.412876758079534,2025-01-18 07:34:38
1,49.62537882054839,2025-01-18 07:34:38
1,68.46826397652342,2025-01-18 07:34:38
1,45.87164017830146,2025-01-18 07:34:38
1,77.53532338277194,2025-01-18 07:34:38
1,74.3931627577077,2025-01-18 07:34:38
1,55.853553395922106,2025-01-18 07:34:38
1,28.54976379952425,2025-01-18 07:34:38
1,58.749003607359704,2025-01-18 07:34:38
1,32.71115390575864,2025-01-18 07:34:38
1,36.87536282558579,2025-01-18 07:34:38
1,32.42490457921459,2025-01-18 07:34:38
1,85.7520134794382,2025-01-18 07:34:38
1,88.38943587042483,2025-01-18 07:34:38
1,77.56754005660574,2025-01-18 07:34:38
1,67.50796120876524,2025-01-18 07:34:38
1,47.20861945556547,2025-01-18 07:34:38
1,83.787427869408,2025-01-18 07:34:38
1,63.55774192604105,2025-01-18 07:34:38
1,56.1897776535849,2025-01-18 07:34:38
1,80.92357746564959,2025-01-18 07:34:38
1,78.19483824419038,2025-01-18 07:34:38
1,96.1863599058655,2025-01-18 07:34:38
1,56.462081634702265,2025-01-18 07:34:38
1,69.8047392426505,2025-01-18 07:34:38
1,32.1562786891051,2025-01-18 07:34:38
1,40.022557812452355,2025-01-18 07:34:38
1,59.33869325754895,2025-01-18 07:34:38
1,47.37154136502013,2025-01-18 07:34:38
1,69.48394218517905,2025-01-18 07:34:38
1,28.976445524967993,2025-01-18 07:34:38
1,72.59200152700487,2025-01-18 07:34:38
1,85.18197231739401,2025-01-18 07:34:38
1,39.57498893778996,2025-01-18 07:34:38
1,36.6631672830065,2025-01-18 07:34:38
1,40.3455963011525,2025-01-18 07:34:38
1,82.4418668873675,2025-01-18 07:34:38
1,77.17641056252546,2025-01-18 07:34:38
1,86.7616637035767,2025-01-18 07:34:38
1,98.11953991063761,2025-01-18 07:34:38
1,52.47042905119902,2025-01-18 07:34:38
1,72.33433691879686,2025-01-18 07:34:38
1,90.08254808166627,2025-01-18 07:34:38
1,22.346358744246217,2025-01-18 07:34:38
1,75.9426525099114,2025-01-18 07:34:38
1,58.29105067699211,2025-01-18 07:34:38
1,20.00046758537449,2025-01-18 07:34:38
1,27.201397499359405,2025-01-18 07:34:38
1,79.73377930910259,2025-01-18 07:34:38
1,46.11755543304652,2025-01-18 07:34:38
1,87.8026771475923,2025-01-18 07:34:38
1,98.38048388268432,2025-01-18 07:34:38
1,74.2603702482345,2025-01-18 07:34:38
1,35.70227042954444,2025-01-18 07:34:38
1,79.01730436508134,2025-01-18 07:34:38
1,29.08521778758142,2025-01-18 07:34:38
1,86.2340521196411,2025-01-18 07:34:38
1,73.53741956015858,2025-01-18 07:34:38
1,24.83754050513309,2025-01-18 07:34:38
1,70.5037056053294,2025-01-18 07:34:38
1,37.86303365296192,2025-01-18 07:34:38
1,21.99304992995004,2025-01-18 07:34:38
1,55.032526336114856,2025-01-18 07:34:38
1,95.81664224865204,2025-01-18 07:34:38
1,20.253532056930716,2025-01-18 07:34:38
1,76.71976031995072,2025-01-18 07:34:38
1,51.40437377583089,2025-01-18 07:34:38
1,54.86368257169515,2025-01-18 07:34:38
1,50.09007968173739,2025-01-18 07:34:38
1,38.764391792121565,2025-01-18 07:34:38
1,27.603042716231457,2025-01-18 07:34:38
1,67.484978703533,2025-01-18 07:34:38
1,58.75483933729738,2025-01-18 07:34:38
1,44.73499754949202,2025-01-18 07:34:38
1,22.145405514473183,2025-01-18 07:34:38
1,44.73946719052109,2025-01-18 07:34:38
1,27.728120816114963,2025-01-18 07:34:38
1,62.70812963359905,2025-01-18 07:34:38
1,25.311260859680154,2025-01-18 07:34:38
1,44.160044049599364,2025-01-18 07:34:38
1,21.899151385898783,2025-01-18 07:34:38
1,35.8657949647846,2025-01-18 07:34:38
1,52.28386697553219,2025-01-18 07:34:38
1,97.65151056024783,2025-01-18 07:34:38
1,88.36452355968919,2025-01-18 07:34:38
1,82.90184237475559,2025-01-18 07:34:38
1,26.627043776572854,2025-01-18 07:34:38
1,53.66982837547974,2025-01-18 07:34:38
1,22.0594304276527,2025-01-18 07:34:38
1,41.51349800069295,2025-01-18 07:34:38
1,28.444400316371556,2025-01-18 07:34:38
1,86.14348960338445,2025-01-18 07:34:38
1,51.43650237994475,2025-01-18 07:34:38
1,86.29235874203425,2025-01-18 07:34:38
1,67.17367459226651,2025-01-18 07:34:38
1,49.55956733146718,2025-01-18 07:34:38
1,41.993707969555345,2025-01-18 07:34:38
1,65.78934167163825,2025-01-18 07:34:38
1,27.001294480905507,2025-01-18 07:34:38
1,36.68094552496579,2025-01-18 07:34:38
1,51.65311754012096,2025-01-18 07:34:38
1,37.844350513586626,2025-01-18 07:34:38
1,87.0278738851831,2025-01-18 07:34:38
1,87.38274994100692,2025-01-18 07:34:38
1,99.45642698209505,2025-01-18 07:34:38
1,49.82340616365204,2025-01-18 07:34:38
1,36.03300581834474,2025-01-18 07:34:38
1,79.07881427421563,2025-01-18 07:34:38
1,72.50875915082399,2025-01-18 07:34:38
1,71.14732119673087,2025-01-18 07:34:38
1,36.975358516254914,2025-01-18 07:34:38
1,99.73272980700077,2025-01-18 07:34:38
1,88.03041943544338,2025-01-18 07:34:38
1,76.17312994528312,2025-01-18 07:34:38
1,84.5539094464504,2025-01-18 07:34:38
1,45.74404915572106,2025-01-18 07:34:38
1,50.40064009482575,2025-01-18 07:34:38
1,63.69922045250527,2025-01-18 07:34:38
1,66.5495228408208,2025-01-18 07:34:38
1,42.562385051092576,2025-01-18 07:34:38
1,39.0242296243167,2025-01-18 07:34:38
1,95.64627885369978,2025-01-18 07:34:38
1,92.29857154077567,2025-01-18 07:34:38
1,71.25716042174453,2025-01-18 07:34:38
1,67.3422932603863,2025-01-18 07:34:38
1,77.70765003926758,2025-01-18 07:34:38
1,25.09567314400803,2025-01-18 07:34:38
1,84.77629760048066,2025-01-18 07:34:38
1,56.19683595769571,2025-01-18 07:34:38
1,48.742189338629814,2025-01-18 07:34:38
1,62.10651878479381,2025-01-18 07:34:38
1,52.37263906572406,2025-01-18 07:34:38
1,41.2710895787881,2025-01-18 07:34:38
1,21.64748935460721,2025-01-18 07:34:38
1,79.0585545464214,2025-01-18 07:34:38
1,91.2529458776896,2025-01-18 07:34:38
1,23.27717459323906,2025-01-18 07:34:38
1,24.652940086626096,2025-01-18 07:34:38
1,60.24586979798567,2025-01-18 07:34:38
1,22.63316187793655,2025-01-18 07:34:38
1,83.22732937226475,2025-01-18 07:34:38
1,72.37827969954037,2025-01-18 07:34:38
1,23.272000310913114,2025-01-18 07:34:38
1,21.517499439468068,2025-01-18 07:34:38
1,58.35004327593388,2025-01-18 07:34:38
1,49.98554254939988,2025-01-18 07:34:38
1,28.232885433045396,2025-01-18 07:34:38
1,95.29762571653058,2025-01-18 07:34:38
1,98.22535936201282,2025-01-18 07:34:38
1,64.55329300323757,2025-01-18 07:34:38
1,89.5234451018522,2025-01-18 07:34:38
1,62.51247517104691,2025-01-18 07:34:38
1,49.553845781414765,2025-01-18 07:34:38
1,62.157553854332264,2025-01-18 07:34:38
1,57.10056502393424,2025-01-18 07:34:38
1,73.06766947805143,2025-01-18 07:34:38
1,87.87817879923914,2025-01-18 07:34:38
1,63.247849106143775,2025-01-18 07:34:38
1,32.270120956042156,2025-01-18 07:34:38
1,87.16682276318213,2025-01-18 07:34:38
1,94.14892942369443,2025-01-18 07:34:38
1,86.87064341064493,2025-01-18 07:34:38
1,27.902508250724036,2025-01-18 07:34:38
1,31.53829676457341,2025-01-18 07:34:38
1,28.469989191169482,2025-01-18 07:34:38
1,51.407997965725365,2025-01-18 07:34:38
1,23.653326295792194,2025-01-18 07:34:38
1,65.18871627289568,2025-01-18 07:34:38
1,32.32626364822582,2025-01-18 07:34:38
1,29.179858833489362,2025-01-18 07:34:38
1,71.17594714121702,2025-01-18 07:34:38
1,79.91651830122693,2025-01-18 07:34:38
1,23.48101665178912,2025-01-18 07:34:38
1,30.724519474271776,2025-01-18 07:34:38
1,85.50128629502251,2025-01-18 07:34:38
1,87.85310672679019,2025-01-18 07:34:38
1,70.59281665365967,2025-01-18 07:34:38
1,73.32340295362351,2025-01-18 07:34:38
1,57.485086400367706,2025-01-18 07:34:38
1,96.94289740710727,2025-01-18 07:34:38
1,99.1105232973849,2025-01-18 07:34:38
1,44.272075736489036,2025-01-18 07:34:38
1,62.40100032984611,2025-01-18 07:34:38
1,79.05103480944,2025-01-18 07:34:38
1,36.158736449421376,2025-01-18 07:34:38
1,56.93021613343425,2025-01-18 07:34:38
1,77.87605609032691,2025-01-18 07:34:38
1,59.7074363026777,2025-01-18 07:34:38
1,34.33951233680816,2025-01-18 07:34:38
1,58.61387534888842,2025-01-18 07:34:38
1,79.9361188503697,2025-01-18 07:34:38
1,37.69044629768676,2025-01-18 07:34:38
1,31.301194146519666,2025-01-18 07:34:38
1,70.1977954506587,2025-01-18 07:34:38
1,43.16398511814877,2025-01-18 07:34:38
1,26.561200433974214,2025-01-18 07:34:38
1,38.10996551383822,2025-01-18 07:34:38
1,65.34318920261003,2025-01-18 07:34:38
1,94.47564024195113,2025-01-18 07:34:38
1,95.8275078183812,2025-01-18 07:34:38
1,92.68099620382267,2025-01-18 07:34:38
1,69.94069932908977,2025-01-18 07:34:38
1,43.798747142277094,2025-01-18 07:34:38
1,67.73039278838624,2025-01-18 07:34:38
1,56.176864346014185,2025-01-18 07:34:38
1,93.57672473943705,2025-01-18 07:34:38
1,89.88441420702077,2025-01-18 07:34:38
1,92.48346996523347,2025-01-18 07:34:38
1,47.14041598325349,2025-01-18 07:34:38
1,36.483591594966086,2025-01-18 07:34:38
1,33.632748576565206,2025-01-18 07:34:38
1,58.796229054531885,2025-01-18 07:34:38
1,97.68666542563187,2025-01-18 07:34:38
1,87.0392040581831,2025-01-18 07:34:38
1,73.78216292823718,2025-01-18 07:34:38
1,64.33017369724547,2025-01-18 07:34:38
1,67.77249187226519,2025-01-18 07:34:38
1,47.15688147429304,2025-01-18 07:34:38
1,98.65576223875708,2025-01-18 07:34:38
1,42.288504790073205,2025-01-18 07:34:38
1,26.82422978713033,2025-01-18 07:34:38
1,46.00777974642132,2025-01-18 07:34:38
1,67.52417317784571,2025-01-18 07:34:38
1,45.44611316569795,2025-01-18 07:34:38
1,64.8596557916532,2025-01-18 07:34:38
1,58.46083445320563,2025-01-18 07:34:38
1,73.3775338078688,2025-01-18 07:34:38
1,91.52737373171422,2025-01-18 07:34:38
1,49.889583335123014,2025-01-18 07:34:38
1,72.7301622423013,2025-01-18 07:34:38
1,56.38223298783713,2025-01-18 07:34:38
1,26.295030720030688,2025-01-18 07:34:38
1,43.11619491171044,2025-01-18 07:34:38
1,91.8763688414688,2025-01-18 07:34:38
1,61.776268981898106,2025-01-18 07:34:38
1,44.12584026553145,2025-01-18 07:34:38
1,35.242896501209415,2025-01-18 07:34:38
1,45.796470080287996,2025-01-18 07:34:38
1,36.41850884150134,2025-01-18 07:34:38
1,23.119390226779004,2025-01-18 07:34:38
1,77.11798887448758,2025-01-18 07:34:38
1,99.34063994645174,2025-01-18 07:34:38
1,94.01085627937809,2025-01-18 07:34:38
1,81.65220374547538,2025-01-18 07:34:38
1,38.18311095027607,2025-01-18 07:34:38
1,40.98620404061286,2025-01-18 07:34:38
1,22.797792512822266,2025-01-18 07:34:38
1,35.824188105420596,2025-01-18 07:34:38
1,24.22796263928098,2025-01-18 07:34:38
1,20.42211035068357,2025-01-18 07:34:38
1,70.25116048434342,2025-01-18 07:34:38
1,66.03580662017177,2025-01-18 07:34:38
1,60.02872889368881,2025-01-18 07:34:38
1,33.15216783157139,2025-01-18 07:34:38
1,94.8750516054156,2025-01-18 07:34:38
1,28.244720553956626,2025-01-18 07:34:38
1,66.91516236492421,2025-01-18 07:34:38
1,61.950109913986836,2025-01-18 07:34:38
1,50.813257812519446,2025-01-18 07:34:38
1,32.60506568360218,2025-01-18 07:34:38
1,70.60449812307809,2025-01-18 07:34:38
1,88.19689118310244,2025-01-18 07:34:38
1,93.70888005043325,2025-01-18 07:34:38
1,79.10530347622756,2025-01-18 07:34:38
1,89.25357542219629,2025-01-18 07:34:38
1,99.5200619332169,2025-01-18 07:34:38
1,83.06443715442242,2025-01-18 07:34:38
1,49.037071263269624,2025-01-18 07:34:38
1,74.34597512141679,2025-01-18 07:34:38
1,84.42418516363905,2025-01-18 07:34:38
1,97.26876005468255,2025-01-18 07:34:38
1,58.53343626064421,2025-01-18 07:34:38
1,80.9398504518901,2025-01-18 07:34:38
1,74.68859258544185,2025-01-18 07:34:38
1,58.89335631524763,2025-01-18 07:34:38
1,27.071690787172145,2025-01-18 07:34:38
1,95.76115701984831,2025-01-18 07:34:38
1,63.26629455480338,2025-01-18 07:34:38
1,62.74878138439162,2025-01-18 07:34:38
1,63.49203612887625,2025-01-18 07:34:38
1,45.40561062574209,2025-01-18 07:34:38
1,59.368086455790234,2025-01-18 07:34:38
1,82.64614612395292,2025-01-18 07:34:38
1,67.17859432211115,2025-01-18 07:34:38
1,44.6384917641913,2025-01-18 07:34:38
1,67.49048908830842,2025-01-18 07:34:38
1,52.782867499566144,2025-01-18 07:34:38
1,84.2314399005062,2025-01-18 07:34:38
1,91.5582528856246,2025-01-18 07:34:38
1,24.272373353170682,2025-01-18 07:34:38
1,70.45109484437062,2025-01-18 07:34:38
1,71.6717576006927,2025-01-18 07:34:38
1,89.93751639243406,2025-01-18 07:34:38
1,93.41327015622893,2025-01-18 07:34:38
1,20.751208249815356,2025-01-18 07:34:38
1,41.33253962942107,2025-01-18 07:34:38
1,93.70255633252118,2025-01-18 07:34:38
1,57.897145028344966,2025-01-18 07:34:38
1,67.69370054294842,2025-01-18 07:34:38
1,28.352207991185665,2025-01-18 07:34:38
1,67.99692509819138,2025-01-18 07:34:38
1,32.593612057510086,2025-01-18 07:34:38
1,34.965491283009335,2025-01-18 07:34:38
1,99.75714516746433,2025-01-18 07:34:38
1,31.685607453563122,2025-01-18 07:34:38
1,75.24129021268793,2025-01-18 07:34:38
1,81.36283027338249,2025-01-18 07:34:38
1,55.83414155611139,2025-01-18 07:34:38
1,87.36525929417603,2025-01-18 07:34:38
1,50.196304538231885,2025-01-18 07:34:38
1,41.920491317765794,2025-01-18 07:34:38
1,52.34182968239761,2025-01-18 07:34:38
1,48.269303878552776,2025-01-18 07:34:38
1,90.45508446431691,2025-01-18 07:34:38
1,72.49369380595898,2025-01-18 07:34:38
1,90.59945510462101,2025-01-18 07:34:38
1,94.68760328939227,2025-01-18 07:34:38
1,72.0449389248538,2025-01-18 07:34:38
1,71.698631865681,2025-01-18 07:34:38
1,88.1734140256552,2025-01-18 07:34:38
1,60.463869476506645,2025-01-18 07:34:38
1,54.007355374389704,2025-01-18 07:34:38
1,78.10342311567615,2025-01-18 07:34:38
1,56.328526524404964,2025-01-18 07:34:38
1,88.53420143031767,2025-01-18 07:34:38
1,62.22946836450588,2025-01-18 07:34:38
1,85.43592536361507,2025-01-18 07:34:38
1,25.850501189107415,2025-01-18 07:34:38
1,52.30099995592247,2025-01-18 07:34:38
1,36.71134663074106,2025-01-18 07:34:38
1,34.723552856245774,2025-01-18 07:34:38
1,51.02146927680814,2025-01-18 07:34:38
1,83.38400882605882,2025-01-18 07:34:38
1,52.2510721129583,2025-01-18 07:34:38
1,87.88699041104266,2025-01-18 07:34:38
1,58.45282976608634,2025-01-18 07:34:38
1,47.31353420169188,2025-01-18 07:34:38
1,44.466073130323444,2025-01-18 07:34:38
1,23.26786544140104,2025-01-18 07:34:38
1,99.69142966577999,2025-01-18 07:34:38
1,39.142157235819724,2025-01-18 07:34:38
1,51.54750276780203,2025-01-18 07:34:38
1,94.68751493520168,2025-01-18 07:34:38
1,26.75815457168983,2025-01-18 07:34:38
1,60.60972272318679,2025-01-18 07:34:38
1,63.31545227673953,2025-01-18 07:34:38
1,49.865240355708984,2025-01-18 07:34:38
1,41.58722770987488,2025-01-18 07:34:38
1,43.319842555340095,2025-01-18 07:34:38
1,93.7325157050197,2025-01-18 07:34:38
1,65.82556226985243,2025-01-18 07:34:38
1,46.98431362701232,2025-01-18 07:34:38
1,38.293606889315825,2025-01-18 07:34:38
1,80.48845852310063,2025-01-18 07:34:38
1,58.52025564649763,2025-01-18 07:34:38
1,41.05422692282846,2025-01-18 07:34:38
1,29.584030959395456,2025-01-18 07:34:38
1,27.307800279120098,2025-01-18 07:34:38
1,64.10125405699331,2025-01-18 07:34:38
1,25.52295690225136,2025-01-18 07:34:38
1,26.937141886217695,2025-01-18 07:34:38
1,49.500748732716986,2025-01-18 07:34:38
1,90.79956769288822,2025-01-18 07:34:38
1,74.00390124844829,2025-01-18 07:34:38
1,31.826336734404688,2025-01-18 07:34:38
1,34.29633810294965,2025-01-18 07:34:38
1,94.87109111255761,2025-01-18 07:34:38
1,81.99883300459378,2025-01-18 07:34:38
1,35.538161875873655,2025-01-18 07:34:38
1,73.47044208070139,2025-01-18 07:34:38
1,42.876429875995605,2025-01-18 07:34:38
1,94.45015304415521,2025-01-18 07:34:38
1,56.57382121858072,2025-01-18 07:34:38
1,86.38909101910714,2025-01-18 07:34:38
1,38.06550179353047,2025-01-18 07:34:38
1,72.59784640604153,2025-01-18 07:34:38
1,73.68743856306082,2025-01-18 07:34:38
1,96.33353461593238,2025-01-18 07:34:38
1,79.21288749224327,2025-01-18 07:34:38
1,61.750059797267156,2025-01-18 07:34:38
1,40.29928941181843,2025-01-18 07:34:38
1,39.14100089455806,2025-01-18 07:34:38
1,97.85007122992849,2025-01-18 07:34:38
1,68.36158449889008,2025-01-18 07:34:38
1,54.631094719504325,2025-01-18 07:34:38
1,52.62253053830547,2025-01-18 07:34:38
1,46.41273543907169,2025-01-18 07:34:38
1,22.278017182445566,2025-01-18 07:34:38
1,78.59221368822904,2025-01-18 07:34:38
1,59.094664134634876,2025-01-18 07:34:38
1,59.198863042700594,2025-01-18 07:34:38
1,84.61962582983234,2025-01-18 07:34:38
1,42.69340889867762,2025-01-18 07:34:38
1,42.65001600808094,2025-01-18 07:34:38
1,80.26415743242652,2025-01-18 07:34:38
1,60.66324572903074,2025-01-18 07:34:38
1,85.81847182372253,2025-01-18 07:34:38
1,32.299618437670155,2025-01-18 07:34:38
1,91.04949715644503,2025-01-18 07:34:38
1,71.27306794961339,2025-01-18 07:34:38
1,80.24993689192726,2025-01-18 07:34:38
1,56.54841474129224,2025-01-18 07:34:38
1,80.85419946334767,2025-01-18 07:34:38
1,93.45571483322156,2025-01-18 07:34:38
1,87.88206515875743,2025-01-18 07:34:38
1,52.458600482976976,2025-01-18 07:34:38
1,48.53800768832108,2025-01-18 07:34:38
1,89.77177868498396,2025-01-18 07:34:38
1,85.7590049613088,2025-01-18 07:34:38
1,94.51206439217164,2025-01-18 07:34:38
1,84.75775310740366,2025-01-18 07:34:38
1,25.026274244377902,2025-01-18 07:34:38
1,47.82348380903937,2025-01-18 07:34:38
1,84.80535830992008,2025-01-18 07:34:38
1,49.251349895947286,2025-01-18 07:34:38
1,81.40876621189341,2025-01-18 07:34:38
1,31.90053633649371,2025-01-18 07:34:38
1,36.58778362202103,2025-01-18 07:34:38
1,80.65841514574336,2025-01-18 07:34:38
1,70.43723326286553,2025-01-18 07:34:38
1,75.61999111400408,2025-01-18 07:34:38
1,24.670266827962877,2025-01-18 07:34:38
1,58.738029892244434,2025-01-18 07:34:38
1,67.40216342411912,2025-01-18 07:34:38
1,90.55851155013883,2025-01-18 07:34:38
1,98.23225126065199,2025-01-18 07:34:38
1,88.63280774632594,2025-01-18 07:34:38
1,82.90817338119246,2025-01-18 07:34:38
1,84.46235127925478,2025-01-18 07:34:38
1,20.615809547326116,2025-01-18 07:34:38
1,57.74381629085142,2025-01-18 07:34:38
1,58.801331805756064,2025-01-18 07:34:38
1,84.93957827354407,2025-01-18 07:34:38
1,45.800861791625714,2025-01-18 07:34:38
1,74.31978953886947,2025-01-18 07:34:38
1,53.12681796671549,2025-01-18 07:34:38
1,56.39632444853143,2025-01-18 07:34:38
1,46.5328965508416,2025-01-18 07:34:38
1,34.60154784217262,2025-01-18 07:34:38
1,87.34001154968783,2025-01-18 07:34:38
1,47.58610186081516,2025-01-18 07:34:38
1,23.72513738305394,2025-01-18 07:34:38
1,72.73921491567815,2025-01-18 07:34:38
1,54.30502317360699,2025-01-18 07:34:38
1,71.54777581778221,2025-01-18 07:34:38
1,87.79506748360126,2025-01-18 07:34:38
1,46.92019724355167,2025-01-18 07:34:38
1,87.62763128567681,2025-01-18 07:34:38
1,25.344555458103073,2025-01-18 07:34:38
1,73.26065806893328,2025-01-18 07:34:38
1,27.357774440726146,2025-01-18 07:34:38
1,79.8796315796357,2025-01-18 07:34:38
1,81.71234646273757,2025-01-18 07:34:38
1,55.37964620691444,2025-01-18 07:34:38
1,51.31206316157217,2025-01-18 07:34:38
1,78.5532589059944,2025-01-18 07:34:38
1,76.8856819835392,2025-01-18 07:34:38
1,37.07788246269844,2025-01-18 07:34:38
1,99.93396590979366,2025-01-18 07:34:38
1,77.80360058645289,2025-01-18 07:34:38
1,86.26511568148102,2025-01-18 07:34:38
1,73.93760199113254,2025-01-18 07:34:38
1,35.62009130063782,2025-01-18 07:34:38
1,43.58484933043299,2025-01-18 07:34:38
1,40.72281518056866,2025-01-18 07:34:38
1,20.12140188611733,2025-01-18 07:34:38
1,91.72559923330168,2025-01-18 07:34:38
1,27.727833698378106,2025-01-18 07:34:38
1,84.9788233177299,2025-01-18 07:34:38
1,38.79869672521052,2025-01-18 07:34:38
1,71.45051292624737,2025-01-18 07:34:38
1,99.161054599625,2025-01-18 07:34:38
1,50.766126730596795,2025-01-18 07:34:38
1,92.93494548694783,2025-01-18 07:34:38
1,78.84666325654112,2025-01-18 07:34:38
1,23.39954250345557,2025-01-18 07:34:38
1,25.166694647588752,2025-01-18 07:34:38
1,64.48718478853783,2025-01-18 07:34:38
1,43.02036138170642,2025-01-18 07:34:38
1,72.56722211281284,2025-01-18 07:34:38
1,74.42778513978107,2025-01-18 07:34:38
1,93.00832105393805,2025-01-18 07:34:38
1,48.915887817706334,2025-01-18 07:34:38
1,68.20530943377649,2025-01-18 07:34:38
1,23.094542822696013,2025-01-18 07:34:38
1,24.064599856213835,2025-01-18 07:34:38
1,76.29712741671841,2025-01-18 07:34:38
1,77.568952225799,2025-01-18 07:34:38
1,26.142527847018506,2025-01-18 07:34:38
1,76.80826119720996,2025-01-18 07:34:38
1,30.18303271176851,2025-01-18 07:34:38
1,77.44979079326512,2025-01-18 07:34:38
1,25.11782668926986,2025-01-18 07:34:38
1,62.8314796898689,2025-01-18 07:34:38
1,23.073229238232464,2025-01-18 07:34:38
1,26.58599933844541,2025-01-18 07:34:38
1,91.88417335754431,2025-01-18 07:34:38
1,27.94743514087844,2025-01-18 07:34:38
1,21.8671859071696,2025-01-18 07:34:38
1,90.77768122065345,2025-01-18 07:34:38
1,38.172285810242826,2025-01-18 07:34:38
1,72.4228641001853,2025-01-18 07:34:38
1,34.635835310939136,2025-01-18 07:34:38
1,30.63072854852144,2025-01-18 07:34:38
1,91.31101251166253,2025-01-18 07:34:38
1,32.30444214651452,2025-01-18 07:34:38
1,98.62659320700584,2025-01-18 07:34:38
1,87.6555627982366,2025-01-18 07:34:38
1,45.063953410110926,2025-01-18 07:34:38
1,44.66349702184129,2025-01-18 07:34:38
1,22.736538632104974,2025-01-18 07:34:38
1,44.15886119409353,2025-01-18 07:34:38
1,52.485141097952464,2025-01-18 07:34:38
1,99.49647799591447,2025-01-18 07:34:38
1,54.736984606679584,2025-01-18 07:34:38
1,37.132532900979314,2025-01-18 07:34:38
1,79.60195381872249,2025-01-18 07:34:38
1,74.52581639328321,2025-01-18 07:34:38
1,40.37896482585686,2025-01-18 07:34:38
1,71.9997880984084,2025-01-18 07:34:38
1,68.59699741682118,2025-01-18 07:34:38
1,97.41665135734168,2025-01-18 07:34:38
1,90.98866029059425,2025-01-18 07:34:38
1,51.598049528273215,2025-01-18 07:34:38
1,52.09782928362724,2025-01-18 07:34:38
1,69.81606507988772,2025-01-18 07:34:38
1,84.39999628180014,2025-01-18 07:34:38
1,28.18141895253156,2025-01-18 07:34:38
1,59.151394399842516,2025-01-18 07:34:38
1,95.7823194691222,2025-01-18 07:34:38
1,26.200247370211702,2025-01-18 07:34:38
1,23.11536536967455,2025-01-18 07:34:38
1,26.68049185330539,2025-01-18 07:34:38
1,58.23735850710672,2025-01-18 07:34:38
1,65.37852796879393,2025-01-18 07:34:38
1,67.07445546400349,2025-01-18 07:34:38
1,47.29577884458287,2025-01-18 07:34:38
1,91.44761018732343,2025-01-18 07:34:38
1,23.266894718975895,2025-01-18 07:34:38
1,42.86635461893488,2025-01-18 07:34:38
1,59.846934979697586,2025-01-18 07:34:38
1,84.67431335575002,2025-01-18 07:34:38
1,42.18307345696224,2025-01-18 07:34:38
1,84.72995490663712,2025-01-18 07:34:38
1,45.70578476241807,2025-01-18 07:34:38
1,82.53489242431516,2025-01-18 07:34:38
1,38.03878385859267,2025-01-18 07:34:38
1,62.19679288932828,2025-01-18 07:34:38
1,47.29155864652154,2025-01-18 07:34:38
1,82.98687989151715,2025-01-18 07:34:38
1,41.058706255757976,2025-01-18 07:34:38
1,27.297167426155184,2025-01-18 07:34:38
1,54.45039677995225,2025-01-18 07:34:38
1,92.94244626638347,2025-01-18 07:34:38
1,34.45729732764776,2025-01-18 07:34:38
1,34.08288147576996,2025-01-18 07:34:38
1,82.71986904654992,2025-01-18 07:34:38
1,58.071346817973826,2025-01-18 07:34:38
1,25.10708480123786,2025-01-18 07:34:38
1,42.15735478582726,2025-01-18 07:34:38
1,53.184038721069264,2025-01-18 07:34:38
1,75.57207766289784,2025-01-18 07:34:38
1,73.33699862892439,2025-01-18 07:34:38
1,76.50211559454539,2025-01-18 07:34:38
1,22.992692670959222,2025-01-18 07:34:38
1,98.56124192855061,2025-01-18 07:34:38
1,61.93126492490333,2025-01-18 07:34:38
1,43.36007855687019,2025-01-18 07:34:38
1,65.34669506569921,2025-01-18 07:34:38
1,52.751734228906884,2025-01-18 07:34:38
1,78.27574568202579,2025-01-18 07:34:38
1,34.228213130820976,2025-01-18 07:34:38
1,85.88341772049893,2025-01-18 07:34:38
1,66.56969836679974,2025-01-18 07:34:38
1,58.54244170820168,2025-01-18 07:34:38
1,89.9346672472222,2025-01-18 07:34:38
1,42.07083970648511,2025-01-18 07:34:38
1,82.65576856722384,2025-01-18 07:34:38
1,99.4083492198276,2025-01-18 07:34:38
1,59.15767390898016,2025-01-18 07:34:38
1,64.25960618520506,2025-01-18 07:34:38
1,65.30378013858461,2025-01-18 07:34:38
1,64.87369975493539,2025-01-18 07:34:38
1,96.8448123732245,2025-01-18 07:34:38
1,29.696812835329467,2025-01-18 07:34:38
1,56.153191810992176,2025-01-18 07:34:38
1,57.886212034709885,2025-01-18 07:34:38
1,72.51426350829261,2025-01-18 07:34:38
1,28.588130172560717,2025-01-18 07:34:38
1,64.0029779037935,2025-01-18 07:34:38
1,35.81955146189099,2025-01-18 07:34:38
1,20.669518131532733,2025-01-18 07:34:38
1,24.97758163164964,2025-01-18 07:34:38
1,42.623375653599176,2025-01-18 07:34:38
1,20.215281210982337,2025-01-18 07:34:38
1,35.50945621905652,2025-01-18 07:34:38
1,84.92737616182389,2025-01-18 07:34:38
1,46.53985549987307,2025-01-18 07:34:38
1,25.247770996278174,2025-01-18 07:34:38
1,77.13981662050931,2025-01-18 07:34:38
1,29.45650920713281,2025-01-18 07:34:38
1,91.40704838893127,2025-01-18 07:34:38
1,58.48638030569194,2025-01-18 07:34:38
1,74.99631658364805,2025-01-18 07:34:38
1,44.97316132624303,2025-01-18 07:34:38
1,88.63592681153459,2025-01-18 07:34:38
1,20.315859080644092,2025-01-18 07:34:38
1,32.69349785254013,2025-01-18 07:34:38
1,83.63457310226818,2025-01-18 07:34:38
1,43.58910481232047,2025-01-18 07:34:38
1,75.61244587000452,2025-01-18 07:34:38
1,37.17614643527544,2025-01-18 07:34:38
1,71.201244944879,2025-01-18 07:34:38
1,43.535753146005824,2025-01-18 07:34:38
1,62.19818375790456,2025-01-18 07:34:38
1,43.08035247009883,2025-01-18 07:34:38
1,97.77115892181713,2025-01-18 07:34:38
1,49.8005034717722,2025-01-18 07:34:38
1,42.64090189570866,2025-01-18 07:34:38
1,83.01812991892466,2025-01-18 07:34:38
1,54.62862192719676,2025-01-18 07:34:38
1,28.580694835059795,2025-01-18 07:34:38
1,73.01829033992726,2025-01-18 07:34:38
1,88.72068269272705,2025-01-18 07:34:38
1,66.47120850010894,2025-01-18 07:34:38
1,82.5938762179953,2025-01-18 07:34:38
1,79.65538667097525,2025-01-18 07:34:38
1,48.140745091272386,2025-01-18 07:34:38
1,98.90465152860067,2025-01-18 07:34:38
1,95.31924111840013,2025-01-18 07:34:38
1,83.22248864731372,2025-01-18 07:34:38
1,48.53029915683378,2025-01-18 07:34:38
1,27.271391217849814,2025-01-18 07:34:38
1,73.7261752185205,2025-01-18 07:34:38
1,71.92387316440748,2025-01-18 07:34:38
1,83.22703464973637,2025-01-18 07:34:38
1,61.49278275373875,2025-01-18 07:34:38
1,57.580452046248745,2025-01-18 07:34:38
1,61.38992104888155,2025-01-18 07:34:38
1,21.19371495171727,2025-01-18 07:34:38
1,36.600165642921674,2025-01-18 07:34:38
1,81.21568324716733,2025-01-18 07:34:38
1,31.944651257461707,2025-01-18 07:34:38
1,94.89275646999151,2025-01-18 07:34:38
1,25.01543043326493,2025-01-18 07:34:38
1,30.836943997696444,2025-01-18 07:34:38
1,78.40185298225771,2025-01-18 07:34:38
1,55.46700222279053,2025-01-18 07:34:38
1,70.89817643522039,2025-01-18 07:34:38
1,90.17527582774677,2025-01-18 07:34:38
1,21.9429268729081,2025-01-18 07:34:38
1,83.5427317501193,2025-01-18 07:34:38
1,48.02856019598666,2025-01-18 07:34:38
1,38.31530936290938,2025-01-18 07:34:38
1,33.38515829952289,2025-01-18 07:34:38
1,25.926803919284698,2025-01-18 07:34:38
1,79.9415728302759,2025-01-18 07:34:38
1,28.582941514764588,2025-01-18 07:34:38
1,28.908707298457053,2025-01-18 07:34:38
1,65.22443691069213,2025-01-18 07:34:38
1,77.14885036549964,2025-01-18 07:34:38
1,51.2962897454803,2025-01-18 07:34:38
1,65.7930583216914,2025-01-18 07:34:38
1,43.43739308601638,2025-01-18 07:34:38
1,54.31261696171823,2025-01-18 07:34:38
1,25.851976328082813,2025-01-18 07:34:38
1,33.52674196714182,2025-01-18 07:34:38
1,83.27013878852453,2025-01-18 07:34:38
1,42.077195902323524,2025-01-18 07:34:38
1,27.297778986523173,2025-01-18 07:34:38
1,98.09972219169268,2025-01-18 07:34:38
1,65.79566496030822,2025-01-18 07:34:38
1,69.21093948227181,2025-01-18 07:34:38
1,57.11669350637468,2025-01-18 07:34:38
1,70.82867568415227,2025-01-18 07:34:38
1,88.70544410350631,2025-01-18 07:34:38
1,68.61348963389617,2025-01-18 07:34:38
1,68.13500989767236,2025-01-18 07:34:38
1,61.46038301136229,2025-01-18 07:34:38
1,40.8051200628631,2025-01-18 07:34:38
1,99.48551752156384,2025-01-18 07:34:38
1,49.22543856669406,2025-01-18 07:34:38
1,89.10728139081323,2025-01-18 07:34:38
1,49.58334192573295,2025-01-18 07:34:38
1,98.39347308267,2025-01-18 07:34:38
1,48.47158613301115,2025-01-18 07:34:38
1,35.07771785202426,2025-01-18 07:34:38
1,68.5782245517739,2025-01-18 07:34:38
1,45.73654386418865,2025-01-18 07:34:38
1,28.154500694314216,2025-01-18 07:34:38
1,70.26314696789854,2025-01-18 07:34:38
1,62.999496929155576,2025-01-18 07:34:38
1,84.69227085889854,2025-01-18 07:34:38
1,95.40570434429848,2025-01-18 07:34:38
1,62.876821198266384,2025-01-18 07:34:38
1,42.30519259896799,2025-01-18 07:34:38
1,96.67509801371364,2025-01-18 07:34:38
1,35.71504713349242,2025-01-18 07:34:38
1,79.00452512269842,2025-01-18 07:34:38
1,22.44476091114543,2025-01-18 07:34:38
1,82.24831715313229,2025-01-18 07:34:38
1,56.938034741129606,2025-01-18 07:34:38
1,56.353893350797044,2025-01-18 07:34:38
1,84.29202924456824,2025-01-18 07:34:38
1,55.65435098097566,2025-01-18 07:34:38
1,85.642503750115,2025-01-18 07:34:38
1,41.19803052214063,2025-01-18 07:34:38
1,64.77964127599881,2025-01-18 07:34:38
1,24.184416072477504,2025-01-18 07:34:38
1,27.820547231431398,2025-01-18 07:34:38
1,97.19586206815472,2025-01-18 07:34:38
1,40.344639171224486,2025-01-18 07:34:38
1,39.57351200454113,2025-01-18 07:34:38
1,51.77712076501887,2025-01-18 07:34:38
1,43.38584668054227,2025-01-18 07:34:38
1,69.03703179029202,2025-01-18 07:34:38
1,36.772201624863634,2025-01-18 07:34:38
1,69.70701710043886,2025-01-18 07:34:38
1,62.16900958109868,2025-01-18 07:34:38
1,21.958040094623854,2025-01-18 07:34:38
1,96.00726390617494,2025-01-18 07:34:38
1,21.76427288773577,2025-01-18 07:34:38
1,27.81158849673229,2025-01-18 07:34:38
1,69.97412600572424,2025-01-18 07:34:38
1,66.22147389484512,2025-01-18 07:34:38
1,61.43394364176103,2025-01-18 07:34:38
1,58.72563186201344,2025-01-18 07:34:38
1,69.4485176699936,2025-01-18 07:34:38
1,47.96555729565255,2025-01-18 07:34:38
1,42.66534946530672,2025-01-18 07:34:38
1,82.97370886778059,2025-01-18 07:34:38
1,72.30980794029989,2025-01-18 07:34:38
1,75.23505020589889,2025-01-18 07:34:38
1,65.88470330738666,2025-01-18 07:34:38
1,63.40444611765652,2025-01-18 07:34:38
1,85.27000530323282,2025-01-18 07:34:38
1,68.03821416457826,2025-01-18 07:34:38
1,79.62169508964791,2025-01-18 07:34:38
1,42.774465902849784,2025-01-18 07:34:38
1,86.13886749113394,2025-01-18 07:34:38
1,98.05269885764466,2025-01-18 07:34:38
1,59.58633221865077,2025-01-18 07:34:38
1,77.02454569713788,2025-01-18 07:34:38
1,53.829877460004624,2025-01-18 07:34:38
1,58.8362759440401,2025-01-18 07:34:38
1,35.36991486719834,2025-01-18 07:34:38
1,42.98390552476543,2025-01-18 07:34:38
1,67.63009664299277,2025-01-18 07:34:38
1,20.78769255929444,2025-01-18 07:34:38
1,35.239001685836364,2025-01-18 07:34:38
1,26.91127816923928,2025-01-18 07:34:38
1,20.56371638226585,2025-01-18 07:34:38
1,55.923850096539304,2025-01-18 07:34:38
1,69.6290318575364,2025-01-18 07:34:38
1,60.836422801010244,2025-01-18 07:34:38
1,86.15412826060867,2025-01-18 07:34:38
1,79.20532891872568,2025-01-18 07:34:38
1,53.664250884561255,2025-01-18 07:34:38
1,82.29973937429492,2025-01-18 07:34:38
1,93.50304335314644,2025-01-18 07:34:38
1,85.78614240406117,2025-01-18 07:34:38
1,28.451741226551004,2025-01-18 07:34:38
1,91.95942206261589,2025-01-18 07:34:38
1,76.98200470452431,2025-01-18 07:34:38
1,35.64459997799467,2025-01-18 07:34:38
1,56.45437756828419,2025-01-18 07:34:38
1,64.66308564734646,2025-01-18 07:34:38
1,44.015849743938986,2025-01-18 07:34:38
1,70.01209958449938,2025-01-18 07:34:38
1,96.1617365835613,2025-01-18 07:34:38
1,35.51606573168112,2025-01-18 07:34:38
1,57.85665302942249,2025-01-18 07:34:38
1,36.96162594936492,2025-01-18 07:34:38
1,90.71543947122652,2025-01-18 07:34:38
1,31.607566729088134,2025-01-18 07:34:38
1,53.94665013561392,2025-01-18 07:34:38
1,46.555405394494535,2025-01-18 07:34:38
1,69.53737940678784,2025-01-18 07:34:38
1,85.23556183448247,2025-01-18 07:34:38
1,73.94104525575113,2025-01-18 07:34:38
1,63.12564871340987,2025-01-18 07:34:38
1,64.99475136069921,2025-01-18 07:34:38
1,58.66748309875536,2025-01-18 07:34:38
1,77.62075036655352,2025-01-18 07:34:38
1,70.78908952155183,2025-01-18 07:34:38
1,23.443349785830875,2025-01-18 07:34:38
1,37.50620969184672,2025-01-18 07:34:38
1,57.87377349645139,2025-01-18 07:34:38
1,39.995486256947,2025-01-18 07:34:38
1,72.1032888797213,2025-01-18 07:34:38
1,69.95326200919293,2025-01-18 07:34:38
1,83.25148292747238,2025-01-18 07:34:38
1,31.2334764183953,2025-01-18 07:34:38
1,30.929528305155827,2025-01-18 07:34:38
1,22.95042019384961,2025-01-18 07:34:38
1,44.41878741425225,2025-01-18 07:34:38
1,20.159060480328286,2025-01-18 07:34:38
1,49.21342244763173,2025-01-18 07:34:38
1,49.10986623744806,2025-01-18 07:34:38
1,28.702854317960103,2025-01-18 07:34:38
1,63.885326894568884,2025-01-18 07:34:38
1,23.297516381365064,2025-01-18 07:34:38
1,97.53846196504253,2025-01-18 07:34:38
1,27.938516279271653,2025-01-18 07:34:38
1,30.0468087112875,2025-01-18 07:34:38
1,47.83857625082348,2025-01-18 07:34:38
1,36.2500847703485,2025-01-18 07:34:38
1,45.86590350851616,2025-01-18 07:34:38
1,27.071217540882664,2025-01-18 07:34:38
1,24.65666228333239,2025-01-18 07:34:38
1,30.892598027031752,2025-01-18 07:34:38
1,44.99311347881385,2025-01-18 07:34:38
1,51.72116073892367,2025-01-18 07:34:38
1,66.95278831009011,2025-01-18 07:34:38
1,49.942048094668635,2025-01-18 07:34:38
1,75.81745973603373,2025-01-18 07:34:38
1,40.674227000560506,2025-01-18 07:34:38
1,57.66674402160766,2025-01-18 07:34:38
1,53.08544812789795,2025-01-18 07:34:38
1,78.43412611182956,2025-01-18 07:34:38
1,76.12604299239834,2025-01-18 07:34:38
1,93.27319041309916,2025-01-18 07:34:38
1,64.2313828086536,2025-01-18 07:34:38
1,58.58358234408277,2025-01-18 07:34:38
1,43.350089149914254,2025-01-18 07:34:38
1,96.18732197574083,2025-01-18 07:34:38
1,51.70832191462062,2025-01-18 07:34:38
1,37.439072150094674,2025-01-18 07:34:38
1,60.49946362625253,2025-01-18 07:34:38
1,92.25389754283952,2025-01-18 07:34:38
1,39.43237979818133,2025-01-18 07:34:38
1,49.81147764227885,2025-01-18 07:34:38
1,35.99390979797427,2025-01-18 07:34:38
1,24.031557793482197,2025-01-18 07:34:38
1,69.54084705884061,2025-01-18 07:34:38
1,99.39488563058538,2025-01-18 07:34:38
1,69.2147792275789,2025-01-18 07:34:38
1,41.17321368145949,2025-01-18 07:34:38
1,34.66117774317467,2025-01-18 07:34:38
1,37.67105938824731,2025-01-18 07:34:38
1,37.67857711637034,2025-01-18 07:34:38
1,49.890185545038946,2025-01-18 07:34:38
1,69.68469499894198,2025-01-18 07:34:38
1,41.690800414564094,2025-01-18 07:34:38
1,81.9553939700773,2025-01-18 07:34:38
1,22.721893852175825,2025-01-18 07:34:38
1,60.69881432483595,2025-01-18 07:34:38
1,77.59091812177992,2025-01-18 07:34:38
1,54.03933186324313,2025-01-18 07:34:38
1,78.86072622010288,2025-01-18 07:34:38
1,40.2795841319137,2025-01-18 07:34:38
1,62.366704368054826,2025-01-18 07:34:38
1,67.39813998178612,2025-01-18 07:34:38
1,84.82787959366833,2025-01-18 07:34:38
1,88.8768883984412,2025-01-18 07:34:38
1,45.55721159986081,2025-01-18 07:34:38
1,78.1717478772704,2025-01-18 07:34:38
1,88.05036195561753,2025-01-18 07:34:38
1,41.44005813137832,2025-01-18 07:34:38
1,38.01606919532202,2025-01-18 07:34:38
1,98.49116985403303,2025-01-18 07:34:38
1,30.65728417402316,2025-01-18 07:34:38
1,95.40503539506628,2025-01-18 07:34:38
1,97.22409605555507,2025-01-18 07:34:38
1,60.12447926862082,2025-01-18 07:34:38
1,82.40200341213202,2025-01-18 07:34:38
1,66.51187367477148,2025-01-18 07:34:38
1,55.290494753329604,2025-01-18 07:34:38
1,25.940799435535578,2025-01-18 07:34:38
1,35.6853407509919,2025-01-18 07:34:38
1,87.3480021918297,2025-01-18 07:34:38
1,52.15560296478917,2025-01-18 07:34:38
1,35.24495108332608,2025-01-18 07:34:38
1,40.4362486230049,2025-01-18 07:34:38
1,88.01668179181897,2025-01-18 07:34:38
1,68.01658483570051,2025-01-18 07:34:38
1,40.64591322068877,2025-01-18 07:34:38
1,38.866403087878595,2025-01-18 07:34:38
1,69.25658097768611,2025-01-18 07:34:38
1,91.19105361909133,2025-01-18 07:34:38
1,34.08517579819849,2025-01-18 07:34:38
1,20.346403491531895,2025-01-18 07:34:38
1,25.253824468155813,2025-01-18 07:34:38
1,24.853563101114425,2025-01-18 07:34:38
1,91.40793666997538,2025-01-18 07:34:38
1,22.34780125105802,2025-01-18 07:34:38
1,81.10851875272259,2025-01-18 07:34:38
1,27.602874796651236,2025-01-18 07:34:38
1,81.44242671839989,2025-01-18 07:34:38
1,54.16719854043847,2025-01-18 07:34:38
1,69.67532073572369,2025-01-18 07:34:38
1,80.40010576567417,2025-01-18 07:34:38
1,65.58479221439191,2025-01-18 07:34:38
1,67.87575936750075,2025-01-18 07:34:38
1,64.97662289027235,2025-01-18 07:34:38
1,82.1117671403441,2025-01-18 07:34:38
1,41.54011551759191,2025-01-18 07:34:38
1,81.72956444950228,2025-01-18 07:34:38
1,93.58033014204308,2025-01-18 07:34:38
1,35.38973081007452,2025-01-18 07:34:38
1,78.53626675686698,2025-01-18 07:34:38
1,77.60790609071469,2025-01-18 07:34:38
1,46.84691672276869,2025-01-18 07:34:38
1,64.98430152148875,2025-01-18 07:34:38
1,84.5540968861644,2025-01-18 07:34:38
1,22.08350465808519,2025-01-18 07:34:38
1,76.86529400898708,2025-01-18 07:34:38
1,81.80202527410749,2025-01-18 07:34:38
1,66.67207335729043,2025-01-18 07:34:38
1,47.10955772689638,2025-01-18 07:34:38
1,82.32797201727118,2025-01-18 07:34:38
1,77.25925337386272,2025-01-18 07:34:38
1,85.21140075563189,2025-01-18 07:34:38
1,34.05525502922289,2025-01-18 07:34:38
1,85.23339142178146,2025-01-18 07:34:38
1,45.38727550466686,2025-01-18 07:34:38
1,79.30984302340008,2025-01-18 07:34:38
1,29.15148008351008,2025-01-18 07:34:38
1,37.12212256885981,2025-01-18 07:34:38
1,99.217751177885,2025-01-18 07:34:38
1,96.19358864999244,2025-01-18 07:34:38
1,76.25583308045663,2025-01-18 07:34:38
1,55.98139635983414,2025-01-18 07:34:38
1,45.93516566274594,2025-01-18 07:34:38
1,82.40695499508361,2025-01-18 07:34:38
1,64.45340568373504,2025-01-18 07:34:38
1,31.29203653576858,2025-01-18 07:34:38
1,69.5695917011171,2025-01-18 07:34:38
1,57.16707160875974,2025-01-18 07:34:38
1,68.53413477312043,2025-01-18 07:34:38
1,56.98175700828077,2025-01-18 07:34:38
1,44.54514033315499,2025-01-18 07:34:38
1,55.38769920756106,2025-01-18 07:34:38
1,74.93042203467924,2025-01-18 07:34:38
1,93.3937618694039,2025-01-18 07:34:38
1,64.49386625246647,2025-01-18 07:34:38
1,51.4535326958197,2025-01-18 07:34:38
1,97.63017856758128,2025-01-18 07:34:38
1,63.08371375073607,2025-01-18 07:34:38
1,90.15926363885713,2025-01-18 07:34:38
1,32.85506338311659,2025-01-18 07:34:38
1,81.07451656663919,2025-01-18 07:34:38
1,27.595108198391127,2025-01-18 07:34:38
1,70.25197697988327,2025-01-18 07:34:38
1,84.52191958108202,2025-01-18 07:34:38
1,70.76141793016942,2025-01-18 07:34:38
1,70.88428222649112,2025-01-18 07:34:38
1,47.85620442134619,2025-01-18 07:34:38
1,93.06699322559885,2025-01-18 07:34:38
1,28.66884952304443,2025-01-18 07:34:38
1,50.42207885567205,2025-01-18 07:34:38
1,69.6887790658377,2025-01-18 07:34:38
1,34.006590737212136,2025-01-18 07:34:38
1,72.95781882144863,2025-01-18 07:34:38
1,83.20813046717342,2025-01-18 07:34:38
1,51.02385856897591,2025-01-18 07:34:38
1,56.26369297354053,2025-01-18 07:34:38
1,71.66027603545822,2025-01-18 07:34:38
1,67.13297949385358,2025-01-18 07:34:38
1,98.58246631469376,2025-01-18 07:34:38
1,56.71110882293138,2025-01-18 07:34:38
1,98.29762487726636,2025-01-18 07:34:38
1,55.712410795117066,2025-01-18 07:34:38
1,40.272322387517534,2025-01-18 07:34:38
1,56.379765307539245,2025-01-18 07:34:38
1,88.54662277665216,2025-01-18 07:34:38
1,45.51854278718231,2025-01-18 07:34:38
1,57.53965717916494,2025-01-18 07:34:38
1,25.14160263130482,2025-01-18 07:34:38
1,97.3705339551138,2025-01-18 07:34:38
1,54.2305691768755,2025-01-18 07:34:38
1,34.58838658522103,2025-01-18 07:34:38
1,52.17738762300325,2025-01-18 07:34:38
1,99.19020349447258,2025-01-18 07:34:38
