id,temperature,timestamp
1,73.14301741562917,2025-01-18 07:34:16
1,54.97215931693982,2025-01-18 07:34:16
1,56.9879521332875,2025-01-18 07:34:16
1,38.965496334796086,2025-01-18 07:34:16
1,57.79333662257283,2025-01-18 07:34:16
1,79.85562786783268,2025-01-18 07:34:16
1,42.429156457606744,2025-01-18 07:34:16
1,96.26479470407827,2025-01-18 07:34:16
1,62.478976954570186,2025-01-18 07:34:16
1,65.01729841402575,2025-01-18 07:34:16
1,55.58854015270132,2025-01-18 07:34:16
1,85.48785891872562,2025-01-18 07:34:16
1,33.31417041410883,2025-01-18 07:34:16
1,83.0453427767685,2025-01-18 07:34:16
1,92.33129903980203,2025-01-18 07:34:16
1,87.63874553737294,2025-01-18 07:34:16
1,88.29087896284223,2025-01-18 07:34:16
1,61.77044713812278,2025-01-18 07:34:16
1,76.96279285081557,2025-01-18 07:34:16
1,94.49403125458426,2025-01-18 07:34:16
1,30.802497283627783,2025-01-18 07:34:16
1,29.03733559459793,2025-01-18 07:34:16
1,45.90758542071377,2025-01-18 07:34:16
1,92.5095777545359,2025-01-18 07:34:16
1,23.752348919776285,2025-01-18 07:34:16
1,88.42602963938818,2025-01-18 07:34:16
1,26.443932960964496,2025-01-18 07:34:16
1,44.84762426654436,2025-01-18 07:34:16
1,87.4390714361511,2025-01-18 07:34:16
1,43.14047239572418,2025-01-18 07:34:16
1,89.64935618063697,2025-01-18 07:34:16
1,23.685956942149158,2025-01-18 07:34:16
1,32.67838682675085,2025-01-18 07:34:16
1,31.60180780693768,2025-01-18 07:34:16
1,73.56199147468665,2025-01-18 07:34:16
1,60.51630851146299,2025-01-18 07:34:16
1,97.49060059901404,2025-01-18 07:34:16
1,38.03677015689546,2025-01-18 07:34:16
1,25.978314098505244,2025-01-18 07:34:16
1,59.877799036150066,2025-01-18 07:34:16
1,61.713923493423756,2025-01-18 07:34:16
1,56.87011494755255,2025-01-18 07:34:16
1,84.6743183877511,2025-01-18 07:34:16
1,85.74070744353524,2025-01-18 07:34:16
1,59.24387040502041,2025-01-18 07:34:16
1,76.51775494499896,2025-01-18 07:34:16
1,62.21657999102888,2025-01-18 07:34:16
1,31.24457294415705,2025-01-18 07:34:16
1,98.8346060523914,2025-01-18 07:34:16
1,60.09191041683205,2025-01-18 07:34:16
1,31.471741625545757,2025-01-18 07:34:16
1,81.32780485876899,2025-01-18 07:34:16
1,83.56092100803463,2025-01-18 07:34:16
1,92.52343426759144,2025-01-18 07:34:16
1,21.44344538162123,2025-01-18 07:34:16
1,33.5188956821073,2025-01-18 07:34:16
1,37.55292763728873,2025-01-18 07:34:16
1,79.25789686214551,2025-01-18 07:34:16
1,83.05625762537969,2025-01-18 07:34:16
1,43.17938284639786,2025-01-18 07:34:16
1,49.585087655849705,2025-01-18 07:34:16
1,97.9794054947282,2025-01-18 07:34:16
1,59.669367411532185,2025-01-18 07:34:16
1,96.49133447053218,2025-01-18 07:34:16
1,66.84985788601081,2025-01-18 07:34:16
1,30.222770273256092,2025-01-18 07:34:16
1,67.1945716611248,2025-01-18 07:34:16
1,39.32175996118997,2025-01-18 07:34:16
1,78.09930443080896,2025-01-18 07:34:16
1,52.60625115737197,2025-01-18 07:34:16
1,77.8597411189148,2025-01-18 07:34:16
1,40.32296314265808,2025-01-18 07:34:16
1,25.82065363595566,2025-01-18 07:34:16
1,47.740624453485054,2025-01-18 07:34:16
1,98.36425934785255,2025-01-18 07:34:16
1,99.31983797459193,2025-01-18 07:34:16
1,59.39421808981248,2025-01-18 07:34:16
1,81.26984646099527,2025-01-18 07:34:16
1,45.15112119333647,2025-01-18 07:34:16
1,95.5652175782022,2025-01-18 07:34:16
1,26.151304016646097,2025-01-18 07:34:16
1,81.28915651801832,2025-01-18 07:34:16
1,27.65542037486184,2025-01-18 07:34:16
1,76.08805707050507,2025-01-18 07:34:16
1,83.1413256073416,2025-01-18 07:34:16
1,23.53740661569244,2025-01-18 07:34:16
1,55.713805657893076,2025-01-18 07:34:16
1,54.0482138157727,2025-01-18 07:34:16
1,73.00376054810297,2025-01-18 07:34:16
1,76.07519565175116,2025-01-18 07:34:16
1,88.84614691945724,2025-01-18 07:34:16
1,47.66867786188182,2025-01-18 07:34:16
1,74.43643400943263,2025-01-18 07:34:16
1,99.94837647728701,2025-01-18 07:34:16
1,45.70801689479184,2025-01-18 07:34:16
1,40.795219026066704,2025-01-18 07:34:16
1,31.48375440311659,2025-01-18 07:34:16
1,61.17341723225444,2025-01-18 07:34:16
1,83.18837522907558,2025-01-18 07:34:16
1,30.536118617656296,2025-01-18 07:34:16
1,70.42085307814382,2025-01-18 07:34:16
1,67.36902164412086,2025-01-18 07:34:16
1,46.23844129485921,2025-01-18 07:34:16
1,86.05976524125593,2025-01-18 07:34:16
1,70.6142648001593,2025-01-18 07:34:16
1,32.136610893178116,2025-01-18 07:34:16
1,22.2668191520836,2025-01-18 07:34:16
1,78.36844889138213,2025-01-18 07:34:16
1,21.0758787188077,2025-01-18 07:34:16
1,26.437992502438973,2025-01-18 07:34:16
1,94.46650351481692,2025-01-18 07:34:16
1,92.42444999298438,2025-01-18 07:34:16
1,89.57027898644223,2025-01-18 07:34:16
1,89.35476611148859,2025-01-18 07:34:16
1,45.72961619260092,2025-01-18 07:34:16
1,90.4997852137445,2025-01-18 07:34:16
1,78.46469123508939,2025-01-18 07:34:16
1,49.51712321803441,2025-01-18 07:34:16
1,86.47925025812577,2025-01-18 07:34:16
1,75.89551662504718,2025-01-18 07:34:16
1,86.35269659458261,2025-01-18 07:34:16
1,76.30426938310207,2025-01-18 07:34:16
1,34.02688357510588,2025-01-18 07:34:16
1,27.24022451368154,2025-01-18 07:34:16
1,64.78662864973575,2025-01-18 07:34:16
1,94.81403624195738,2025-01-18 07:34:16
1,32.83530139659388,2025-01-18 07:34:16
1,67.99533282491628,2025-01-18 07:34:16
1,29.51635634899762,2025-01-18 07:34:16
1,38.40143948171473,2025-01-18 07:34:16
1,68.36255321375339,2025-01-18 07:34:16
1,21.63055432195626,2025-01-18 07:34:16
1,50.14455309919934,2025-01-18 07:34:16
1,32.107112269442936,2025-01-18 07:34:16
1,57.88326252652736,2025-01-18 07:34:16
1,75.61743112196615,2025-01-18 07:34:16
1,26.51084716419785,2025-01-18 07:34:16
1,90.80891513583656,2025-01-18 07:34:16
1,70.43664965199648,2025-01-18 07:34:16
1,39.728764323639794,2025-01-18 07:34:16
1,37.49989869399403,2025-01-18 07:34:16
1,81.42574498512805,2025-01-18 07:34:16
1,73.01411019400777,2025-01-18 07:34:16
1,60.362593896026226,2025-01-18 07:34:16
1,95.21530876279462,2025-01-18 07:34:16
1,79.51505855257368,2025-01-18 07:34:16
1,82.63450152978048,2025-01-18 07:34:16
1,47.69566184942065,2025-01-18 07:34:16
1,91.50528819928306,2025-01-18 07:34:16
1,61.549698825331106,2025-01-18 07:34:16
1,97.35025076966848,2025-01-18 07:34:16
1,50.35449739641778,2025-01-18 07:34:16
1,36.19624211156242,2025-01-18 07:34:16
1,66.06104187185905,2025-01-18 07:34:16
1,31.133092375744322,2025-01-18 07:34:16
1,34.5637993260625,2025-01-18 07:34:16
1,77.16435605087491,2025-01-18 07:34:16
1,70.6336964771173,2025-01-18 07:34:16
1,24.081127589792217,2025-01-18 07:34:16
1,33.44890299343891,2025-01-18 07:34:16
1,62.664630264308386,2025-01-18 07:34:16
1,29.112133923566972,2025-01-18 07:34:16
1,86.7914585628776,2025-01-18 07:34:16
1,98.88818046880023,2025-01-18 07:34:16
1,97.18038035481146,2025-01-18 07:34:16
1,65.23755885026158,2025-01-18 07:34:16
1,75.26481755916069,2025-01-18 07:34:16
1,77.82618803418364,2025-01-18 07:34:16
1,59.555928681893775,2025-01-18 07:34:16
1,98.13275650817407,2025-01-18 07:34:16
1,74.08471281428,2025-01-18 07:34:16
1,83.3914646017797,2025-01-18 07:34:16
1,33.85399388360849,2025-01-18 07:34:16
1,35.43010574007078,2025-01-18 07:34:16
1,58.01929416993511,2025-01-18 07:34:16
1,57.16982300215719,2025-01-18 07:34:16
1,45.612888115879315,2025-01-18 07:34:16
1,29.20017432744003,2025-01-18 07:34:16
1,68.82611508042945,2025-01-18 07:34:16
1,74.88273316998738,2025-01-18 07:34:16
1,97.73731108850252,2025-01-18 07:34:16
1,28.317393242744735,2025-01-18 07:34:16
1,85.66966746603063,2025-01-18 07:34:16
1,54.742644655034965,2025-01-18 07:34:16
1,34.569271093625446,2025-01-18 07:34:16
1,87.35036837115253,2025-01-18 07:34:16
1,62.96191407972067,2025-01-18 07:34:16
1,61.96223506635781,2025-01-18 07:34:16
1,29.782889488434165,2025-01-18 07:34:16
1,30.364839452006915,2025-01-18 07:34:16
1,93.52857333243236,2025-01-18 07:34:16
1,61.61820424407195,2025-01-18 07:34:16
1,97.70803633978963,2025-01-18 07:34:16
1,24.08010680701686,2025-01-18 07:34:16
1,78.6046938963396,2025-01-18 07:34:16
1,33.91859090391365,2025-01-18 07:34:16
1,48.137577275436385,2025-01-18 07:34:16
1,99.36543316735795,2025-01-18 07:34:16
1,34.23347238286234,2025-01-18 07:34:16
1,80.4138907877428,2025-01-18 07:34:16
1,51.68365731512477,2025-01-18 07:34:16
1,44.29874884427419,2025-01-18 07:34:16
1,65.08873043539795,2025-01-18 07:34:16
1,75.79173339986849,2025-01-18 07:34:16
1,96.025555621471,2025-01-18 07:34:16
1,24.99880729830946,2025-01-18 07:34:16
1,67.9767855308643,2025-01-18 07:34:16
1,22.155524693821214,2025-01-18 07:34:16
1,66.8354697086566,2025-01-18 07:34:16
1,48.146466826781435,2025-01-18 07:34:16
1,65.23304729372835,2025-01-18 07:34:16
1,26.306898019840155,2025-01-18 07:34:16
1,21.734183111624734,2025-01-18 07:34:16
1,46.86933873265154,2025-01-18 07:34:16
1,34.53842168129513,2025-01-18 07:34:16
1,41.378374595006264,2025-01-18 07:34:16
1,39.053920212389755,2025-01-18 07:34:16
1,34.432584577434646,2025-01-18 07:34:16
1,56.65283918412892,2025-01-18 07:34:16
1,71.79432273887437,2025-01-18 07:34:16
1,51.542444388632504,2025-01-18 07:34:16
1,72.71373952974695,2025-01-18 07:34:16
1,22.649211121611607,2025-01-18 07:34:16
1,48.18700512643906,2025-01-18 07:34:16
1,44.59135565273809,2025-01-18 07:34:16
1,92.09381558206226,2025-01-18 07:34:16
1,47.76542431045003,2025-01-18 07:34:16
1,94.64157817836193,2025-01-18 07:34:16
1,58.33546288013593,2025-01-18 07:34:16
1,66.02808777137403,2025-01-18 07:34:16
1,59.289371410914555,2025-01-18 07:34:16
1,76.34187555624803,2025-01-18 07:34:16
1,82.29141893008531,2025-01-18 07:34:16
1,29.121464228934038,2025-01-18 07:34:16
1,44.08908759956789,2025-01-18 07:34:16
1,95.07798319820996,2025-01-18 07:34:16
1,68.56982524018852,2025-01-18 07:34:16
1,84.1508243021209,2025-01-18 07:34:16
1,87.30225502656296,2025-01-18 07:34:16
1,75.42524866483575,2025-01-18 07:34:16
1,98.41730843954876,2025-01-18 07:34:16
1,83.22885096305748,2025-01-18 07:34:16
1,59.919113427889414,2025-01-18 07:34:16
1,57.21334044583314,2025-01-18 07:34:16
1,88.2948659852816,2025-01-18 07:34:16
1,22.199048153744467,2025-01-18 07:34:16
1,30.06400040749763,2025-01-18 07:34:16
1,30.112914770584418,2025-01-18 07:34:16
1,47.25001533276942,2025-01-18 07:34:16
1,51.32141841119993,2025-01-18 07:34:16
1,47.75533626894183,2025-01-18 07:34:16
1,23.37978274935603,2025-01-18 07:34:16
1,40.49224434247697,2025-01-18 07:34:16
1,53.09358423414268,2025-01-18 07:34:16
1,95.5513078028625,2025-01-18 07:34:16
1,70.1991073613155,2025-01-18 07:34:16
1,43.55173577486414,2025-01-18 07:34:16
1,61.06572154086902,2025-01-18 07:34:16
1,70.17827631867603,2025-01-18 07:34:16
1,77.88993533338983,2025-01-18 07:34:16
1,64.63683975888362,2025-01-18 07:34:16
1,42.64794336888849,2025-01-18 07:34:16
1,92.2898876292623,2025-01-18 07:34:16
1,86.32519233288676,2025-01-18 07:34:16
1,87.7434517120428,2025-01-18 07:34:16
1,54.96467112952374,2025-01-18 07:34:16
1,28.870399031212433,2025-01-18 07:34:16
1,70.99105940241375,2025-01-18 07:34:16
1,36.435719976400904,2025-01-18 07:34:16
1,58.07933691149265,2025-01-18 07:34:16
1,35.96025597663445,2025-01-18 07:34:16
1,45.659176938610024,2025-01-18 07:34:16
1,31.38105594779943,2025-01-18 07:34:16
1,47.44964767894646,2025-01-18 07:34:16
1,81.09131239428635,2025-01-18 07:34:16
1,42.16151760804793,2025-01-18 07:34:16
1,82.3679529655292,2025-01-18 07:34:16
1,52.31500350610184,2025-01-18 07:34:16
1,57.92771715935459,2025-01-18 07:34:16
1,59.53324648922354,2025-01-18 07:34:16
1,31.252964576007976,2025-01-18 07:34:16
1,82.08648275280007,2025-01-18 07:34:16
1,86.80509293588594,2025-01-18 07:34:16
1,45.26779080036096,2025-01-18 07:34:16
1,46.28956067105345,2025-01-18 07:34:16
1,25.052772493322422,2025-01-18 07:34:16
1,70.51459321752262,2025-01-18 07:34:16
1,64.43786437382495,2025-01-18 07:34:16
1,24.369028220303353,2025-01-18 07:34:16
1,38.463572660555876,2025-01-18 07:34:16
1,62.24214928632453,2025-01-18 07:34:16
1,99.17492417509938,2025-01-18 07:34:16
1,27.182186219903155,2025-01-18 07:34:16
1,23.048927813782267,2025-01-18 07:34:16
1,67.50073627311059,2025-01-18 07:34:16
1,30.597287729252088,2025-01-18 07:34:16
1,60.45018977324606,2025-01-18 07:34:16
1,64.09227432623959,2025-01-18 07:34:16
1,32.87196013022228,2025-01-18 07:34:16
1,46.71062741695686,2025-01-18 07:34:16
1,53.873384167701886,2025-01-18 07:34:16
1,54.11179154216305,2025-01-18 07:34:16
1,21.399652298693752,2025-01-18 07:34:16
1,51.95269118794108,2025-01-18 07:34:16
1,27.228198781957012,2025-01-18 07:34:16
1,25.99176720884458,2025-01-18 07:34:16
1,68.02294510563867,2025-01-18 07:34:16
1,21.46481740821568,2025-01-18 07:34:16
1,71.88816334277377,2025-01-18 07:34:16
1,92.04919728485416,2025-01-18 07:34:16
1,43.546267724607404,2025-01-18 07:34:16
1,99.9089295426289,2025-01-18 07:34:16
1,53.337701424047125,2025-01-18 07:34:16
1,80.55957823043099,2025-01-18 07:34:16
1,52.16665158470774,2025-01-18 07:34:16
1,80.81986221129227,2025-01-18 07:34:16
1,79.15628892292179,2025-01-18 07:34:16
1,20.652102383171513,2025-01-18 07:34:16
1,31.893361540501147,2025-01-18 07:34:16
1,53.08549521140067,2025-01-18 07:34:16
1,88.38272495505902,2025-01-18 07:34:16
1,33.4435550822146,2025-01-18 07:34:16
1,64.4670047866919,2025-01-18 07:34:16
1,50.88915709310825,2025-01-18 07:34:16
1,36.31880749635606,2025-01-18 07:34:16
1,81.70830659944806,2025-01-18 07:34:16
1,73.58799112355193,2025-01-18 07:34:16
1,42.471372821751515,2025-01-18 07:34:16
1,90.73468267942368,2025-01-18 07:34:16
1,67.71805838642453,2025-01-18 07:34:16
1,72.67787002373248,2025-01-18 07:34:16
1,40.442501497498554,2025-01-18 07:34:16
1,90.27924526803102,2025-01-18 07:34:16
1,66.55842028999156,2025-01-18 07:34:16
1,65.06769944329756,2025-01-18 07:34:16
1,63.161780618179584,2025-01-18 07:34:16
1,77.62765613044873,2025-01-18 07:34:16
1,78.58292811663071,2025-01-18 07:34:16
1,22.689685522933345,2025-01-18 07:34:16
1,75.53681739672348,2025-01-18 07:34:16
1,96.40312654698309,2025-01-18 07:34:16
1,94.82056425240134,2025-01-18 07:34:16
1,93.14565210400016,2025-01-18 07:34:16
1,22.095558845730984,2025-01-18 07:34:16
1,69.17595018006621,2025-01-18 07:34:16
1,61.95551830407095,2025-01-18 07:34:16
1,83.7970352492769,2025-01-18 07:34:16
1,47.58727124868267,2025-01-18 07:34:16
1,61.65130254845454,2025-01-18 07:34:16
1,45.158594695092056,2025-01-18 07:34:16
1,34.001525784006574,2025-01-18 07:34:16
1,51.850637262133674,2025-01-18 07:34:16
1,67.01641180012662,2025-01-18 07:34:16
1,72.14436549414984,2025-01-18 07:34:16
1,82.16795083382603,2025-01-18 07:34:16
1,90.58398355448244,2025-01-18 07:34:16
1,99.23123198256597,2025-01-18 07:34:16
1,65.94576503315375,2025-01-18 07:34:16
1,60.15216790141278,2025-01-18 07:34:16
1,36.16124485004392,2025-01-18 07:34:16
1,44.337734456382265,2025-01-18 07:34:16
1,37.044600987561225,2025-01-18 07:34:16
1,56.083920613108205,2025-01-18 07:34:16
1,45.47436971745785,2025-01-18 07:34:16
1,46.653942516176194,2025-01-18 07:34:16
1,41.82270076612889,2025-01-18 07:34:16
1,71.11059352404246,2025-01-18 07:34:16
1,74.26884588476878,2025-01-18 07:34:16
1,96.9327985751819,2025-01-18 07:34:16
1,51.24626710074959,2025-01-18 07:34:16
1,78.1924300449792,2025-01-18 07:34:16
1,87.4573204417594,2025-01-18 07:34:16
1,80.19929104827338,2025-01-18 07:34:16
1,86.07226935336045,2025-01-18 07:34:16
1,74.32250964425444,2025-01-18 07:34:16
1,74.67446128000557,2025-01-18 07:34:16
1,76.63559209374797,2025-01-18 07:34:16
1,70.65691774484188,2025-01-18 07:34:16
1,40.24468022968426,2025-01-18 07:34:16
1,35.04932248999019,2025-01-18 07:34:16
1,26.55512038120375,2025-01-18 07:34:16
1,76.84182867859073,2025-01-18 07:34:16
1,69.55282918926964,2025-01-18 07:34:16
1,85.47960909398978,2025-01-18 07:34:16
1,40.4632197339438,2025-01-18 07:34:16
1,55.78691073436567,2025-01-18 07:34:16
1,55.73795079951775,2025-01-18 07:34:16
1,44.87241612977891,2025-01-18 07:34:16
1,26.077278318578898,2025-01-18 07:34:16
1,70.33635623486494,2025-01-18 07:34:16
1,30.822475476650794,2025-01-18 07:34:16
1,60.49345248039023,2025-01-18 07:34:16
1,85.73508442777556,2025-01-18 07:34:16
1,61.89162472434666,2025-01-18 07:34:16
1,48.34758114110949,2025-01-18 07:34:16
1,80.88970628113861,2025-01-18 07:34:16
1,86.96952195976431,2025-01-18 07:34:16
1,86.19105510812562,2025-01-18 07:34:16
1,48.350656913219055,2025-01-18 07:34:16
1,97.73396895216328,2025-01-18 07:34:16
1,53.06147017789783,2025-01-18 07:34:16
1,76.58878928969585,2025-01-18 07:34:16
1,45.27419676027654,2025-01-18 07:34:16
1,96.91134023177965,2025-01-18 07:34:16
1,46.52864883262812,2025-01-18 07:34:16
1,92.46919288604806,2025-01-18 07:34:16
1,63.95956273386783,2025-01-18 07:34:16
1,33.00819646891693,2025-01-18 07:34:16
1,30.525032062826547,2025-01-18 07:34:16
1,62.36405315638735,2025-01-18 07:34:16
1,44.86785194158052,2025-01-18 07:34:16
1,43.8154512094595,2025-01-18 07:34:16
1,33.654143726036864,2025-01-18 07:34:16
1,30.998141189710083,2025-01-18 07:34:16
1,21.66623662013544,2025-01-18 07:34:16
1,35.85800430772978,2025-01-18 07:34:16
1,66.80967540100451,2025-01-18 07:34:16
1,32.943150446122544,2025-01-18 07:34:16
1,40.15925691589318,2025-01-18 07:34:16
1,45.48029930602611,2025-01-18 07:34:16
1,71.10246983359232,2025-01-18 07:34:16
1,31.064735760623485,2025-01-18 07:34:16
1,84.58884281305275,2025-01-18 07:34:16
1,75.26764220028426,2025-01-18 07:34:16
1,92.26874451085251,2025-01-18 07:34:16
1,36.882419600719,2025-01-18 07:34:16
1,97.56901666398122,2025-01-18 07:34:16
1,89.763112637582,2025-01-18 07:34:16
1,78.64256574506491,2025-01-18 07:34:16
1,35.14337746941085,2025-01-18 07:34:16
1,75.5622348106091,2025-01-18 07:34:16
1,60.24130859583196,2025-01-18 07:34:16
1,27.30502867496088,2025-01-18 07:34:16
1,21.99469402243455,2025-01-18 07:34:16
1,55.48926111359169,2025-01-18 07:34:16
1,54.585117116079346,2025-01-18 07:34:16
1,35.018310802114286,2025-01-18 07:34:16
1,87.34423375277746,2025-01-18 07:34:16
1,26.196093259335036,2025-01-18 07:34:16
1,68.19036869378722,2025-01-18 07:34:16
1,56.656789151118886,2025-01-18 07:34:16
1,47.62680011878114,2025-01-18 07:34:16
1,79.21345925499635,2025-01-18 07:34:16
1,36.55213458126375,2025-01-18 07:34:16
1,74.07387867699384,2025-01-18 07:34:16
1,43.88741301773421,2025-01-18 07:34:16
1,50.05714812209212,2025-01-18 07:34:16
1,40.67328478351918,2025-01-18 07:34:16
1,45.407524070468256,2025-01-18 07:34:16
1,55.68799498780736,2025-01-18 07:34:16
1,57.53491046446566,2025-01-18 07:34:16
1,84.91135835600991,2025-01-18 07:34:16
1,54.571502854965374,2025-01-18 07:34:16
1,81.23188941170851,2025-01-18 07:34:16
1,21.05962904093672,2025-01-18 07:34:16
1,84.3347902367041,2025-01-18 07:34:16
1,71.39599147852469,2025-01-18 07:34:16
1,21.984691500271445,2025-01-18 07:34:16
1,23.72856041259719,2025-01-18 07:34:16
1,98.32841727867151,2025-01-18 07:34:16
1,62.167157355600644,2025-01-18 07:34:16
1,98.04612573440173,2025-01-18 07:34:16
1,46.21143466933685,2025-01-18 07:34:16
1,21.196848545194005,2025-01-18 07:34:16
1,68.94489314410473,2025-01-18 07:34:16
1,83.90220465065742,2025-01-18 07:34:16
1,64.21793636366914,2025-01-18 07:34:16
1,32.065585834508006,2025-01-18 07:34:16
1,46.232247104278116,2025-01-18 07:34:16
1,24.875620581061717,2025-01-18 07:34:16
1,99.33155989546268,2025-01-18 07:34:16
1,33.285956997592585,2025-01-18 07:34:16
1,69.00119425310993,2025-01-18 07:34:16
1,37.03170612241702,2025-01-18 07:34:16
1,71.06663976591292,2025-01-18 07:34:16
1,81.25336382156328,2025-01-18 07:34:16
1,50.68172020170755,2025-01-18 07:34:16
1,90.09970099040115,2025-01-18 07:34:16
1,55.259985177293586,2025-01-18 07:34:16
1,86.53307038346462,2025-01-18 07:34:16
1,88.72325587369399,2025-01-18 07:34:16
1,45.96370892421055,2025-01-18 07:34:16
1,22.296610960732643,2025-01-18 07:34:16
1,54.08806515645218,2025-01-18 07:34:16
1,57.19298195878099,2025-01-18 07:34:16
1,75.01145625689125,2025-01-18 07:34:16
1,82.67444352087395,2025-01-18 07:34:16
1,21.040737396300536,2025-01-18 07:34:16
1,92.70392776753683,2025-01-18 07:34:16
1,50.89677837078308,2025-01-18 07:34:16
1,85.64431714485295,2025-01-18 07:34:16
1,75.14264074751625,2025-01-18 07:34:16
1,29.53228120067127,2025-01-18 07:34:16
1,84.20549792966219,2025-01-18 07:34:16
1,64.77636270739828,2025-01-18 07:34:16
1,84.34919803824282,2025-01-18 07:34:16
1,52.18979144710167,2025-01-18 07:34:16
1,32.74558901209889,2025-01-18 07:34:16
1,58.52663014643725,2025-01-18 07:34:16
1,63.416575066246466,2025-01-18 07:34:16
1,99.91901008968722,2025-01-18 07:34:16
1,57.91857179840407,2025-01-18 07:34:16
1,74.61829569291578,2025-01-18 07:34:16
1,34.86657634884882,2025-01-18 07:34:16
1,57.422834344502704,2025-01-18 07:34:16
1,82.78491937286226,2025-01-18 07:34:16
1,92.77986284466141,2025-01-18 07:34:16
1,52.41264685980126,2025-01-18 07:34:16
1,31.773950191263836,2025-01-18 07:34:16
1,25.58548426930777,2025-01-18 07:34:16
1,34.26278160397886,2025-01-18 07:34:16
1,69.09650031883021,2025-01-18 07:34:16
1,94.72951678635604,2025-01-18 07:34:16
1,88.56085074733119,2025-01-18 07:34:16
1,60.69036924836641,2025-01-18 07:34:16
1,53.230343779553344,2025-01-18 07:34:16
1,45.034128370384074,2025-01-18 07:34:16
1,94.01915802047665,2025-01-18 07:34:16
1,85.88389420479575,2025-01-18 07:34:16
1,87.86689680369399,2025-01-18 07:34:16
1,85.62443504238944,2025-01-18 07:34:16
1,37.10260447566557,2025-01-18 07:34:16
1,39.27053891167506,2025-01-18 07:34:16
1,40.05978868011325,2025-01-18 07:34:16
1,75.52542528711832,2025-01-18 07:34:16
1,86.01234261813187,2025-01-18 07:34:16
1,92.5951103953479,2025-01-18 07:34:16
1,92.8130554434471,2025-01-18 07:34:16
1,41.44719342588321,2025-01-18 07:34:16
1,38.01732638335502,2025-01-18 07:34:16
1,82.71114924088099,2025-01-18 07:34:16
1,37.63312472863689,2025-01-18 07:34:16
1,26.6538172927551,2025-01-18 07:34:16
1,57.44493231666131,2025-01-18 07:34:16
1,43.202651059745236,2025-01-18 07:34:16
1,60.724273884567125,2025-01-18 07:34:16
1,32.56466391444828,2025-01-18 07:34:16
1,60.89393125983865,2025-01-18 07:34:16
1,97.38671878206306,2025-01-18 07:34:16
1,63.97785371778025,2025-01-18 07:34:16
1,28.111844458731827,2025-01-18 07:34:16
1,35.39664718213893,2025-01-18 07:34:16
1,29.499427250522157,2025-01-18 07:34:16
1,56.78266401306083,2025-01-18 07:34:16
1,52.00326906156671,2025-01-18 07:34:16
1,68.07116020347549,2025-01-18 07:34:16
1,32.8795979355253,2025-01-18 07:34:16
1,84.13008603947739,2025-01-18 07:34:16
1,52.914875475012764,2025-01-18 07:34:16
1,51.51338517199284,2025-01-18 07:34:16
1,84.41257278069494,2025-01-18 07:34:16
1,58.354409765360195,2025-01-18 07:34:16
1,96.10523130717175,2025-01-18 07:34:16
1,93.41771147261494,2025-01-18 07:34:16
1,81.66923222085157,2025-01-18 07:34:16
1,57.07774678622143,2025-01-18 07:34:16
1,62.362076451919364,2025-01-18 07:34:16
1,93.6565679967599,2025-01-18 07:34:16
1,72.89633702370152,2025-01-18 07:34:16
1,87.78063568654727,2025-01-18 07:34:16
1,20.017895928885416,2025-01-18 07:34:16
1,88.74413183958717,2025-01-18 07:34:16
1,76.15945591279666,2025-01-18 07:34:16
1,45.88829322258134,2025-01-18 07:34:16
1,52.93114050398753,2025-01-18 07:34:16
1,46.84038920923142,2025-01-18 07:34:16
1,57.89053732305434,2025-01-18 07:34:16
1,33.21502881692159,2025-01-18 07:34:16
1,50.048135638965235,2025-01-18 07:34:16
1,32.176956481355006,2025-01-18 07:34:16
1,48.013082840654626,2025-01-18 07:34:16
1,67.28629099055462,2025-01-18 07:34:16
1,53.965564223878474,2025-01-18 07:34:16
1,99.35013982842872,2025-01-18 07:34:16
1,23.160727991345453,2025-01-18 07:34:16
1,68.92313461982896,2025-01-18 07:34:16
1,60.498702693626534,2025-01-18 07:34:16
1,61.363039818715485,2025-01-18 07:34:16
1,45.798731995505975,2025-01-18 07:34:16
1,74.04822466288476,2025-01-18 07:34:16
1,37.234523735742684,2025-01-18 07:34:16
1,56.26269738224248,2025-01-18 07:34:16
1,50.4203774129701,2025-01-18 07:34:16
1,47.879284629894016,2025-01-18 07:34:16
1,78.87856694267614,2025-01-18 07:34:16
1,36.83559559725613,2025-01-18 07:34:16
1,21.500483231273535,2025-01-18 07:34:16
1,23.526870864115264,2025-01-18 07:34:16
1,78.21069995066759,2025-01-18 07:34:16
1,63.77260401831957,2025-01-18 07:34:16
1,78.00184634141442,2025-01-18 07:34:16
1,87.58336003270324,2025-01-18 07:34:16
1,96.67088904140977,2025-01-18 07:34:16
1,63.49184981643365,2025-01-18 07:34:16
1,30.91330126804226,2025-01-18 07:34:16
1,47.32812516574928,2025-01-18 07:34:16
1,48.00524604290221,2025-01-18 07:34:16
1,23.963454429625433,2025-01-18 07:34:16
1,32.277125063919684,2025-01-18 07:34:16
1,29.759499143296388,2025-01-18 07:34:16
1,67.93100838611781,2025-01-18 07:34:16
1,24.293826328457584,2025-01-18 07:34:16
1,98.5289929996785,2025-01-18 07:34:16
1,58.85088042773587,2025-01-18 07:34:16
1,62.18408751088617,2025-01-18 07:34:16
1,91.60131981591394,2025-01-18 07:34:16
1,44.49218533596245,2025-01-18 07:34:16
1,36.618705096480724,2025-01-18 07:34:16
1,48.76712116639517,2025-01-18 07:34:16
1,64.27464157994103,2025-01-18 07:34:16
1,68.13713282766014,2025-01-18 07:34:16
1,64.27924078567457,2025-01-18 07:34:16
1,93.81753037972837,2025-01-18 07:34:16
1,20.361284154100716,2025-01-18 07:34:16
1,82.1858477065488,2025-01-18 07:34:16
1,26.997401377700907,2025-01-18 07:34:16
1,59.150646505472636,2025-01-18 07:34:16
1,75.52349414130965,2025-01-18 07:34:16
1,90.42409690001509,2025-01-18 07:34:16
1,55.56757852926686,2025-01-18 07:34:16
1,70.44199400769557,2025-01-18 07:34:16
1,87.50794943627062,2025-01-18 07:34:16
1,69.05011304688918,2025-01-18 07:34:16
1,57.224328560933444,2025-01-18 07:34:16
1,87.94695722087505,2025-01-18 07:34:16
1,47.89567970076846,2025-01-18 07:34:16
1,83.09695892571166,2025-01-18 07:34:16
1,68.07813755770776,2025-01-18 07:34:16
1,25.55821749338267,2025-01-18 07:34:16
1,79.52581114913187,2025-01-18 07:34:16
1,64.20718793545552,2025-01-18 07:34:16
1,76.29042944088226,2025-01-18 07:34:16
1,79.48466208659495,2025-01-18 07:34:16
1,94.88123174827174,2025-01-18 07:34:16
1,93.1022529980678,2025-01-18 07:34:16
1,60.8960059658923,2025-01-18 07:34:16
1,71.8216316603291,2025-01-18 07:34:16
1,91.95146604848544,2025-01-18 07:34:16
1,44.96089761555089,2025-01-18 07:34:16
1,30.29275982393201,2025-01-18 07:34:16
1,58.67663568230438,2025-01-18 07:34:16
1,99.33341716557466,2025-01-18 07:34:16
1,51.83880852542152,2025-01-18 07:34:16
1,59.65377020774042,2025-01-18 07:34:16
1,24.39189810127573,2025-01-18 07:34:16
1,68.262134486906,2025-01-18 07:34:16
1,22.870854766748614,2025-01-18 07:34:16
1,23.933356037346893,2025-01-18 07:34:16
1,26.0221733712471,2025-01-18 07:34:16
1,23.559860471879137,2025-01-18 07:34:16
1,75.46643937714516,2025-01-18 07:34:16
1,64.3699073463977,2025-01-18 07:34:16
1,84.59568048130762,2025-01-18 07:34:16
1,84.01210126335951,2025-01-18 07:34:16
1,32.754727091361396,2025-01-18 07:34:16
1,21.921095842697078,2025-01-18 07:34:16
1,80.64030572769961,2025-01-18 07:34:16
1,44.25820763641272,2025-01-18 07:34:16
1,32.32389524790585,2025-01-18 07:34:16
1,61.63755652946377,2025-01-18 07:34:16
1,52.18105804403454,2025-01-18 07:34:16
1,25.96662257453863,2025-01-18 07:34:16
1,59.20146625504081,2025-01-18 07:34:16
1,65.9492604514756,2025-01-18 07:34:16
1,36.24105127715651,2025-01-18 07:34:16
1,51.517783490425614,2025-01-18 07:34:16
1,70.35480281072394,2025-01-18 07:34:16
1,61.230678629851795,2025-01-18 07:34:16
1,30.331766701381333,2025-01-18 07:34:16
1,59.910755701459024,2025-01-18 07:34:16
1,32.20415895391884,2025-01-18 07:34:16
1,51.84224638459148,2025-01-18 07:34:16
1,73.19567958084377,2025-01-18 07:34:16
1,52.73673205176556,2025-01-18 07:34:16
1,60.70535163961121,2025-01-18 07:34:16
1,82.75595450726377,2025-01-18 07:34:16
1,62.3950123890916,2025-01-18 07:34:16
1,89.88029416816906,2025-01-18 07:34:16
1,57.24994757872032,2025-01-18 07:34:16
1,41.96980623378883,2025-01-18 07:34:16
1,44.8038589486697,2025-01-18 07:34:16
1,29.514635920334182,2025-01-18 07:34:16
1,35.279355488529134,2025-01-18 07:34:16
1,56.97382707307055,2025-01-18 07:34:16
1,53.22714060551992,2025-01-18 07:34:16
1,37.8084984813183,2025-01-18 07:34:16
1,20.79455367584994,2025-01-18 07:34:16
1,41.76499338530451,2025-01-18 07:34:16
1,58.96340165659496,2025-01-18 07:34:16
1,65.25325003482067,2025-01-18 07:34:16
1,34.48686826948805,2025-01-18 07:34:16
1,85.1865768486844,2025-01-18 07:34:16
1,50.97361594314866,2025-01-18 07:34:16
1,61.12083710434199,2025-01-18 07:34:16
1,27.516302426732928,2025-01-18 07:34:16
1,84.18681980226138,2025-01-18 07:34:16
1,27.47811428081757,2025-01-18 07:34:16
1,72.74626563544555,2025-01-18 07:34:16
1,24.28189516440586,2025-01-18 07:34:16
1,35.013210650784394,2025-01-18 07:34:16
1,84.74842190894607,2025-01-18 07:34:16
1,83.96666385457408,2025-01-18 07:34:16
1,67.06244516549987,2025-01-18 07:34:16
1,97.64994270474877,2025-01-18 07:34:16
1,81.976602187768,2025-01-18 07:34:16
1,70.936351532802,2025-01-18 07:34:16
1,38.639963379744586,2025-01-18 07:34:16
1,78.9182245261416,2025-01-18 07:34:16
1,91.62893295704845,2025-01-18 07:34:16
1,43.08054402275083,2025-01-18 07:34:16
1,78.49002127004486,2025-01-18 07:34:16
1,58.45187368452227,2025-01-18 07:34:16
1,79.2591398752748,2025-01-18 07:34:16
1,98.87799217584673,2025-01-18 07:34:16
1,88.17869322245996,2025-01-18 07:34:16
1,61.539959563138325,2025-01-18 07:34:16
1,35.82981238306445,2025-01-18 07:34:16
1,49.87388040193523,2025-01-18 07:34:16
1,88.4061746332657,2025-01-18 07:34:16
1,32.888872058895366,2025-01-18 07:34:16
1,93.03396614327143,2025-01-18 07:34:16
1,85.25561114821048,2025-01-18 07:34:16
1,43.88903560467307,2025-01-18 07:34:16
1,99.37860300861674,2025-01-18 07:34:16
1,33.55534962993217,2025-01-18 07:34:16
1,76.3934999213162,2025-01-18 07:34:16
1,82.97273129656362,2025-01-18 07:34:16
1,80.22635424860603,2025-01-18 07:34:16
1,65.19471433562624,2025-01-18 07:34:16
1,45.11505236321801,2025-01-18 07:34:16
1,58.91687837130763,2025-01-18 07:34:16
1,23.357344727347904,2025-01-18 07:34:16
1,29.101593757145466,2025-01-18 07:34:16
1,23.15286445500621,2025-01-18 07:34:16
1,21.693073426879074,2025-01-18 07:34:16
1,20.48371149065258,2025-01-18 07:34:16
1,32.40963780642883,2025-01-18 07:34:16
1,37.36864920696314,2025-01-18 07:34:16
1,49.69909608899079,2025-01-18 07:34:16
1,44.83044009807331,2025-01-18 07:34:16
1,95.61225369156902,2025-01-18 07:34:16
1,36.510036894565836,2025-01-18 07:34:16
1,43.57268741293108,2025-01-18 07:34:16
1,84.42693847128479,2025-01-18 07:34:16
1,71.51668897155086,2025-01-18 07:34:16
1,25.937831070994513,2025-01-18 07:34:16
1,75.48871471974851,2025-01-18 07:34:16
1,62.58912978272734,2025-01-18 07:34:16
1,78.18987648504049,2025-01-18 07:34:16
1,81.97225834145442,2025-01-18 07:34:16
1,65.8166249622865,2025-01-18 07:34:16
1,72.04661445644624,2025-01-18 07:34:16
1,45.35332199897641,2025-01-18 07:34:16
1,89.22946909505787,2025-01-18 07:34:16
1,36.561278199693845,2025-01-18 07:34:16
1,50.338216594323384,2025-01-18 07:34:16
1,36.40910171731591,2025-01-18 07:34:16
1,47.603758448078906,2025-01-18 07:34:16
1,96.89344475676594,2025-01-18 07:34:16
1,35.8220922394917,2025-01-18 07:34:16
1,51.13379821188133,2025-01-18 07:34:16
1,90.61569199995103,2025-01-18 07:34:16
1,22.0383312985107,2025-01-18 07:34:16
1,40.4975073961901,2025-01-18 07:34:16
1,80.97650608350871,2025-01-18 07:34:16
1,88.49265012279696,2025-01-18 07:34:16
1,60.909680598941556,2025-01-18 07:34:16
1,26.859098469629153,2025-01-18 07:34:16
1,67.97178235764348,2025-01-18 07:34:16
1,84.38419977931447,2025-01-18 07:34:16
1,87.86004160834004,2025-01-18 07:34:16
1,44.307898515409605,2025-01-18 07:34:16
1,44.13051604759759,2025-01-18 07:34:16
1,25.77541018772977,2025-01-18 07:34:16
1,78.43786205999628,2025-01-18 07:34:16
1,69.22642836415069,2025-01-18 07:34:16
1,63.09997413065568,2025-01-18 07:34:16
1,37.49355061392704,2025-01-18 07:34:16
1,76.66256242266172,2025-01-18 07:34:16
1,50.233915741745975,2025-01-18 07:34:16
1,66.06275420677706,2025-01-18 07:34:16
1,35.85827904470392,2025-01-18 07:34:16
1,51.508923586630374,2025-01-18 07:34:16
1,46.291897550722744,2025-01-18 07:34:16
1,51.72485122628189,2025-01-18 07:34:16
1,83.37038292706902,2025-01-18 07:34:16
1,86.34765228363474,2025-01-18 07:34:16
1,94.04155904306582,2025-01-18 07:34:16
1,74.51538506527493,2025-01-18 07:34:16
1,66.25724052377564,2025-01-18 07:34:16
1,55.56170333707446,2025-01-18 07:34:16
1,56.18397948677246,2025-01-18 07:34:16
1,96.5588547903806,2025-01-18 07:34:16
1,51.274932041092,2025-01-18 07:34:16
1,82.9460571371516,2025-01-18 07:34:16
1,88.51972035480495,2025-01-18 07:34:16
1,50.23933295845946,2025-01-18 07:34:16
1,54.904305764699764,2025-01-18 07:34:16
1,53.31051470370893,2025-01-18 07:34:16
1,91.42574990045881,2025-01-18 07:34:16
1,53.45353766112143,2025-01-18 07:34:16
1,70.32926799262475,2025-01-18 07:34:16
1,47.797309148449294,2025-01-18 07:34:16
1,39.92146255992104,2025-01-18 07:34:16
1,86.86147327263629,2025-01-18 07:34:16
1,34.410992061746846,2025-01-18 07:34:16
1,92.0902369183021,2025-01-18 07:34:16
1,45.26440762314656,2025-01-18 07:34:16
1,84.88073287168086,2025-01-18 07:34:16
1,37.25413643240447,2025-01-18 07:34:16
1,38.27505946052386,2025-01-18 07:34:16
1,50.95876832893414,2025-01-18 07:34:16
1,57.38815035423873,2025-01-18 07:34:16
1,89.53149841707108,2025-01-18 07:34:16
1,85.1470084742616,2025-01-18 07:34:16
1,34.67506600130029,2025-01-18 07:34:16
1,39.88179990594503,2025-01-18 07:34:16
1,85.2659973053237,2025-01-18 07:34:16
1,53.930008033489685,2025-01-18 07:34:16
1,73.8406606146515,2025-01-18 07:34:16
1,67.71915525307827,2025-01-18 07:34:16
1,24.62059713599979,2025-01-18 07:34:16
1,42.01468929402135,2025-01-18 07:34:16
1,26.832134915485042,2025-01-18 07:34:16
1,35.50766706348095,2025-01-18 07:34:16
1,98.31876219314053,2025-01-18 07:34:16
1,74.22293194898077,2025-01-18 07:34:16
1,54.16743907109154,2025-01-18 07:34:16
1,66.84556961277762,2025-01-18 07:34:16
1,55.800984008801855,2025-01-18 07:34:16
1,86.10710876546901,2025-01-18 07:34:16
1,48.13554738840832,2025-01-18 07:34:16
1,56.51250710828184,2025-01-18 07:34:16
1,45.28177075056269,2025-01-18 07:34:16
1,93.55017051637107,2025-01-18 07:34:16
1,58.25154231068393,2025-01-18 07:34:16
1,59.78258483540401,2025-01-18 07:34:16
1,84.21157025005088,2025-01-18 07:34:16
1,50.559252544186684,2025-01-18 07:34:16
1,84.57389892701745,2025-01-18 07:34:16
1,75.87895475172493,2025-01-18 07:34:16
1,30.278080557250995,2025-01-18 07:34:16
1,28.25863694358987,2025-01-18 07:34:16
1,70.86416262433477,2025-01-18 07:34:16
1,63.22021503062197,2025-01-18 07:34:16
1,75.4665458255303,2025-01-18 07:34:16
1,95.81655962238236,2025-01-18 07:34:16
1,64.35923730386205,2025-01-18 07:34:16
1,27.534351068764185,2025-01-18 07:34:16
1,55.90355887162989,2025-01-18 07:34:16
1,20.330419762051825,2025-01-18 07:34:16
1,54.717775217001986,2025-01-18 07:34:16
1,29.510989159031,2025-01-18 07:34:16
1,31.375530389096447,2025-01-18 07:34:16
1,53.599494407491136,2025-01-18 07:34:16
1,62.111451988156546,2025-01-18 07:34:16
1,83.80868484511944,2025-01-18 07:34:16
1,50.05073923074028,2025-01-18 07:34:16
1,20.023881650905217,2025-01-18 07:34:16
1,65.2033595891696,2025-01-18 07:34:16
1,47.358168135933816,2025-01-18 07:34:16
1,54.308467967814586,2025-01-18 07:34:16
1,63.189435230883376,2025-01-18 07:34:16
1,63.07564995333496,2025-01-18 07:34:16
1,81.12761857274037,2025-01-18 07:34:16
1,22.290451707905568,2025-01-18 07:34:16
1,96.20992871909988,2025-01-18 07:34:16
1,48.483878918526244,2025-01-18 07:34:16
1,48.88836866373115,2025-01-18 07:34:16
1,24.155941758048307,2025-01-18 07:34:16
1,78.15448671317893,2025-01-18 07:34:16
1,48.712196111984625,2025-01-18 07:34:16
1,99.03097019158234,2025-01-18 07:34:16
1,88.75819158004253,2025-01-18 07:34:16
1,56.30660062288004,2025-01-18 07:34:16
1,50.52617596895751,2025-01-18 07:34:16
1,25.329846635547515,2025-01-18 07:34:16
1,78.93827565216787,2025-01-18 07:34:16
1,84.31098569212591,2025-01-18 07:34:16
1,41.994105909874754,2025-01-18 07:34:16
1,82.6866424585648,2025-01-18 07:34:16
1,62.48148426418096,2025-01-18 07:34:16
1,78.72313870192713,2025-01-18 07:34:16
1,38.27531734493738,2025-01-18 07:34:16
1,66.91147939726363,2025-01-18 07:34:16
1,58.88106203496295,2025-01-18 07:34:16
1,28.374825556317695,2025-01-18 07:34:16
1,86.77745985065938,2025-01-18 07:34:16
1,81.37318974427725,2025-01-18 07:34:16
1,56.836145451209454,2025-01-18 07:34:16
1,80.80337438151031,2025-01-18 07:34:16
1,27.96222945841926,2025-01-18 07:34:16
1,94.16243268658738,2025-01-18 07:34:16
1,75.88082574569867,2025-01-18 07:34:16
1,47.698532113307294,2025-01-18 07:34:16
1,96.44154364115985,2025-01-18 07:34:16
1,82.03241226376836,2025-01-18 07:34:16
1,82.42922730505684,2025-01-18 07:34:16
1,76.36893795651935,2025-01-18 07:34:16
1,72.27303409113273,2025-01-18 07:34:16
1,34.63585880475881,2025-01-18 07:34:16
1,80.30617614477137,2025-01-18 07:34:16
1,91.94341349208653,2025-01-18 07:34:16
1,88.96166365866559,2025-01-18 07:34:16
1,87.34488211222904,2025-01-18 07:34:16
1,75.23005875463635,2025-01-18 07:34:16
1,34.52906983224969,2025-01-18 07:34:16
1,54.63271108266805,2025-01-18 07:34:16
1,63.1513255911849,2025-01-18 07:34:16
1,92.29314762610986,2025-01-18 07:34:16
1,97.02729056505464,2025-01-18 07:34:16
1,61.26254866072429,2025-01-18 07:34:16
1,88.29144289791115,2025-01-18 07:34:16
1,60.953850977776305,2025-01-18 07:34:16
1,84.97846877494632,2025-01-18 07:34:16
1,66.00922751119177,2025-01-18 07:34:16
1,54.05082696178869,2025-01-18 07:34:16
1,90.87576477825876,2025-01-18 07:34:16
1,40.39511813551521,2025-01-18 07:34:16
1,81.66822684949854,2025-01-18 07:34:16
1,64.07125678538021,2025-01-18 07:34:16
1,28.891850679758726,2025-01-18 07:34:16
1,24.540923436247965,2025-01-18 07:34:16
1,23.02343549473136,2025-01-18 07:34:16
1,43.862063547917984,2025-01-18 07:34:16
1,89.35870805469581,2025-01-18 07:34:16
1,35.89404213849012,2025-01-18 07:34:16
1,22.42651422156716,2025-01-18 07:34:16
1,24.255119082979355,2025-01-18 07:34:16
1,59.34905898433442,2025-01-18 07:34:16
1,84.20775984748441,2025-01-18 07:34:16
1,44.451459972839366,2025-01-18 07:34:16
1,60.43659683005267,2025-01-18 07:34:16
1,96.85931516111856,2025-01-18 07:34:16
1,57.84077155237352,2025-01-18 07:34:16
1,95.47846049065713,2025-01-18 07:34:16
1,79.56596691372562,2025-01-18 07:34:16
1,74.7551245527399,2025-01-18 07:34:16
1,37.74708291893754,2025-01-18 07:34:16
1,42.80010357053464,2025-01-18 07:34:16
1,24.766745298391626,2025-01-18 07:34:16
1,61.18432614465363,2025-01-18 07:34:16
1,31.859232146299856,2025-01-18 07:34:16
1,49.786440551651516,2025-01-18 07:34:16
1,86.78124734162719,2025-01-18 07:34:16
1,91.54818224898118,2025-01-18 07:34:16
1,99.93302965066587,2025-01-18 07:34:16
1,55.11239133315651,2025-01-18 07:34:16
1,37.58423341594231,2025-01-18 07:34:16
1,30.42040401786778,2025-01-18 07:34:16
1,61.58309616898918,2025-01-18 07:34:16
1,21.531840572077094,2025-01-18 07:34:16
1,56.54361712963495,2025-01-18 07:34:16
1,50.316233375112304,2025-01-18 07:34:16
1,72.94093379514895,2025-01-18 07:34:16
1,69.2477299303899,2025-01-18 07:34:16
1,43.300355925070846,2025-01-18 07:34:16
1,29.222939658469535,2025-01-18 07:34:16
1,86.03226911762887,2025-01-18 07:34:16
1,59.63982683551782,2025-01-18 07:34:16
1,70.68998147972806,2025-01-18 07:34:16
1,46.103437256429146,2025-01-18 07:34:16
1,88.8763614373063,2025-01-18 07:34:16
1,77.00513763029812,2025-01-18 07:34:16
1,89.99697869044259,2025-01-18 07:34:16
1,25.32327998716149,2025-01-18 07:34:16
1,57.614929023572216,2025-01-18 07:34:16
1,37.9843665285583,2025-01-18 07:34:16
1,66.00012392542206,2025-01-18 07:34:16
1,39.22766924098547,2025-01-18 07:34:16
1,64.65062577448731,2025-01-18 07:34:16
1,62.36787647755794,2025-01-18 07:34:16
1,28.30582736443869,2025-01-18 07:34:16
1,51.25333394165086,2025-01-18 07:34:16
1,95.55614623592595,2025-01-18 07:34:16
1,70.62691851712754,2025-01-18 07:34:16
1,52.2914957550951,2025-01-18 07:34:16
1,95.91928000005764,2025-01-18 07:34:16
1,69.49628291485627,2025-01-18 07:34:16
1,57.325607289778475,2025-01-18 07:34:16
1,55.02814784633381,2025-01-18 07:34:16
1,47.212246919546445,2025-01-18 07:34:16
1,40.36989326096836,2025-01-18 07:34:16
1,77.91856393887468,2025-01-18 07:34:16
1,73.44936127696121,2025-01-18 07:34:16
1,73.40288536426841,2025-01-18 07:34:16
1,56.732259165520695,2025-01-18 07:34:16
1,76.96596907882763,2025-01-18 07:34:16
1,51.274288068670586,2025-01-18 07:34:16
1,50.80251747674292,2025-01-18 07:34:16
1,77.08390368376584,2025-01-18 07:34:16
1,82.69089823244373,2025-01-18 07:34:16
1,44.525020151863934,2025-01-18 07:34:16
1,32.65758049094848,2025-01-18 07:34:16
1,62.73665395022014,2025-01-18 07:34:16
1,32.25282806743168,2025-01-18 07:34:16
1,54.41583967265248,2025-01-18 07:34:16
1,83.4305546610793,2025-01-18 07:34:16
1,71.14797761111329,2025-01-18 07:34:16
1,85.26267728261726,2025-01-18 07:34:16
1,87.0041353507376,2025-01-18 07:34:16
1,77.74324488778207,2025-01-18 07:34:16
1,95.79531134698684,2025-01-18 07:34:16
1,97.33920445323838,2025-01-18 07:34:16
1,82.98843969471419,2025-01-18 07:34:16
1,92.32574577498109,2025-01-18 07:34:16
1,80.22127119800209,2025-01-18 07:34:16
1,56.10891745293934,2025-01-18 07:34:16
1,77.14915157911017,2025-01-18 07:34:16
1,29.834471073160707,2025-01-18 07:34:16
1,54.59755106112188,2025-01-18 07:34:16
1,75.31848091513126,2025-01-18 07:34:16
1,38.5069212461677,2025-01-18 07:34:16
1,57.14619377400459,2025-01-18 07:34:16
1,61.82229704745407,2025-01-18 07:34:16
1,82.31176113440223,2025-01-18 07:34:16
1,80.71626342514236,2025-01-18 07:34:16
1,35.56181627763636,2025-01-18 07:34:16
1,25.912015258331927,2025-01-18 07:34:16
1,81.23145022942879,2025-01-18 07:34:16
1,56.638882729286365,2025-01-18 07:34:16
1,94.14921889690879,2025-01-18 07:34:16
1,95.05399040431503,2025-01-18 07:34:16
1,71.36512860474636,2025-01-18 07:34:16
1,25.62342713865414,2025-01-18 07:34:16
1,90.75089170148834,2025-01-18 07:34:16
1,48.062613248410784,2025-01-18 07:34:16
1,31.83496379267556,2025-01-18 07:34:16
1,99.22248353659491,2025-01-18 07:34:16
1,53.39708017418487,2025-01-18 07:34:16
1,24.33919179988118,2025-01-18 07:34:16
1,98.78265025828038,2025-01-18 07:34:16
1,33.85989360704704,2025-01-18 07:34:16
1,81.03935466784651,2025-01-18 07:34:16
1,79.45444967730896,2025-01-18 07:34:16
1,54.703249519940194,2025-01-18 07:34:16
1,73.69913747110087,2025-01-18 07:34:16
1,79.90405613187588,2025-01-18 07:34:16
1,54.20023883990002,2025-01-18 07:34:16
1,20.056160012795317,2025-01-18 07:34:16
1,33.780264815740736,2025-01-18 07:34:16
1,27.89583323530799,2025-01-18 07:34:16
1,23.710148332845115,2025-01-18 07:34:16
1,22.49816103553436,2025-01-18 07:34:16
1,95.71280716860778,2025-01-18 07:34:16
1,57.35862284130367,2025-01-18 07:34:16
1,62.693193180643796,2025-01-18 07:34:16
1,70.53979575395618,2025-01-18 07:34:16
1,88.16143975942425,2025-01-18 07:34:16
1,52.88364139287451,2025-01-18 07:34:16
1,31.13075258451679,2025-01-18 07:34:16
1,48.82396953220934,2025-01-18 07:34:16
1,28.05210103732401,2025-01-18 07:34:16
1,52.08891909654607,2025-01-18 07:34:16
1,79.60776666822211,2025-01-18 07:34:16
1,30.670533339682606,2025-01-18 07:34:16
1,39.730392119768176,2025-01-18 07:34:16
1,69.07359808634124,2025-01-18 07:34:16
1,41.25233440761315,2025-01-18 07:34:16
1,42.07893505872495,2025-01-18 07:34:16
1,79.31792161036722,2025-01-18 07:34:16
1,81.58105156129417,2025-01-18 07:34:16
1,36.39661994015775,2025-01-18 07:34:16
1,48.92719707508743,2025-01-18 07:34:16
1,81.60428201944598,2025-01-18 07:34:16
1,28.1659740093517,2025-01-18 07:34:16
1,97.73043484678276,2025-01-18 07:34:16
1,27.04305187251795,2025-01-18 07:34:16
1,59.48999491320406,2025-01-18 07:34:16
1,21.566485431126257,2025-01-18 07:34:16
1,43.66509888611652,2025-01-18 07:34:16
1,99.66150805093798,2025-01-18 07:34:16
1,89.28756443097548,2025-01-18 07:34:16
1,46.294487952734656,2025-01-18 07:34:16
1,35.12293182973751,2025-01-18 07:34:16
1,71.20718178162376,2025-01-18 07:34:16
1,64.08848612553147,2025-01-18 07:34:16
1,28.236678017124763,2025-01-18 07:34:16
1,27.561733358937275,2025-01-18 07:34:16
1,74.55951799922583,2025-01-18 07:34:16
1,91.61941486430106,2025-01-18 07:34:16
1,70.41609444910344,2025-01-18 07:34:16
1,85.96172220560112,2025-01-18 07:34:16
1,45.521437497755514,2025-01-18 07:34:16
1,61.46789457495351,2025-01-18 07:34:16
1,41.512182485424205,2025-01-18 07:34:16
1,82.79820296974185,2025-01-18 07:34:16
1,77.91851717223182,2025-01-18 07:34:16
1,63.95016494604608,2025-01-18 07:34:16
1,79.16906894352645,2025-01-18 07:34:16
1,81.24855342711611,2025-01-18 07:34:16
1,85.7805494095526,2025-01-18 07:34:16
1,32.58586852057925,2025-01-18 07:34:16
1,88.42614937089559,2025-01-18 07:34:16
1,55.991575776108284,2025-01-18 07:34:16
1,22.957626112479062,2025-01-18 07:34:16
1,36.44786254367713,2025-01-18 07:34:16
1,83.25562656118962,2025-01-18 07:34:16
1,78.72956245024956,2025-01-18 07:34:16
1,29.35952563410701,2025-01-18 07:34:16
1,97.03309386890267,2025-01-18 07:34:16
1,85.31037330945084,2025-01-18 07:34:16
1,35.6347597971338,2025-01-18 07:34:16
1,27.766921680191004,2025-01-18 07:34:16
1,72.27811003431995,2025-01-18 07:34:16
1,99.96582777288053,2025-01-18 07:34:16
1,44.65840237436824,2025-01-18 07:34:16
1,24.78161041595329,2025-01-18 07:34:16
1,68.81660102968007,2025-01-18 07:34:16
1,99.18164790659117,2025-01-18 07:34:16
1,34.16729157968345,2025-01-18 07:34:16
1,64.6386534530966,2025-01-18 07:34:16
1,60.64062229613198,2025-01-18 07:34:16
1,89.34867252699364,2025-01-18 07:34:16
1,31.490550723362265,2025-01-18 07:34:16
1,61.36761868500947,2025-01-18 07:34:16
1,95.55368763809716,2025-01-18 07:34:16
1,81.98968239864082,2025-01-18 07:34:16
1,20.39288882747438,2025-01-18 07:34:16
1,75.2956281677929,2025-01-18 07:34:16
1,52.08737684508134,2025-01-18 07:34:16
1,38.3943374599466,2025-01-18 07:34:16
1,84.97926599580907,2025-01-18 07:34:16
1,65.7008145373648,2025-01-18 07:34:16
1,86.79528424840589,2025-01-18 07:34:16
1,47.49766955441993,2025-01-18 07:34:16
1,98.78996109985263,2025-01-18 07:34:16
1,34.18161175646133,2025-01-18 07:34:16
1,24.1496301484454,2025-01-18 07:34:16
1,46.542822863037244,2025-01-18 07:34:16
1,47.76833047244901,2025-01-18 07:34:16
1,98.56525917840362,2025-01-18 07:34:16
1,77.370328770279,2025-01-18 07:34:16
1,39.74228206874706,2025-01-18 07:34:16
1,65.00706861071892,2025-01-18 07:34:16
1,86.8210748379507,2025-01-18 07:34:16
1,30.65579736721494,2025-01-18 07:34:16
1,99.89124022749712,2025-01-18 07:34:16
1,70.77159456201889,2025-01-18 07:34:16
1,95.809018915404,2025-01-18 07:34:16
1,49.847718880891534,2025-01-18 07:34:16
1,43.01352228905743,2025-01-18 07:34:16
1,63.0565434088545,2025-01-18 07:34:16
1,76.33714598007087,2025-01-18 07:34:16
1,88.52650383168688,2025-01-18 07:34:16
1,22.216363318085985,2025-01-18 07:34:16
1,26.560501192851042,2025-01-18 07:34:16
1,55.826479702030696,2025-01-18 07:34:16
1,49.68136983215391,2025-01-18 07:34:16
1,52.84894820666605,2025-01-18 07:34:16
1,57.31262891605609,2025-01-18 07:34:16
1,52.5758388571638,2025-01-18 07:34:16
1,28.958939543477953,2025-01-18 07:34:16
1,96.6713247860383,2025-01-18 07:34:16
1,58.64078292490775,2025-01-18 07:34:16
1,83.89621989398151,2025-01-18 07:34:16
1,59.12239059083827,2025-01-18 07:34:16
1,22.95649181294116,2025-01-18 07:34:16
1,57.72790697671716,2025-01-18 07:34:16
1,62.54431588507045,2025-01-18 07:34:16
1,54.85913600403302,2025-01-18 07:34:16
1,99.03573953753381,2025-01-18 07:34:16
1,79.56306939866579,2025-01-18 07:34:16
1,43.97746864514914,2025-01-18 07:34:16
1,22.662936220447534,2025-01-18 07:34:16
1,68.67581645133261,2025-01-18 07:34:16
1,25.19078058357917,2025-01-18 07:34:16
1,71.798464550908,2025-01-18 07:34:16
1,21.886453056719965,2025-01-18 07:34:16
1,32.849619208198966,2025-01-18 07:34:16
1,50.950938352269915,2025-01-18 07:34:16
1,24.240629698368508,2025-01-18 07:34:16
1,38.546586009394815,2025-01-18 07:34:16
1,39.6111254778243,2025-01-18 07:34:16
1,56.18282569978068,2025-01-18 07:34:16
1,90.20768079913843,2025-01-18 07:34:16
1,88.55273592446473,2025-01-18 07:34:16
1,41.280465261521904,2025-01-18 07:34:16
1,39.582066369961524,2025-01-18 07:34:16
1,36.939742737640685,2025-01-18 07:34:16
1,29.304332187805564,2025-01-18 07:34:16
1,57.76300592004667,2025-01-18 07:34:16
1,38.3117458967495,2025-01-18 07:34:16
1,35.228302160333804,2025-01-18 07:34:16
1,42.831591090989185,2025-01-18 07:34:16
1,55.81692989901767,2025-01-18 07:34:16
1,58.15650192773638,2025-01-18 07:34:16
1,30.674269336196698,2025-01-18 07:34:16
1,77.71692703153745,2025-01-18 07:34:16
1,83.0729704987116,2025-01-18 07:34:16
1,66.12757881745762,2025-01-18 07:34:16
1,73.320758295926,2025-01-18 07:34:16
1,22.98496425863135,2025-01-18 07:34:16
1,43.54946778437473,2025-01-18 07:34:16
1,39.18880341437213,2025-01-18 07:34:16
1,36.50307980424515,2025-01-18 07:34:16
1,39.74812716406064,2025-01-18 07:34:16
1,54.69498173525714,2025-01-18 07:34:16
1,89.33614714215275,2025-01-18 07:34:16
1,69.79613502652975,2025-01-18 07:34:16
1,46.806130874027915,2025-01-18 07:34:16
1,49.3623535625876,2025-01-18 07:34:16
1,51.12027319307301,2025-01-18 07:34:16
1,98.51340562499838,2025-01-18 07:34:16
1,67.2815914858131,2025-01-18 07:34:16
1,34.45271844439475,2025-01-18 07:34:16
1,76.3872749542582,2025-01-18 07:34:16
1,90.83396061224374,2025-01-18 07:34:16
1,51.53124499726901,2025-01-18 07:34:16
1,97.03850010555206,2025-01-18 07:34:16
1,39.592962113101294,2025-01-18 07:34:16
1,92.71726043086217,2025-01-18 07:34:16
1,93.41769578880641,2025-01-18 07:34:16
1,88.65140731503274,2025-01-18 07:34:16
1,25.201658947535428,2025-01-18 07:34:16
1,20.28117232562602,2025-01-18 07:34:16
1,41.558901390341035,2025-01-18 07:34:16
1,89.42406222101026,2025-01-18 07:34:16
1,31.842985056143682,2025-01-18 07:34:16
1,79.05110078576317,2025-01-18 07:34:16
1,53.96208962851732,2025-01-18 07:34:16
1,62.77145197546019,2025-01-18 07:34:16
1,21.70061456758379,2025-01-18 07:34:16
1,84.45540368119248,2025-01-18 07:34:16
1,95.94284450842662,2025-01-18 07:34:16
1,51.209689542134456,2025-01-18 07:34:16
1,98.23672079057143,2025-01-18 07:34:16
1,55.2053768784112,2025-01-18 07:34:16
1,64.25412148974449,2025-01-18 07:34:16
1,61.83925358358108,2025-01-18 07:34:16
1,49.52597378918689,2025-01-18 07:34:16
1,31.99294813283121,2025-01-18 07:34:16
1,79.3895024039625,2025-01-18 07:34:16
1,81.79562427524318,2025-01-18 07:34:16
1,29.909399699871084,2025-01-18 07:34:16
1,49.61051174950452,2025-01-18 07:34:16
1,90.86048122373886,2025-01-18 07:34:16
1,90.9110685080544,2025-01-18 07:34:16
1,94.47382408461885,2025-01-18 07:34:16
1,71.27583585515558,2025-01-18 07:34:16
1,27.000490793223094,2025-01-18 07:34:16
1,24.71391761277119,2025-01-18 07:34:16
1,53.7901017543287,2025-01-18 07:34:16
1,56.47970892646154,2025-01-18 07:34:16
1,39.28867052886976,2025-01-18 07:34:16
1,44.64045157356219,2025-01-18 07:34:16
1,89.1740236751862,2025-01-18 07:34:16
1,77.18626171713784,2025-01-18 07:34:16
1,35.85836315826339,2025-01-18 07:34:16
1,55.32013882171074,2025-01-18 07:34:16
1,33.09176926012813,2025-01-18 07:34:16
1,71.79386464214001,2025-01-18 07:34:16
1,89.4196967082929,2025-01-18 07:34:16
1,61.66317721360289,2025-01-18 07:34:16
1,63.661322971184916,2025-01-18 07:34:16
1,37.28308359041659,2025-01-18 07:34:16
1,76.63876892867313,2025-01-18 07:34:16
1,44.13108415681276,2025-01-18 07:34:16
1,23.39242702110254,2025-01-18 07:34:16
1,32.97828748899971,2025-01-18 07:34:16
1,74.67998608206162,2025-01-18 07:34:16
1,87.94613675241315,2025-01-18 07:34:16
1,76.37775746939158,2025-01-18 07:34:16
1,93.68460699587669,2025-01-18 07:34:16
1,46.35210650296059,2025-01-18 07:34:16
1,20.969624823133756,2025-01-18 07:34:16
1,78.41795602178318,2025-01-18 07:34:16
1,50.52181636923243,2025-01-18 07:34:16
1,32.746657949454374,2025-01-18 07:34:16
1,41.2992891877255,2025-01-18 07:34:16
1,35.256289359542635,2025-01-18 07:34:16
1,51.066926300240496,2025-01-18 07:34:16
1,97.76031647115639,2025-01-18 07:34:16
1,51.661355498212174,2025-01-18 07:34:16
1,39.624811142935584,2025-01-18 07:34:16
1,57.2275757900067,2025-01-18 07:34:16
1,84.16941072996323,2025-01-18 07:34:16
1,28.968353951654393,2025-01-18 07:34:16
1,51.89228236264257,2025-01-18 07:34:16
1,75.99895194443337,2025-01-18 07:34:16
1,42.475520629636335,2025-01-18 07:34:16
1,52.832010459426,2025-01-18 07:34:16
1,53.65736619075872,2025-01-18 07:34:16
1,41.29644912707705,2025-01-18 07:34:16
1,62.89390947955026,2025-01-18 07:34:16
1,40.61719888775215,2025-01-18 07:34:16
1,99.76015283397398,2025-01-18 07:34:16
1,78.75184072126574,2025-01-18 07:34:16
1,46.03743168948077,2025-01-18 07:34:16
1,33.54147914388981,2025-01-18 07:34:16
1,43.615364747326566,2025-01-18 07:34:16
1,54.97884965476901,2025-01-18 07:34:16
1,90.00105959685206,2025-01-18 07:34:16
1,68.25711083035935,2025-01-18 07:34:16
1,95.64863961893514,2025-01-18 07:34:16
1,21.04737526109907,2025-01-18 07:34:16
1,94.2246320823487,2025-01-18 07:34:16
1,75.82173734055759,2025-01-18 07:34:16
1,29.697769618520653,2025-01-18 07:34:16
1,42.69354252625703,2025-01-18 07:34:16
1,71.53347901848807,2025-01-18 07:34:16
1,67.44633561493526,2025-01-18 07:34:16
1,74.1407367256623,2025-01-18 07:34:16
1,95.86251453849543,2025-01-18 07:34:16
1,73.07844661464051,2025-01-18 07:34:16
1,45.85495458036462,2025-01-18 07:34:16
1,96.12037723438321,2025-01-18 07:34:16
1,54.14925265291819,2025-01-18 07:34:16
1,76.01712173498306,2025-01-18 07:34:16
1,88.7603474613889,2025-01-18 07:34:16
1,92.73038431692656,2025-01-18 07:34:16
1,67.46437759699117,2025-01-18 07:34:16
1,71.16686511705092,2025-01-18 07:34:16
1,80.54306592145136,2025-01-18 07:34:16
1,93.18994790801258,2025-01-18 07:34:16
1,45.58641334492784,2025-01-18 07:34:16
1,53.3499090541153,2025-01-18 07:34:16
1,74.07637228057783,2025-01-18 07:34:16
1,63.167179355281505,2025-01-18 07:34:16
1,44.35037016205711,2025-01-18 07:34:16
1,61.826799577641694,2025-01-18 07:34:16
1,86.69649599834977,2025-01-18 07:34:16
1,94.70169319404276,2025-01-18 07:34:16
1,67.11001515180021,2025-01-18 07:34:16
1,77.7137478235727,2025-01-18 07:34:16
1,20.459129298984973,2025-01-18 07:34:16
1,44.074388211020405,2025-01-18 07:34:16
1,85.90071886844379,2025-01-18 07:34:16
1,38.42823809146327,2025-01-18 07:34:16
1,83.76608303894528,2025-01-18 07:34:16
1,72.58443330565632,2025-01-18 07:34:16
1,36.947780014444625,2025-01-18 07:34:16
1,25.49418521929936,2025-01-18 07:34:16
1,89.76017027933523,2025-01-18 07:34:16
1,77.16563436349004,2025-01-18 07:34:16
1,42.63608865078366,2025-01-18 07:34:16
1,32.9650967919128,2025-01-18 07:34:16
1,82.14913429906227,2025-01-18 07:34:16
1,50.51236137714429,2025-01-18 07:34:16
1,21.089209033504794,2025-01-18 07:34:16
1,87.93397860736037,2025-01-18 07:34:16
1,83.73222279653447,2025-01-18 07:34:16
1,87.81273039410812,2025-01-18 07:34:16
1,25.305341368868373,2025-01-18 07:34:16
1,85.10983739084834,2025-01-18 07:34:16
1,28.318696054409003,2025-01-18 07:34:16
1,80.28147619817923,2025-01-18 07:34:16
1,64.58857465111993,2025-01-18 07:34:16
1,87.85665946422748,2025-01-18 07:34:16
1,99.81692626112186,2025-01-18 07:34:16
1,57.091034402437955,2025-01-18 07:34:16
1,99.3903153111456,2025-01-18 07:34:16
1,82.6298836460208,2025-01-18 07:34:16
1,48.70410771678752,2025-01-18 07:34:16
1,23.14189928259293,2025-01-18 07:34:16
1,83.80068201057838,2025-01-18 07:34:16
1,44.79037055474513,2025-01-18 07:34:16
1,30.524496393672813,2025-01-18 07:34:16
1,72.93667570303933,2025-01-18 07:34:16
1,78.0782768187396,2025-01-18 07:34:16
1,99.74794435823526,2025-01-18 07:34:16
1,30.867801795411324,2025-01-18 07:34:16
1,61.16734871934972,2025-01-18 07:34:16
1,99.32755927007146,2025-01-18 07:34:16
1,41.69590403447482,2025-01-18 07:34:16
1,72.79143638003319,2025-01-18 07:34:16
1,65.81790415211468,2025-01-18 07:34:16
1,25.3271704891731,2025-01-18 07:34:16
1,85.38819703805537,2025-01-18 07:34:16
1,20.487182511575686,2025-01-18 07:34:16
1,62.39592348635371,2025-01-18 07:34:16
1,67.59908730990445,2025-01-18 07:34:16
1,61.323461858872605,2025-01-18 07:34:16
1,87.32940810402,2025-01-18 07:34:16
1,48.76208588379522,2025-01-18 07:34:16
1,92.38627853782484,2025-01-18 07:34:16
1,94.09367169656963,2025-01-18 07:34:16
1,32.36907361664997,2025-01-18 07:34:16
1,27.8176173090674,2025-01-18 07:34:16
1,45.129313815635726,2025-01-18 07:34:16
1,69.68908034410434,2025-01-18 07:34:16
1,60.24534950511051,2025-01-18 07:34:16
1,57.485616659659975,2025-01-18 07:34:16
1,49.456357494392094,2025-01-18 07:34:16
1,47.49814090729107,2025-01-18 07:34:16
1,84.83761335461358,2025-01-18 07:34:16
1,23.79653578962796,2025-01-18 07:34:16
1,20.301148734079597,2025-01-18 07:34:16
1,39.426448965364436,2025-01-18 07:34:16
1,92.99048986617979,2025-01-18 07:34:16
1,87.5589136595595,2025-01-18 07:34:16
1,29.155270575134374,2025-01-18 07:34:16
1,73.32312193581433,2025-01-18 07:34:16
1,32.65763689490454,2025-01-18 07:34:16
1,21.0313547659472,2025-01-18 07:34:16
1,45.52402638425563,2025-01-18 07:34:16
1,51.71983691178427,2025-01-18 07:34:16
1,39.179754147907005,2025-01-18 07:34:16
1,36.33840965151975,2025-01-18 07:34:16
1,49.13125144124672,2025-01-18 07:34:16
1,95.3127082406425,2025-01-18 07:34:16
1,22.444489916791568,2025-01-18 07:34:16
1,97.70971116575274,2025-01-18 07:34:16
1,92.84886113549028,2025-01-18 07:34:16
1,74.24482656264975,2025-01-18 07:34:16
1,27.031422248738313,2025-01-18 07:34:16
1,58.68260458739271,2025-01-18 07:34:16
1,27.305257364024158,2025-01-18 07:34:16
1,27.036912233693844,2025-01-18 07:34:16
1,66.05637840202857,2025-01-18 07:34:16
1,62.64530125468604,2025-01-18 07:34:16
1,22.43276861900285,2025-01-18 07:34:16
1,67.49470223420104,2025-01-18 07:34:16
1,62.01861804082047,2025-01-18 07:34:16
1,60.417210780923554,2025-01-18 07:34:16
1,35.85157371141997,2025-01-18 07:34:16
1,75.57241566297006,2025-01-18 07:34:16
1,50.33205323252544,2025-01-18 07:34:16
1,44.61751055548791,2025-01-18 07:34:16
1,23.146792381769732,2025-01-18 07:34:16
1,39.43190009045583,2025-01-18 07:34:16
1,22.38561751268719,2025-01-18 07:34:16
1,56.93998580382937,2025-01-18 07:34:16
1,99.3085359770167,2025-01-18 07:34:16
1,69.75063381816908,2025-01-18 07:34:16
1,50.585304272960784,2025-01-18 07:34:16
1,22.89629556437462,2025-01-18 07:34:16
1,34.715151433066666,2025-01-18 07:34:16
1,36.975295204075145,2025-01-18 07:34:16
1,56.45720334444481,2025-01-18 07:34:16
1,49.864127235032576,2025-01-18 07:34:16
1,34.33004126943311,2025-01-18 07:34:16
1,29.88501390568245,2025-01-18 07:34:16
1,74.63210435462116,2025-01-18 07:34:16
1,63.41173981144733,2025-01-18 07:34:16
1,31.310416229483018,2025-01-18 07:34:16
1,77.19415949491405,2025-01-18 07:34:16
1,60.785374397182615,2025-01-18 07:34:16
1,83.283785953098,2025-01-18 07:34:16
1,26.064689919599537,2025-01-18 07:34:16
1,62.176931665105855,2025-01-18 07:34:16
1,55.6906115649915,2025-01-18 07:34:16
1,79.61105473429475,2025-01-18 07:34:16
1,40.5452234522259,2025-01-18 07:34:16
1,97.02286236050287,2025-01-18 07:34:16
1,75.12505935956298,2025-01-18 07:34:16
1,74.55757049253793,2025-01-18 07:34:16
1,85.6279548459378,2025-01-18 07:34:16
1,84.68918276770795,2025-01-18 07:34:16
1,89.63239217615177,2025-01-18 07:34:16
1,94.83573236918757,2025-01-18 07:34:16
1,36.57126744992319,2025-01-18 07:34:16
1,87.36064088850542,2025-01-18 07:34:16
1,58.535268519999015,2025-01-18 07:34:16
1,59.01491996815945,2025-01-18 07:34:16
1,37.6578010490436,2025-01-18 07:34:16
1,40.361894218324174,2025-01-18 07:34:16
1,75.45149019242207,2025-01-18 07:34:16
1,66.7149240375281,2025-01-18 07:34:16
1,35.83703613207619,2025-01-18 07:34:16
1,97.40960095365432,2025-01-18 07:34:16
1,31.07883103214876,2025-01-18 07:34:16
1,44.92561202275163,2025-01-18 07:34:16
1,72.01955403520799,2025-01-18 07:34:16
1,51.591030217611014,2025-01-18 07:34:16
1,55.35319424295522,2025-01-18 07:34:16
1,42.733735750079276,2025-01-18 07:34:16
1,66.61395186551455,2025-01-18 07:34:16
1,56.54662407520826,2025-01-18 07:34:16
1,74.27895578001255,2025-01-18 07:34:16
1,37.85848456337527,2025-01-18 07:34:16
1,60.23759571725898,2025-01-18 07:34:16
1,47.50178620752781,2025-01-18 07:34:16
1,43.04204224728629,2025-01-18 07:34:16
1,37.084554579643694,2025-01-18 07:34:16
1,52.61828950308669,2025-01-18 07:34:16
1,27.22042640544184,2025-01-18 07:34:16
1,97.27094192242429,2025-01-18 07:34:16
1,92.70110262385087,2025-01-18 07:34:16
1,85.21637634038252,2025-01-18 07:34:16
1,39.51890550743713,2025-01-18 07:34:16
1,32.1109107201785,2025-01-18 07:34:16
1,76.696532144663,2025-01-18 07:34:16
1,48.28305282817175,2025-01-18 07:34:16
1,95.61469310394708,2025-01-18 07:34:16
1,91.91842212332,2025-01-18 07:34:16
1,36.00306622939371,2025-01-18 07:34:16
1,67.63728217843891,2025-01-18 07:34:16
1,37.773865096573516,2025-01-18 07:34:16
1,41.7935500636103,2025-01-18 07:34:16
1,90.21616919842124,2025-01-18 07:34:16
1,69.18776292365854,2025-01-18 07:34:16
1,23.753246570364126,2025-01-18 07:34:16
1,39.20448936828884,2025-01-18 07:34:16
1,81.65497715934771,2025-01-18 07:34:16
1,68.03643620617994,2025-01-18 07:34:16
1,74.43538998209974,2025-01-18 07:34:16
1,21.95724555967513,2025-01-18 07:34:16
1,80.54064912008675,2025-01-18 07:34:16
1,98.46863967285786,2025-01-18 07:34:16
1,75.83193838762618,2025-01-18 07:34:16
1,40.42032621492595,2025-01-18 07:34:16
1,79.35646303113018,2025-01-18 07:34:16
1,99.99802204017068,2025-01-18 07:34:16
1,50.991223506611334,2025-01-18 07:34:16
1,59.72788190967606,2025-01-18 07:34:16
1,92.19246850194361,2025-01-18 07:34:16
1,44.28101576016766,2025-01-18 07:34:16
1,77.27176365869403,2025-01-18 07:34:16
1,56.95606198592123,2025-01-18 07:34:16
1,57.28189184812308,2025-01-18 07:34:16
1,90.84446743445854,2025-01-18 07:34:16
1,25.72124436815394,2025-01-18 07:34:16
1,76.93028711539363,2025-01-18 07:34:16
1,63.014212825261346,2025-01-18 07:34:16
1,42.91952901984408,2025-01-18 07:34:16
1,73.76939470272778,2025-01-18 07:34:16
1,77.04979284278853,2025-01-18 07:34:16
1,69.01079971050679,2025-01-18 07:34:16
1,83.15572130756438,2025-01-18 07:34:16
1,62.63457579744891,2025-01-18 07:34:16
1,55.749126360088646,2025-01-18 07:34:16
1,92.16421236909353,2025-01-18 07:34:16
1,65.12253134910539,2025-01-18 07:34:16
1,93.35884557230338,2025-01-18 07:34:16
1,64.0583425557889,2025-01-18 07:34:16
1,56.29895180235887,2025-01-18 07:34:16
1,92.23824740139679,2025-01-18 07:34:16
1,61.446045463110735,2025-01-18 07:34:16
1,52.282582104551295,2025-01-18 07:34:16
1,55.723810134498535,2025-01-18 07:34:16
1,59.13088151369975,2025-01-18 07:34:16
1,34.710839709873575,2025-01-18 07:34:16
1,34.76482175612163,2025-01-18 07:34:16
1,99.42063116920235,2025-01-18 07:34:16
1,79.55623247012191,2025-01-18 07:34:16
1,20.139486883172715,2025-01-18 07:34:16
1,37.07437672243809,2025-01-18 07:34:16
1,73.06823567937867,2025-01-18 07:34:16
1,46.53659892736043,2025-01-18 07:34:16
1,50.6314609963739,2025-01-18 07:34:16
1,67.80004122332902,2025-01-18 07:34:16
1,39.05562577751836,2025-01-18 07:34:16
1,89.28535926882667,2025-01-18 07:34:16
1,64.38547417121922,2025-01-18 07:34:16
1,71.23619896306886,2025-01-18 07:34:16
1,63.14279544730523,2025-01-18 07:34:16
1,45.776465134676194,2025-01-18 07:34:16
1,55.95382253642732,2025-01-18 07:34:16
1,86.46480058288668,2025-01-18 07:34:16
1,26.57604260087868,2025-01-18 07:34:16
1,47.67064980739998,2025-01-18 07:34:16
1,31.803475228119737,2025-01-18 07:34:16
1,88.44725565105291,2025-01-18 07:34:16
1,60.71123135259156,2025-01-18 07:34:16
1,26.838760053095257,2025-01-18 07:34:16
1,87.24447667128604,2025-01-18 07:34:16
1,57.637421506806454,2025-01-18 07:34:16
1,53.62808505156481,2025-01-18 07:34:16
1,22.2412680508874,2025-01-18 07:34:16
1,55.85133078542753,2025-01-18 07:34:16
1,34.809563781669645,2025-01-18 07:34:16
1,56.32022082634944,2025-01-18 07:34:16
1,41.13828139628093,2025-01-18 07:34:16
1,57.75874023060108,2025-01-18 07:34:16
1,97.25505959873013,2025-01-18 07:34:16
1,52.98285367867705,2025-01-18 07:34:16
1,90.92569396772207,2025-01-18 07:34:16
1,22.57843604838282,2025-01-18 07:34:16
1,45.682131534761254,2025-01-18 07:34:16
1,37.5355888748541,2025-01-18 07:34:16
1,90.8257162432107,2025-01-18 07:34:16
1,26.97537370066403,2025-01-18 07:34:16
1,26.999648987784532,2025-01-18 07:34:16
1,25.805291947872355,2025-01-18 07:34:16
1,68.88804766305977,2025-01-18 07:34:16
1,43.69590315803271,2025-01-18 07:34:16
1,77.91327610827251,2025-01-18 07:34:16
1,85.74083518425195,2025-01-18 07:34:16
1,39.42470106679877,2025-01-18 07:34:16
1,33.22287193803518,2025-01-18 07:34:16
1,51.94476954592088,2025-01-18 07:34:16
1,20.317173308642936,2025-01-18 07:34:16
1,45.18251732242856,2025-01-18 07:34:16
1,58.62163490536848,2025-01-18 07:34:16
1,24.533063501995336,2025-01-18 07:34:16
1,22.93443290180108,2025-01-18 07:34:16
1,81.53127239813159,2025-01-18 07:34:16
1,39.755318531578496,2025-01-18 07:34:16
1,62.875762975804115,2025-01-18 07:34:16
1,67.89932160107898,2025-01-18 07:34:16
1,21.346494584203537,2025-01-18 07:34:16
1,56.52568044114419,2025-01-18 07:34:16
1,72.74525149611281,2025-01-18 07:34:16
1,66.13620460335716,2025-01-18 07:34:16
1,62.59383472344194,2025-01-18 07:34:16
1,85.65773360653225,2025-01-18 07:34:16
1,85.88849144813027,2025-01-18 07:34:16
1,44.25898443645458,2025-01-18 07:34:16
1,29.9107132125135,2025-01-18 07:34:16
1,94.98970855004492,2025-01-18 07:34:16
1,51.243209497865216,2025-01-18 07:34:16
1,47.548138285243965,2025-01-18 07:34:16
1,42.174672068915754,2025-01-18 07:34:16
1,23.7233696012133,2025-01-18 07:34:16
1,36.95210295408564,2025-01-18 07:34:16
1,25.068156955071075,2025-01-18 07:34:16
1,87.92875555462734,2025-01-18 07:34:16
1,27.594511245624034,2025-01-18 07:34:16
1,78.73507332975652,2025-01-18 07:34:16
1,75.43270409828331,2025-01-18 07:34:16
1,46.447583213400975,2025-01-18 07:34:16
1,35.997992865092414,2025-01-18 07:34:16
1,74.3258133438543,2025-01-18 07:34:16
1,90.33979461409926,2025-01-18 07:34:16
1,77.45927665198333,2025-01-18 07:34:16
1,21.909072105084437,2025-01-18 07:34:16
1,35.36106622234001,2025-01-18 07:34:16
1,21.771343562919476,2025-01-18 07:34:16
1,60.39767263331696,2025-01-18 07:34:16
1,51.00693191684278,2025-01-18 07:34:16
1,46.94689550308831,2025-01-18 07:34:16
1,83.2237786775007,2025-01-18 07:34:16
1,76.11103042221757,2025-01-18 07:34:16
1,55.59517384647041,2025-01-18 07:34:16
1,53.92282896678155,2025-01-18 07:34:16
1,89.92697855570295,2025-01-18 07:34:16
1,61.849567891285034,2025-01-18 07:34:16
1,34.35581547860935,2025-01-18 07:34:16
1,89.22855512854674,2025-01-18 07:34:16
1,38.129497513740205,2025-01-18 07:34:16
1,26.089226244749106,2025-01-18 07:34:16
1,47.65499837673411,2025-01-18 07:34:16
1,26.800632876361128,2025-01-18 07:34:16
1,26.859210932312383,2025-01-18 07:34:16
1,94.77132376333854,2025-01-18 07:34:16
1,72.05348297503966,2025-01-18 07:34:16
1,27.602887266654967,2025-01-18 07:34:16
1,20.940594202459827,2025-01-18 07:34:16
1,99.15204508891777,2025-01-18 07:34:16
1,40.640575009406355,2025-01-18 07:34:16
1,40.41249000814716,2025-01-18 07:34:16
1,72.49675145227187,2025-01-18 07:34:16
1,87.85077577486285,2025-01-18 07:34:16
1,29.255373558250888,2025-01-18 07:34:16
1,89.43401034748227,2025-01-18 07:34:16
1,80.96341954126264,2025-01-18 07:34:16
1,23.59700379776153,2025-01-18 07:34:16
1,75.42012286602031,2025-01-18 07:34:16
1,98.28303498369709,2025-01-18 07:34:16
1,30.87793447971177,2025-01-18 07:34:16
1,64.18447051242948,2025-01-18 07:34:16
1,52.567886362147256,2025-01-18 07:34:16
1,34.26304223372732,2025-01-18 07:34:16
1,60.846811745302944,2025-01-18 07:34:16
1,81.18659779844627,2025-01-18 07:34:16
1,20.86266044964244,2025-01-18 07:34:16
1,82.37559991632716,2025-01-18 07:34:16
1,26.125800004509195,2025-01-18 07:34:16
1,46.094177845337455,2025-01-18 07:34:16
1,71.35967442188961,2025-01-18 07:34:16
1,42.203357626376025,2025-01-18 07:34:16
1,62.0529342094821,2025-01-18 07:34:16
1,82.6984330396777,2025-01-18 07:34:16
1,52.96791304575565,2025-01-18 07:34:16
1,40.11346438562672,2025-01-18 07:34:16
1,55.01395445983326,2025-01-18 07:34:16
1,45.00977966972923,2025-01-18 07:34:16
1,46.93039379421422,2025-01-18 07:34:16
1,27.100275955269815,2025-01-18 07:34:16
1,64.64330319523594,2025-01-18 07:34:16
1,52.494189659049255,2025-01-18 07:34:16
1,72.49564578611142,2025-01-18 07:34:16
1,61.98409240501191,2025-01-18 07:34:16
1,34.83516263575428,2025-01-18 07:34:16
1,87.41116636658529,2025-01-18 07:34:16
1,26.521219500120353,2025-01-18 07:34:16
1,77.30134021975482,2025-01-18 07:34:16
1,68.37189801878111,2025-01-18 07:34:16
1,46.513240126071935,2025-01-18 07:34:16
1,92.11082674452635,2025-01-18 07:34:16
1,95.13349367455513,2025-01-18 07:34:16
1,49.899337421653684,2025-01-18 07:34:16
1,79.08061406128004,2025-01-18 07:34:16
1,87.73818124075476,2025-01-18 07:34:16
1,61.892228326783744,2025-01-18 07:34:16
1,43.42800640176289,2025-01-18 07:34:16
1,66.95001476730141,2025-01-18 07:34:16
1,56.592055653692945,2025-01-18 07:34:16
1,24.449443458733178,2025-01-18 07:34:16
1,93.21781767791501,2025-01-18 07:34:16
1,95.7082970928729,2025-01-18 07:34:16
1,39.32872103613292,2025-01-18 07:34:16
1,82.57518827779583,2025-01-18 07:34:16
1,56.46691018584146,2025-01-18 07:34:16
1,44.89185325105183,2025-01-18 07:34:16
1,24.399334978006706,2025-01-18 07:34:16
1,61.37135026822573,2025-01-18 07:34:16
1,94.5493367221505,2025-01-18 07:34:16
1,53.32332513674202,2025-01-18 07:34:16
1,78.73796881903165,2025-01-18 07:34:16
1,58.93227021326141,2025-01-18 07:34:16
1,66.95350196422544,2025-01-18 07:34:16
1,27.242791264840662,2025-01-18 07:34:16
1,66.28069581047045,2025-01-18 07:34:16
1,21.551708297095455,2025-01-18 07:34:16
1,28.28174952665239,2025-01-18 07:34:16
1,38.31773225661264,2025-01-18 07:34:16
1,26.64933973987103,2025-01-18 07:34:16
1,49.67590302600401,2025-01-18 07:34:16
1,90.2525566392097,2025-01-18 07:34:16
1,79.6151106409935,2025-01-18 07:34:16
1,31.936498660723196,2025-01-18 07:34:16
1,86.09067202016297,2025-01-18 07:34:16
1,88.26836545604374,2025-01-18 07:34:16
1,59.20113141380782,2025-01-18 07:34:16
1,82.70145180950529,2025-01-18 07:34:16
1,50.642608944356496,2025-01-18 07:34:16
1,76.39581872334158,2025-01-18 07:34:16
1,95.71231794302939,2025-01-18 07:34:16
1,84.62938122134497,2025-01-18 07:34:16
1,82.09423484117399,2025-01-18 07:34:16
1,22.116184913704444,2025-01-18 07:34:16
1,68.96341545443684,2025-01-18 07:34:16
1,42.60280510044665,2025-01-18 07:34:16
1,29.278512517805044,2025-01-18 07:34:16
1,35.27567782761131,2025-01-18 07:34:16
1,76.441135997521,2025-01-18 07:34:16
1,67.9604820118545,2025-01-18 07:34:16
1,92.56076332295596,2025-01-18 07:34:16
1,64.05484285536761,2025-01-18 07:34:16
1,95.93761113956194,2025-01-18 07:34:16
1,52.270115844973745,2025-01-18 07:34:16
1,87.81889336621856,2025-01-18 07:34:16
1,51.2111700713833,2025-01-18 07:34:16
1,46.53020397666773,2025-01-18 07:34:16
1,69.75772119398343,2025-01-18 07:34:16
1,69.25921873466629,2025-01-18 07:34:16
1,38.286911941825494,2025-01-18 07:34:16
1,66.71243547653808,2025-01-18 07:34:16
1,73.06749486763478,2025-01-18 07:34:16
1,80.69742610959237,2025-01-18 07:34:16
1,31.910649441858794,2025-01-18 07:34:16
1,21.54077361043604,2025-01-18 07:34:16
1,20.615695422017303,2025-01-18 07:34:16
1,52.645087854763105,2025-01-18 07:34:16
1,76.42015055065738,2025-01-18 07:34:16
1,35.09948151404537,2025-01-18 07:34:16
1,55.28101397347357,2025-01-18 07:34:16
1,50.78019759116333,2025-01-18 07:34:16
1,34.61537412709673,2025-01-18 07:34:16
1,59.17444822949501,2025-01-18 07:34:16
1,43.22766323560333,2025-01-18 07:34:16
1,21.415008090834977,2025-01-18 07:34:16
1,89.27413959353456,2025-01-18 07:34:16
1,36.55895614195022,2025-01-18 07:34:16
1,42.7503105086658,2025-01-18 07:34:16
1,51.080074333484035,2025-01-18 07:34:16
1,52.315032649159676,2025-01-18 07:34:16
1,68.64736247986795,2025-01-18 07:34:16
1,87.9783535090442,2025-01-18 07:34:16
1,69.60782985818666,2025-01-18 07:34:16
1,43.408386207124714,2025-01-18 07:34:16
1,88.65050516522741,2025-01-18 07:34:16
1,43.3098278731474,2025-01-18 07:34:16
1,39.79851012868545,2025-01-18 07:34:16
1,42.103045910223244,2025-01-18 07:34:16
1,53.14630366125514,2025-01-18 07:34:16
1,61.06993253719497,2025-01-18 07:34:16
1,51.64987080003898,2025-01-18 07:34:16
1,46.98715261733351,2025-01-18 07:34:16
1,95.4896755333407,2025-01-18 07:34:16
1,35.825079550024135,2025-01-18 07:34:16
1,70.79618833834033,2025-01-18 07:34:16
1,88.86072247082707,2025-01-18 07:34:16
1,62.603656987817324,2025-01-18 07:34:16
1,37.28706399091662,2025-01-18 07:34:16
1,61.744757097937004,2025-01-18 07:34:16
1,77.1455042705519,2025-01-18 07:34:16
1,64.97688713306718,2025-01-18 07:34:16
1,24.262357535992045,2025-01-18 07:34:16
1,77.89440125737354,2025-01-18 07:34:16
1,34.86432318035718,2025-01-18 07:34:16
1,38.09534634436442,2025-01-18 07:34:16
1,25.655522060643978,2025-01-18 07:34:16
1,98.64261740707663,2025-01-18 07:34:16
1,63.43735343332139,2025-01-18 07:34:16
1,59.892436203549806,2025-01-18 07:34:16
1,43.37730063925874,2025-01-18 07:34:16
1,30.25732298413977,2025-01-18 07:34:16
1,54.34935610127182,2025-01-18 07:34:16
1,70.7462174373322,2025-01-18 07:34:16
1,50.40150103982697,2025-01-18 07:34:16
1,77.84716861659598,2025-01-18 07:34:16
1,89.57425693935092,2025-01-18 07:34:16
1,22.61694595720325,2025-01-18 07:34:16
1,84.14693073848628,2025-01-18 07:34:16
1,24.267357987738,2025-01-18 07:34:16
1,73.76062628275535,2025-01-18 07:34:16
1,36.546826003263675,2025-01-18 07:34:16
1,65.5534216182173,2025-01-18 07:34:16
1,22.53757196006683,2025-01-18 07:34:16
1,23.76635029970774,2025-01-18 07:34:16
1,62.16285281840891,2025-01-18 07:34:16
1,69.11653573367475,2025-01-18 07:34:16
1,79.32871117071268,2025-01-18 07:34:16
1,41.73424512105963,2025-01-18 07:34:16
1,33.26330607055117,2025-01-18 07:34:16
1,82.75465186957794,2025-01-18 07:34:16
1,81.5470284362936,2025-01-18 07:34:16
1,98.04062432953563,2025-01-18 07:34:16
1,58.56007431466246,2025-01-18 07:34:16
1,74.6534401938478,2025-01-18 07:34:16
1,42.44513402426334,2025-01-18 07:34:16
1,71.12757614257369,2025-01-18 07:34:16
1,33.891119907506216,2025-01-18 07:34:16
1,21.135935946173543,2025-01-18 07:34:16
1,84.10108234687084,2025-01-18 07:34:16
1,26.07609810747812,2025-01-18 07:34:16
1,53.21773093312143,2025-01-18 07:34:16
1,79.88267241254131,2025-01-18 07:34:16
1,44.436929687074446,2025-01-18 07:34:16
1,46.98067601675682,2025-01-18 07:34:16
1,96.81905835348655,2025-01-18 07:34:16
1,70.92796721037952,2025-01-18 07:34:16
1,21.642165146176122,2025-01-18 07:34:16
1,77.93137947703258,2025-01-18 07:34:16
1,90.24361883426265,2025-01-18 07:34:16
1,74.86441821303984,2025-01-18 07:34:16
1,77.88671895178649,2025-01-18 07:34:16
1,51.964615427005455,2025-01-18 07:34:16
1,85.08493226871448,2025-01-18 07:34:16
1,86.07297562040846,2025-01-18 07:34:16
1,71.22263167026622,2025-01-18 07:34:16
1,67.16896974291842,2025-01-18 07:34:16
1,65.32031271115223,2025-01-18 07:34:16
1,97.11274540863272,2025-01-18 07:34:16
1,63.77426962171816,2025-01-18 07:34:16
1,53.825223121291245,2025-01-18 07:34:16
1,42.38080476738507,2025-01-18 07:34:16
1,37.38560227543558,2025-01-18 07:34:16
1,56.21523454698762,2025-01-18 07:34:16
1,36.05545129294653,2025-01-18 07:34:16
1,63.86501994446305,2025-01-18 07:34:16
1,45.32939702707509,2025-01-18 07:34:16
1,46.09841596940694,2025-01-18 07:34:16
1,76.38079837751384,2025-01-18 07:34:16
1,98.46104176939652,2025-01-18 07:34:16
1,45.7474552841765,2025-01-18 07:34:16
1,20.07200074081493,2025-01-18 07:34:16
1,47.10733527933275,2025-01-18 07:34:16
1,71.91451449557495,2025-01-18 07:34:16
1,99.4654623867192,2025-01-18 07:34:16
1,49.93680036198147,2025-01-18 07:34:16
1,86.62548591946938,2025-01-18 07:34:16
1,29.39449292315656,2025-01-18 07:34:16
1,79.08102397975988,2025-01-18 07:34:16
1,98.2442755219162,2025-01-18 07:34:16
1,34.54738606488565,2025-01-18 07:34:16
1,37.86905815994474,2025-01-18 07:34:16
1,44.62503628889979,2025-01-18 07:34:16
1,90.28445516004436,2025-01-18 07:34:16
1,33.22425284642597,2025-01-18 07:34:16
1,37.135789480279044,2025-01-18 07:34:16
1,34.44688685982498,2025-01-18 07:34:16
1,29.820179524053714,2025-01-18 07:34:16
1,94.17097754020725,2025-01-18 07:34:16
1,29.381434806894458,2025-01-18 07:34:16
1,39.54831795796895,2025-01-18 07:34:16
1,25.576698477526776,2025-01-18 07:34:16
1,80.77843406001949,2025-01-18 07:34:16
1,96.01006966096746,2025-01-18 07:34:16
1,71.81858797380015,2025-01-18 07:34:16
1,83.27089849077608,2025-01-18 07:34:16
1,50.759340020363226,2025-01-18 07:34:16
1,72.7472813377281,2025-01-18 07:34:16
1,72.17129168866856,2025-01-18 07:34:16
1,26.456234787764235,2025-01-18 07:34:16
1,29.632350754300738,2025-01-18 07:34:16
1,81.81819552526308,2025-01-18 07:34:16
1,31.239710854218696,2025-01-18 07:34:16
1,65.22488228647866,2025-01-18 07:34:16
1,46.991324688224026,2025-01-18 07:34:16
1,41.784102437586995,2025-01-18 07:34:16
1,41.441528494212115,2025-01-18 07:34:16
1,29.43772471752049,2025-01-18 07:34:16
1,52.369752092108286,2025-01-18 07:34:16
1,23.59653211249805,2025-01-18 07:34:16
1,48.027870390220585,2025-01-18 07:34:16
1,58.116816142537296,2025-01-18 07:34:16
1,56.959482433440755,2025-01-18 07:34:16
1,90.73658046089828,2025-01-18 07:34:16
1,32.9430638064847,2025-01-18 07:34:16
1,76.79652969438048,2025-01-18 07:34:16
1,98.37156103518056,2025-01-18 07:34:16
1,77.02335095777026,2025-01-18 07:34:16
1,69.24350956060736,2025-01-18 07:34:16
1,21.715713716227647,2025-01-18 07:34:16
1,68.26496923058579,2025-01-18 07:34:16
1,47.214821591730065,2025-01-18 07:34:16
1,95.89169350050442,2025-01-18 07:34:16
1,35.29686544386738,2025-01-18 07:34:16
1,78.2747661438119,2025-01-18 07:34:16
1,75.01970663354197,2025-01-18 07:34:16
1,98.38561262471708,2025-01-18 07:34:16
1,76.6419897968272,2025-01-18 07:34:16
1,79.5383385717751,2025-01-18 07:34:16
1,35.2141980269821,2025-01-18 07:34:16
1,84.04447005229463,2025-01-18 07:34:16
1,56.65330104357623,2025-01-18 07:34:16
1,74.28493065115904,2025-01-18 07:34:16
1,35.022592580211,2025-01-18 07:34:16
1,73.56977661847505,2025-01-18 07:34:16
1,68.30747780993505,2025-01-18 07:34:16
1,50.64108778021983,2025-01-18 07:34:16
1,90.63322206396839,2025-01-18 07:34:16
1,96.30353193031334,2025-01-18 07:34:16
1,78.61825529061406,2025-01-18 07:34:16
1,99.17234801248266,2025-01-18 07:34:16
1,53.25405534462107,2025-01-18 07:34:16
1,56.46937708833537,2025-01-18 07:34:16
1,55.85834694864633,2025-01-18 07:34:16
1,37.17745685493405,2025-01-18 07:34:16
1,82.70514311713599,2025-01-18 07:34:16
1,30.550989392802663,2025-01-18 07:34:16
1,64.16355121403427,2025-01-18 07:34:16
1,32.967544655789354,2025-01-18 07:34:16
1,33.68284739454347,2025-01-18 07:34:16
1,68.49909890229429,2025-01-18 07:34:16
1,60.424742164496756,2025-01-18 07:34:16
1,79.92304127823544,2025-01-18 07:34:16
1,38.26510935042056,2025-01-18 07:34:16
1,32.41780585298868,2025-01-18 07:34:16
1,46.88031547452513,2025-01-18 07:34:16
1,38.54464751703635,2025-01-18 07:34:16
1,67.59214963187281,2025-01-18 07:34:16
1,51.03276388265211,2025-01-18 07:34:16
1,52.254414368557704,2025-01-18 07:34:16
1,66.78273399492802,2025-01-18 07:34:16
1,55.2785497518547,2025-01-18 07:34:16
1,21.145771668169743,2025-01-18 07:34:16
1,28.943689583380934,2025-01-18 07:34:16
1,70.20520450541444,2025-01-18 07:34:16
1,45.37600439952649,2025-01-18 07:34:16
1,75.9446952322061,2025-01-18 07:34:16
1,23.70928139875092,2025-01-18 07:34:16
1,30.787473531270926,2025-01-18 07:34:16
1,85.34016825182566,2025-01-18 07:34:16
1,23.921452464982877,2025-01-18 07:34:16
1,81.72953892316698,2025-01-18 07:34:16
1,33.9486884776564,2025-01-18 07:34:16
1,46.94963991673817,2025-01-18 07:34:16
1,44.33186274901469,2025-01-18 07:34:16
1,40.54537849270439,2025-01-18 07:34:16
1,30.633005702772998,2025-01-18 07:34:16
1,50.52488402299684,2025-01-18 07:34:16
1,53.73823977302806,2025-01-18 07:34:16
1,90.11224752957989,2025-01-18 07:34:16
1,66.38251792947153,2025-01-18 07:34:16
1,70.22468778843995,2025-01-18 07:34:16
1,77.50036937124786,2025-01-18 07:34:16
1,48.09858116068398,2025-01-18 07:34:16
1,83.26219808945957,2025-01-18 07:34:16
1,57.35701425732931,2025-01-18 07:34:16
1,98.25794111771657,2025-01-18 07:34:16
1,84.06629575619539,2025-01-18 07:34:16
1,29.157926413787656,2025-01-18 07:34:16
1,53.43004731821122,2025-01-18 07:34:16
1,58.299607567340495,2025-01-18 07:34:16
1,27.825340583673448,2025-01-18 07:34:16
1,68.85981714208387,2025-01-18 07:34:16
1,71.75111093629653,2025-01-18 07:34:16
1,96.39769035280592,2025-01-18 07:34:16
1,25.106489901552933,2025-01-18 07:34:16
1,58.34332794659019,2025-01-18 07:34:16
1,98.82488081230866,2025-01-18 07:34:16
1,31.796534342208147,2025-01-18 07:34:16
1,85.46250015882296,2025-01-18 07:34:16
1,82.24264929079878,2025-01-18 07:34:16
1,63.974540407888405,2025-01-18 07:34:16
1,78.36547815864664,2025-01-18 07:34:16
1,92.67825241312617,2025-01-18 07:34:16
1,40.25131340333146,2025-01-18 07:34:16
1,40.68198320353939,2025-01-18 07:34:16
1,40.31701967856482,2025-01-18 07:34:16
1,43.47166737767501,2025-01-18 07:34:16
1,32.471736750019204,2025-01-18 07:34:16
1,42.2201186760355,2025-01-18 07:34:16
1,55.50036923282561,2025-01-18 07:34:16
1,92.06550924681795,2025-01-18 07:34:16
1,26.946477935970794,2025-01-18 07:34:16
1,95.29062225039506,2025-01-18 07:34:16
1,77.08965076658754,2025-01-18 07:34:16
1,92.48630078125919,2025-01-18 07:34:16
1,70.7923691806738,2025-01-18 07:34:16
1,83.631876030577,2025-01-18 07:34:16
1,92.04707451989974,2025-01-18 07:34:16
1,25.89642617046171,2025-01-18 07:34:16
1,31.065238282224918,2025-01-18 07:34:16
1,89.37768515445073,2025-01-18 07:34:16
1,82.368607910947,2025-01-18 07:34:16
1,43.270399455597264,2025-01-18 07:34:16
1,74.41380223210591,2025-01-18 07:34:16
1,92.33875511804125,2025-01-18 07:34:16
1,95.34594269519883,2025-01-18 07:34:16
1,95.48658068701893,2025-01-18 07:34:16
1,80.56940613128889,2025-01-18 07:34:16
1,68.63802193266753,2025-01-18 07:34:16
1,69.02918715017469,2025-01-18 07:34:16
1,63.93885336022154,2025-01-18 07:34:16
1,81.08111590302458,2025-01-18 07:34:16
1,69.02212123103993,2025-01-18 07:34:16
1,33.07688565104907,2025-01-18 07:34:16
1,56.49303338492784,2025-01-18 07:34:16
1,80.07009045873318,2025-01-18 07:34:16
1,42.57102906927655,2025-01-18 07:34:16
1,55.713591772963056,2025-01-18 07:34:16
1,24.705903615306664,2025-01-18 07:34:16
1,69.12812964439642,2025-01-18 07:34:16
1,64.93028300833998,2025-01-18 07:34:16
1,37.1769575094871,2025-01-18 07:34:16
1,92.07454002883082,2025-01-18 07:34:16
1,44.0043257690137,2025-01-18 07:34:16
1,45.830836410787505,2025-01-18 07:34:16
1,83.8010597716695,2025-01-18 07:34:16
1,26.264851792072072,2025-01-18 07:34:16
1,57.349297713411616,2025-01-18 07:34:16
1,43.640909033054285,2025-01-18 07:34:16
1,58.41871278027381,2025-01-18 07:34:16
1,27.387185710341058,2025-01-18 07:34:16
1,23.43072739215719,2025-01-18 07:34:16
1,55.06384870326491,2025-01-18 07:34:16
1,54.59460576131175,2025-01-18 07:34:16
1,54.98779256945528,2025-01-18 07:34:16
1,25.717637415765857,2025-01-18 07:34:16
1,83.77343011474872,2025-01-18 07:34:16
1,73.36328426789353,2025-01-18 07:34:16
1,63.11897562322723,2025-01-18 07:34:16
1,99.82895822184234,2025-01-18 07:34:16
1,54.096808299212384,2025-01-18 07:34:16
1,76.49286367480192,2025-01-18 07:34:16
1,50.37559982251777,2025-01-18 07:34:16
1,63.15162716704806,2025-01-18 07:34:16
1,84.00188976985127,2025-01-18 07:34:16
1,29.719142462786976,2025-01-18 07:34:16
1,22.04411792396547,2025-01-18 07:34:16
1,22.353618702261137,2025-01-18 07:34:16
1,66.92393688256487,2025-01-18 07:34:16
1,47.61931979503543,2025-01-18 07:34:16
1,52.331400643131815,2025-01-18 07:34:16
1,78.94171596396953,2025-01-18 07:34:16
1,44.010127475310654,2025-01-18 07:34:16
1,94.53127519559169,2025-01-18 07:34:16
1,39.92826770960508,2025-01-18 07:34:16
1,25.032527793861874,2025-01-18 07:34:16
1,52.850568179846455,2025-01-18 07:34:16
1,53.84649382648747,2025-01-18 07:34:16
1,70.9007498652191,2025-01-18 07:34:16
1,45.07065667091246,2025-01-18 07:34:16
1,55.267068237589484,2025-01-18 07:34:16
1,44.37306761513896,2025-01-18 07:34:16
1,81.51835420782173,2025-01-18 07:34:16
1,63.77436887195592,2025-01-18 07:34:16
1,66.14110318340977,2025-01-18 07:34:16
1,63.9529650309761,2025-01-18 07:34:16
1,38.05243290344543,2025-01-18 07:34:16
1,44.08075345612065,2025-01-18 07:34:16
1,95.62376404948061,2025-01-18 07:34:16
1,78.24540998984355,2025-01-18 07:34:16
1,98.41306364697067,2025-01-18 07:34:16
1,67.08158713015675,2025-01-18 07:34:16
1,65.79248269037187,2025-01-18 07:34:16
1,72.04320929624035,2025-01-18 07:34:16
1,83.47744754050365,2025-01-18 07:34:16
1,25.38629936134889,2025-01-18 07:34:16
1,60.44685467171195,2025-01-18 07:34:16
1,28.666613379846506,2025-01-18 07:34:16
1,50.35710338574092,2025-01-18 07:34:16
1,52.89763422509011,2025-01-18 07:34:16
1,67.94199281498936,2025-01-18 07:34:16
1,76.09489784829492,2025-01-18 07:34:16
1,39.06472479673867,2025-01-18 07:34:16
1,34.402526692903244,2025-01-18 07:34:16
1,92.1231511203893,2025-01-18 07:34:16
1,54.80185450781653,2025-01-18 07:34:16
1,59.38256536648824,2025-01-18 07:34:16
1,45.70407695430986,2025-01-18 07:34:16
1,64.63864507699641,2025-01-18 07:34:16
1,77.82349255681137,2025-01-18 07:34:16
1,35.67360954803921,2025-01-18 07:34:16
1,62.44273592274031,2025-01-18 07:34:16
1,79.54277812679021,2025-01-18 07:34:16
1,65.66598937897446,2025-01-18 07:34:16
1,35.22223387664553,2025-01-18 07:34:16
1,22.254905831771747,2025-01-18 07:34:16
1,70.13705162334661,2025-01-18 07:34:16
1,85.29614497228481,2025-01-18 07:34:16
1,39.68717708245266,2025-01-18 07:34:16
1,49.405139589237734,2025-01-18 07:34:16
1,51.83541244250708,2025-01-18 07:34:16
1,43.871967056100736,2025-01-18 07:34:16
1,61.16254216301979,2025-01-18 07:34:16
1,29.58024215778135,2025-01-18 07:34:16
1,51.25597582279707,2025-01-18 07:34:16
1,21.90331780128996,2025-01-18 07:34:16
1,43.83381765517247,2025-01-18 07:34:16
1,54.81246691578767,2025-01-18 07:34:16
1,66.33702112162607,2025-01-18 07:34:16
1,50.3237460183228,2025-01-18 07:34:16
1,88.69999581356026,2025-01-18 07:34:16
1,66.90448392375833,2025-01-18 07:34:16
1,75.24487900653024,2025-01-18 07:34:16
1,39.52018773939844,2025-01-18 07:34:16
1,94.79908397928074,2025-01-18 07:34:16
1,99.30461148584241,2025-01-18 07:34:16
1,53.82662495329524,2025-01-18 07:34:16
1,40.76663754760841,2025-01-18 07:34:16
1,92.85112006840605,2025-01-18 07:34:16
1,89.88422702295064,2025-01-18 07:34:16
1,45.353073806835354,2025-01-18 07:34:16
1,41.7853589486095,2025-01-18 07:34:16
1,22.73854904652812,2025-01-18 07:34:16
1,94.20860315650525,2025-01-18 07:34:16
1,58.879096133748305,2025-01-18 07:34:16
1,72.90277744870157,2025-01-18 07:34:16
1,70.8111696612017,2025-01-18 07:34:16
1,81.62020501884808,2025-01-18 07:34:16
1,23.70087756890313,2025-01-18 07:34:16
1,70.28442659662576,2025-01-18 07:34:16
1,22.107654329687286,2025-01-18 07:34:16
1,38.243199749210476,2025-01-18 07:34:16
1,34.222172345265136,2025-01-18 07:34:16
1,61.38834097755185,2025-01-18 07:34:16
1,79.09126474041719,2025-01-18 07:34:16
1,29.885357677383322,2025-01-18 07:34:16
1,80.4301004219669,2025-01-18 07:34:16
1,97.18242132665506,2025-01-18 07:34:16
1,71.52910322338698,2025-01-18 07:34:16
1,30.383845666992553,2025-01-18 07:34:16
1,84.95559797932872,2025-01-18 07:34:16
1,35.930873085481345,2025-01-18 07:34:16
1,48.809268336264296,2025-01-18 07:34:16
1,66.89056266525839,2025-01-18 07:34:16
1,96.2211590023743,2025-01-18 07:34:16
1,21.00742420018313,2025-01-18 07:34:16
1,46.66488995866943,2025-01-18 07:34:16
1,73.68379246828911,2025-01-18 07:34:16
1,26.89365927091579,2025-01-18 07:34:16
1,35.025446740399275,2025-01-18 07:34:16
1,42.31304948212495,2025-01-18 07:34:16
1,95.32677137112482,2025-01-18 07:34:16
1,62.5265611274419,2025-01-18 07:34:16
1,26.83393732336743,2025-01-18 07:34:16
1,29.73349179655589,2025-01-18 07:34:16
1,25.590377611491604,2025-01-18 07:34:16
1,87.86554676482062,2025-01-18 07:34:16
1,56.875403079188416,2025-01-18 07:34:16
1,49.482835836542066,2025-01-18 07:34:16
1,53.21749754183096,2025-01-18 07:34:16
1,69.3864221375958,2025-01-18 07:34:16
1,77.0940728559959,2025-01-18 07:34:16
1,35.84298316810238,2025-01-18 07:34:16
1,44.7417554137018,2025-01-18 07:34:16
1,89.89251093775314,2025-01-18 07:34:16
1,69.46819247526278,2025-01-18 07:34:16
1,56.60769045741154,2025-01-18 07:34:16
1,67.65488095046864,2025-01-18 07:34:16
1,38.749623287452366,2025-01-18 07:34:16
1,33.49378500955468,2025-01-18 07:34:16
1,27.807713755985652,2025-01-18 07:34:16
1,35.54417414870195,2025-01-18 07:34:16
1,25.699799772383855,2025-01-18 07:34:16
1,72.11139198453154,2025-01-18 07:34:16
1,55.72148044032471,2025-01-18 07:34:16
1,51.63499952954452,2025-01-18 07:34:16
1,44.32299512829117,2025-01-18 07:34:16
1,94.0975669781341,2025-01-18 07:34:16
1,91.00009662654942,2025-01-18 07:34:16
1,78.829171078849,2025-01-18 07:34:16
1,27.951775242946013,2025-01-18 07:34:16
1,85.29218149205892,2025-01-18 07:34:16
1,46.47801238009236,2025-01-18 07:34:16
1,69.98088057207056,2025-01-18 07:34:16
1,77.82343035389961,2025-01-18 07:34:16
1,40.914888910205526,2025-01-18 07:34:16
1,34.43270442315889,2025-01-18 07:34:16
1,98.36369042175488,2025-01-18 07:34:16
1,33.156273968558594,2025-01-18 07:34:16
1,21.57208629518265,2025-01-18 07:34:16
1,52.81270761240427,2025-01-18 07:34:16
1,27.580597435053402,2025-01-18 07:34:16
1,28.445554940238065,2025-01-18 07:34:16
1,26.4713956140287,2025-01-18 07:34:16
1,85.91535223556585,2025-01-18 07:34:16
1,61.85926818099566,2025-01-18 07:34:16
1,55.23085847065569,2025-01-18 07:34:16
1,90.18633482258672,2025-01-18 07:34:16
1,44.6083816377533,2025-01-18 07:34:16
1,23.36540914427517,2025-01-18 07:34:16
1,95.19265421799696,2025-01-18 07:34:16
1,51.57873121681342,2025-01-18 07:34:16
1,37.8854201566577,2025-01-18 07:34:16
1,73.1780197666805,2025-01-18 07:34:16
1,37.72787513238551,2025-01-18 07:34:16
1,73.39103700424269,2025-01-18 07:34:16
1,62.81069638295084,2025-01-18 07:34:16
1,43.812794140642104,2025-01-18 07:34:16
1,45.6798479181974,2025-01-18 07:34:16
1,51.02982968091546,2025-01-18 07:34:16
1,74.94278694595545,2025-01-18 07:34:16
1,33.26687572384131,2025-01-18 07:34:16
1,72.93206868976239,2025-01-18 07:34:16
1,65.58652459337827,2025-01-18 07:34:16
1,94.78717874112817,2025-01-18 07:34:16
1,51.628708390650786,2025-01-18 07:34:16
1,75.20617290558782,2025-01-18 07:34:16
1,77.30882253777017,2025-01-18 07:34:16
1,53.68767953917401,2025-01-18 07:34:16
1,80.97886599924851,2025-01-18 07:34:16
1,83.51489847986538,2025-01-18 07:34:16
1,83.59860943448561,2025-01-18 07:34:16
1,58.775402171375944,2025-01-18 07:34:16
1,21.87731802214867,2025-01-18 07:34:16
1,24.30597179395468,2025-01-18 07:34:16
1,90.51895987679185,2025-01-18 07:34:16
1,30.3941517683512,2025-01-18 07:34:16
1,94.81831013708697,2025-01-18 07:34:16
1,40.1482221848807,2025-01-18 07:34:16
1,90.46313955219655,2025-01-18 07:34:16
1,69.5150600142669,2025-01-18 07:34:16
1,76.0853873526711,2025-01-18 07:34:16
1,60.57151474438297,2025-01-18 07:34:16
1,71.35947807188631,2025-01-18 07:34:16
1,35.68307091360382,2025-01-18 07:34:16
1,60.154401904865075,2025-01-18 07:34:16
1,63.19920143099723,2025-01-18 07:34:16
1,93.41078497417892,2025-01-18 07:34:16
1,57.65390232193545,2025-01-18 07:34:16
1,61.559873375133236,2025-01-18 07:34:16
1,36.096438764439505,2025-01-18 07:34:16
1,97.98343562402735,2025-01-18 07:34:16
1,51.94008748680771,2025-01-18 07:34:16
1,42.8754652579095,2025-01-18 07:34:16
1,98.0582321815849,2025-01-18 07:34:16
1,54.146366691672576,2025-01-18 07:34:16
1,22.921227478795476,2025-01-18 07:34:16
1,67.84446860520521,2025-01-18 07:34:16
1,55.91059964139337,2025-01-18 07:34:16
1,81.7810270116253,2025-01-18 07:34:16
1,41.333340971363164,2025-01-18 07:34:16
1,55.75019447677267,2025-01-18 07:34:16
1,60.557629038488294,2025-01-18 07:34:16
1,37.843601037167545,2025-01-18 07:34:16
1,73.16663668026457,2025-01-18 07:34:16
1,87.97496675347352,2025-01-18 07:34:16
1,36.81443339370447,2025-01-18 07:34:16
1,70.59960984380368,2025-01-18 07:34:16
1,54.20894600534354,2025-01-18 07:34:16
1,90.60254156159915,2025-01-18 07:34:16
1,28.290342445422525,2025-01-18 07:34:16
1,22.889371271878886,2025-01-18 07:34:16
1,57.95145567455375,2025-01-18 07:34:16
1,41.01052653122058,2025-01-18 07:34:16
1,97.66757281908183,2025-01-18 07:34:16
1,32.92607528672939,2025-01-18 07:34:16
1,57.82331797117082,2025-01-18 07:34:16
1,45.68146631363135,2025-01-18 07:34:16
1,57.602566509976555,2025-01-18 07:34:16
1,31.043657762835988,2025-01-18 07:34:16
1,26.880954434356195,2025-01-18 07:34:16
1,27.587030047657972,2025-01-18 07:34:16
1,87.7075262195403,2025-01-18 07:34:16
1,40.61807466385285,2025-01-18 07:34:16
1,61.672584673622104,2025-01-18 07:34:16
1,86.21914450726686,2025-01-18 07:34:16
1,78.85364377794494,2025-01-18 07:34:16
1,31.502965915640573,2025-01-18 07:34:16
1,92.426626728082,2025-01-18 07:34:16
1,33.272720715682624,2025-01-18 07:34:16
1,71.27769384056775,2025-01-18 07:34:16
1,55.14148152535341,2025-01-18 07:34:16
1,50.30810071079429,2025-01-18 07:34:16
1,49.3730589826913,2025-01-18 07:34:16
1,56.305207049110166,2025-01-18 07:34:16
1,80.83589946084413,2025-01-18 07:34:16
1,27.14028937202972,2025-01-18 07:34:16
1,80.85119246905631,2025-01-18 07:34:16
1,68.0253073402043,2025-01-18 07:34:16
1,50.608301453781465,2025-01-18 07:34:16
1,75.30321239518315,2025-01-18 07:34:16
1,35.594119641959765,2025-01-18 07:34:16
1,32.58260471630991,2025-01-18 07:34:16
1,58.67998355275732,2025-01-18 07:34:16
1,63.91112535941532,2025-01-18 07:34:16
1,88.27178497737172,2025-01-18 07:34:16
1,70.82413824268545,2025-01-18 07:34:16
1,22.618227724517812,2025-01-18 07:34:16
1,24.392998702129827,2025-01-18 07:34:16
1,57.045935729581444,2025-01-18 07:34:16
1,39.394796906063696,2025-01-18 07:34:16
1,35.20307881530064,2025-01-18 07:34:16
1,29.31424438849504,2025-01-18 07:34:16
1,99.94930979002957,2025-01-18 07:34:16
1,69.19752546634459,2025-01-18 07:34:16
1,85.65086676428972,2025-01-18 07:34:16
1,79.62821790876272,2025-01-18 07:34:16
1,28.314567131384507,2025-01-18 07:34:16
1,62.150537533654315,2025-01-18 07:34:16
1,35.22189622664761,2025-01-18 07:34:16
1,38.31513965331223,2025-01-18 07:34:16
1,69.98485330224668,2025-01-18 07:34:16
1,48.57298051220983,2025-01-18 07:34:16
1,74.88327523752002,2025-01-18 07:34:16
1,59.18763909330131,2025-01-18 07:34:16
1,40.195143378230924,2025-01-18 07:34:16
1,44.59620661955748,2025-01-18 07:34:16
1,82.69296358995884,2025-01-18 07:34:16
1,97.79569617056278,2025-01-18 07:34:16
1,77.77980697776383,2025-01-18 07:34:16
1,26.57392379972272,2025-01-18 07:34:16
1,40.62227153757065,2025-01-18 07:34:16
1,96.61180959465517,2025-01-18 07:34:16
1,41.761711075453945,2025-01-18 07:34:16
1,88.42997823985617,2025-01-18 07:34:16
1,86.51521391908571,2025-01-18 07:34:16
1,59.76163254285563,2025-01-18 07:34:16
1,33.76927331371081,2025-01-18 07:34:16
1,54.895297886312946,2025-01-18 07:34:16
1,89.46450545429225,2025-01-18 07:34:16
1,72.58737773211101,2025-01-18 07:34:16
1,53.10061811162652,2025-01-18 07:34:16
1,88.04901359417822,2025-01-18 07:34:16
1,51.83181952956496,2025-01-18 07:34:16
1,67.22968908503434,2025-01-18 07:34:16
1,72.37748168369873,2025-01-18 07:34:16
1,42.05859029122366,2025-01-18 07:34:16
1,68.19563330439436,2025-01-18 07:34:16
1,90.26519376586538,2025-01-18 07:34:16
1,56.81771178205118,2025-01-18 07:34:16
1,20.252322745649664,2025-01-18 07:34:16
1,84.07856021816335,2025-01-18 07:34:16
1,75.16147229713283,2025-01-18 07:34:16
1,92.0951715407353,2025-01-18 07:34:16
1,95.26966692705533,2025-01-18 07:34:16
1,74.48120267781675,2025-01-18 07:34:16
1,44.37794560147956,2025-01-18 07:34:16
1,52.30811936847023,2025-01-18 07:34:16
1,70.25559803320364,2025-01-18 07:34:16
1,83.90806701725191,2025-01-18 07:34:16
1,84.70319038007578,2025-01-18 07:34:16
1,88.85654688833428,2025-01-18 07:34:16
1,21.430369026294347,2025-01-18 07:34:16
1,31.8756309926094,2025-01-18 07:34:16
1,42.20560593443154,2025-01-18 07:34:16
1,45.42093085241759,2025-01-18 07:34:16
1,31.479904279364803,2025-01-18 07:34:16
1,60.92312343878474,2025-01-18 07:34:16
1,88.61559026293904,2025-01-18 07:34:16
1,33.60136934621856,2025-01-18 07:34:16
1,44.00339853669236,2025-01-18 07:34:16
1,96.14746365353854,2025-01-18 07:34:16
1,46.10062223942254,2025-01-18 07:34:16
1,72.60282948040562,2025-01-18 07:34:16
1,62.577163170468566,2025-01-18 07:34:16
1,26.02609048701244,2025-01-18 07:34:16
1,36.930207733781685,2025-01-18 07:34:16
1,41.60595653151042,2025-01-18 07:34:16
1,79.58757690029358,2025-01-18 07:34:16
1,95.88960598165241,2025-01-18 07:34:16
1,74.49398929874002,2025-01-18 07:34:16
1,32.49143459413429,2025-01-18 07:34:16
1,86.60611215777169,2025-01-18 07:34:16
1,20.04755820248338,2025-01-18 07:34:16
1,55.39161478500791,2025-01-18 07:34:16
1,65.99946490614724,2025-01-18 07:34:16
1,50.13835125040331,2025-01-18 07:34:16
1,53.26477203332054,2025-01-18 07:34:16
1,48.89935566852876,2025-01-18 07:34:16
1,58.87045089270542,2025-01-18 07:34:16
1,68.02297594311953,2025-01-18 07:34:16
1,74.4765989584562,2025-01-18 07:34:16
1,31.325333014139645,2025-01-18 07:34:16
1,78.09182362582587,2025-01-18 07:34:16
1,21.29262917226521,2025-01-18 07:34:16
1,59.87381125919376,2025-01-18 07:34:16
1,36.23906672084998,2025-01-18 07:34:16
1,84.93111949347582,2025-01-18 07:34:16
1,74.50893364758815,2025-01-18 07:34:16
1,35.89961753152813,2025-01-18 07:34:16
1,22.983742342891773,2025-01-18 07:34:16
1,73.12455793151534,2025-01-18 07:34:16
1,75.14083097189872,2025-01-18 07:34:16
1,64.06952923069275,2025-01-18 07:34:16
1,34.556178484580585,2025-01-18 07:34:16
1,43.180227255744555,2025-01-18 07:34:16
1,47.04282907343973,2025-01-18 07:34:16
1,29.430377424545622,2025-01-18 07:34:16
1,24.114668406372985,2025-01-18 07:34:16
1,56.64029683547543,2025-01-18 07:34:16
1,57.36465785110677,2025-01-18 07:34:16
1,33.31120608836933,2025-01-18 07:34:16
1,65.78638486101735,2025-01-18 07:34:16
1,20.713973211760894,2025-01-18 07:34:16
1,85.44839939205774,2025-01-18 07:34:16
1,97.91758748168716,2025-01-18 07:34:16
1,41.48690748183415,2025-01-18 07:34:16
1,64.65794493744849,2025-01-18 07:34:16
1,32.80354220984661,2025-01-18 07:34:16
1,67.38913619137091,2025-01-18 07:34:16
1,75.17117571269621,2025-01-18 07:34:16
1,79.45196150204777,2025-01-18 07:34:16
1,68.38951024402722,2025-01-18 07:34:16
1,58.6242220726308,2025-01-18 07:34:16
1,32.15275283926415,2025-01-18 07:34:16
1,73.09070903434562,2025-01-18 07:34:16
1,55.69787983390222,2025-01-18 07:34:16
1,55.94258977165714,2025-01-18 07:34:16
1,37.34172222742196,2025-01-18 07:34:16
1,52.94279042770596,2025-01-18 07:34:16
1,20.2161174297526,2025-01-18 07:34:16
1,62.34645367749448,2025-01-18 07:34:16
1,75.51297027877933,2025-01-18 07:34:16
1,58.49646473043955,2025-01-18 07:34:16
1,96.4726632945938,2025-01-18 07:34:16
1,66.52361857251961,2025-01-18 07:34:16
1,54.58220600514325,2025-01-18 07:34:16
1,55.15389899046625,2025-01-18 07:34:16
1,45.839690458238564,2025-01-18 07:34:16
1,53.167353760806215,2025-01-18 07:34:16
1,67.02157887656529,2025-01-18 07:34:16
1,87.89828838858506,2025-01-18 07:34:16
1,26.098852500925176,2025-01-18 07:34:16
1,59.24887490625888,2025-01-18 07:34:16
1,59.70461053583318,2025-01-18 07:34:16
1,23.48745003898083,2025-01-18 07:34:16
1,67.78908116643855,2025-01-18 07:34:16
1,20.408702947958535,2025-01-18 07:34:16
1,26.675809792807108,2025-01-18 07:34:16
1,71.72645022824034,2025-01-18 07:34:16
1,95.90129595555892,2025-01-18 07:34:16
1,63.42084155406774,2025-01-18 07:34:16
1,37.28520861224919,2025-01-18 07:34:16
1,66.46973866879476,2025-01-18 07:34:16
1,84.54505069965367,2025-01-18 07:34:16
1,93.13655962344004,2025-01-18 07:34:16
1,25.62894340324881,2025-01-18 07:34:16
1,97.81702287894082,2025-01-18 07:34:16
1,90.82168638266073,2025-01-18 07:34:16
1,97.43793717888101,2025-01-18 07:34:16
1,23.78963251466257,2025-01-18 07:34:16
1,94.78876476037199,2025-01-18 07:34:16
1,86.465896860832,2025-01-18 07:34:16
1,36.70047677445001,2025-01-18 07:34:16
1,80.55378438546069,2025-01-18 07:34:16
1,45.6192154703983,2025-01-18 07:34:16
1,43.51857895278754,2025-01-18 07:34:16
1,54.075174085951474,2025-01-18 07:34:16
1,32.25395485153334,2025-01-18 07:34:16
1,50.34427152466171,2025-01-18 07:34:16
1,29.63428511336768,2025-01-18 07:34:16
1,84.55428558766599,2025-01-18 07:34:16
1,57.112996641893226,2025-01-18 07:34:16
1,60.70720322650192,2025-01-18 07:34:16
1,90.08343001020812,2025-01-18 07:34:16
1,24.504876072914186,2025-01-18 07:34:16
1,27.649026454336312,2025-01-18 07:34:16
1,38.18534844597937,2025-01-18 07:34:16
1,60.61455153526744,2025-01-18 07:34:16
1,94.22278024856621,2025-01-18 07:34:16
1,41.210452258371895,2025-01-18 07:34:16
1,38.77580349965058,2025-01-18 07:34:16
1,43.36850447491281,2025-01-18 07:34:16
1,42.03326242286431,2025-01-18 07:34:16
1,49.017664024863606,2025-01-18 07:34:16
1,63.729008781197194,2025-01-18 07:34:16
1,21.851091763230492,2025-01-18 07:34:16
1,36.10879614478715,2025-01-18 07:34:16
1,76.56687675622389,2025-01-18 07:34:16
1,86.10899505024318,2025-01-18 07:34:16
1,46.74220549349243,2025-01-18 07:34:16
1,40.80024083388588,2025-01-18 07:34:16
1,52.07542181962938,2025-01-18 07:34:16
1,94.54602081311437,2025-01-18 07:34:16
1,51.9533282198033,2025-01-18 07:34:16
1,58.36114437546119,2025-01-18 07:34:16
1,88.52425489159975,2025-01-18 07:34:16
1,61.95484262262284,2025-01-18 07:34:16
1,66.30938278933854,2025-01-18 07:34:16
1,27.18948571254736,2025-01-18 07:34:16
1,61.932803369626356,2025-01-18 07:34:16
1,77.14584025391096,2025-01-18 07:34:16
1,23.689564597242956,2025-01-18 07:34:16
1,21.164977970758407,2025-01-18 07:34:16
1,71.42489335222605,2025-01-18 07:34:16
1,27.98554186495504,2025-01-18 07:34:16
1,84.01056365732374,2025-01-18 07:34:16
1,67.71867477120949,2025-01-18 07:34:16
1,33.42143092457138,2025-01-18 07:34:16
1,82.77038209281258,2025-01-18 07:34:16
1,86.88787445406939,2025-01-18 07:34:16
1,81.0358640121995,2025-01-18 07:34:16
1,58.862811040008225,2025-01-18 07:34:16
1,54.17338417231563,2025-01-18 07:34:16
1,85.18396382895193,2025-01-18 07:34:16
1,29.801066329491235,2025-01-18 07:34:16
1,27.724322003386426,2025-01-18 07:34:16
1,67.18215761972837,2025-01-18 07:34:16
1,95.8514057859229,2025-01-18 07:34:16
1,87.89556309993797,2025-01-18 07:34:16
1,49.698975581610156,2025-01-18 07:34:16
1,90.36664261576726,2025-01-18 07:34:16
1,71.97114361923005,2025-01-18 07:34:16
1,73.14995594942849,2025-01-18 07:34:16
1,38.430963219583475,2025-01-18 07:34:16
1,47.79692685955929,2025-01-18 07:34:16
1,68.0467145097359,2025-01-18 07:34:16
1,26.184937980212794,2025-01-18 07:34:16
1,32.5083289894149,2025-01-18 07:34:16
1,55.95100398308634,2025-01-18 07:34:16
1,31.470212264530222,2025-01-18 07:34:16
1,44.108867260782645,2025-01-18 07:34:16
1,56.110786127195226,2025-01-18 07:34:16
1,26.578118352965852,2025-01-18 07:34:16
1,49.403105171209475,2025-01-18 07:34:16
1,52.691577538326314,2025-01-18 07:34:16
1,36.78557452486128,2025-01-18 07:34:16
1,28.88384275249564,2025-01-18 07:34:16
1,97.86772247088506,2025-01-18 07:34:16
1,74.28742252526906,2025-01-18 07:34:16
1,30.424104931439587,2025-01-18 07:34:16
1,95.70933202803216,2025-01-18 07:34:16
1,28.920668882010283,2025-01-18 07:34:16
1,60.446065922182584,2025-01-18 07:34:16
1,48.99361673998385,2025-01-18 07:34:16
1,80.81393843616225,2025-01-18 07:34:16
1,39.80073271464364,2025-01-18 07:34:16
1,80.62978591307515,2025-01-18 07:34:16
1,67.42077741948182,2025-01-18 07:34:16
1,98.70596271013595,2025-01-18 07:34:16
1,75.70499158364548,2025-01-18 07:34:16
1,52.36087689977241,2025-01-18 07:34:16
1,22.387314742071744,2025-01-18 07:34:16
1,57.1435811284993,2025-01-18 07:34:16
1,53.60233553820221,2025-01-18 07:34:16
1,28.178473968894178,2025-01-18 07:34:16
1,69.68268993251932,2025-01-18 07:34:16
1,93.73742690100882,2025-01-18 07:34:16
1,50.787435253464224,2025-01-18 07:34:16
1,90.40071025190862,2025-01-18 07:34:16
1,93.29997825962896,2025-01-18 07:34:16
1,69.65415573571087,2025-01-18 07:34:16
1,52.4810274835458,2025-01-18 07:34:16
1,96.99510478523814,2025-01-18 07:34:16
1,80.51365764376366,2025-01-18 07:34:16
1,30.70507693820275,2025-01-18 07:34:16
1,60.12416442670847,2025-01-18 07:34:16
1,36.15717476135957,2025-01-18 07:34:16
1,63.353895773882996,2025-01-18 07:34:16
1,79.11347874739303,2025-01-18 07:34:16
1,77.83884035620369,2025-01-18 07:34:16
1,27.17079229694714,2025-01-18 07:34:16
1,88.64701023307993,2025-01-18 07:34:16
1,91.8861310998406,2025-01-18 07:34:16
1,96.53131697626706,2025-01-18 07:34:16
1,25.804629850732592,2025-01-18 07:34:16
1,41.250972203826954,2025-01-18 07:34:16
1,73.2324495655302,2025-01-18 07:34:16
1,93.73721998771315,2025-01-18 07:34:16
1,28.037757053683137,2025-01-18 07:34:16
1,67.52175760981496,2025-01-18 07:34:16
1,22.983583815932125,2025-01-18 07:34:16
1,66.88265685721555,2025-01-18 07:34:16
1,87.59141755486905,2025-01-18 07:34:16
1,39.53704207377151,2025-01-18 07:34:16
1,98.33738013497738,2025-01-18 07:34:16
1,66.56131549086258,2025-01-18 07:34:16
1,40.68585435422192,2025-01-18 07:34:16
1,71.42665497181207,2025-01-18 07:34:16
1,82.00564879333206,2025-01-18 07:34:16
1,36.987994693120015,2025-01-18 07:34:16
1,78.49493654750148,2025-01-18 07:34:16
1,62.502819560081605,2025-01-18 07:34:16
1,28.660947114756468,2025-01-18 07:34:16
1,88.9003688959696,2025-01-18 07:34:16
1,94.36631740804681,2025-01-18 07:34:16
1,92.6221805874377,2025-01-18 07:34:16
1,54.83883495010506,2025-01-18 07:34:16
1,98.71517344021532,2025-01-18 07:34:16
1,54.52564812429041,2025-01-18 07:34:16
1,74.31821706384243,2025-01-18 07:34:16
1,80.34557700403748,2025-01-18 07:34:16
1,37.17655269763533,2025-01-18 07:34:16
1,55.78646093483854,2025-01-18 07:34:16
1,95.95618729838763,2025-01-18 07:34:16
1,56.100391113109126,2025-01-18 07:34:16
1,26.174651451686017,2025-01-18 07:34:16
1,47.060988856314054,2025-01-18 07:34:16
1,89.68741495417137,2025-01-18 07:34:16
1,29.649192783716927,2025-01-18 07:34:16
1,37.49578834017044,2025-01-18 07:34:16
1,93.69264889128856,2025-01-18 07:34:16
1,59.0358907722683,2025-01-18 07:34:16
1,75.80242581839099,2025-01-18 07:34:16
1,28.907700783908396,2025-01-18 07:34:16
1,53.67774811200426,2025-01-18 07:34:16
1,99.73620815008658,2025-01-18 07:34:16
1,93.44338681350378,2025-01-18 07:34:16
1,43.92669671979489,2025-01-18 07:34:16
1,28.950212666955295,2025-01-18 07:34:16
1,86.88530172373403,2025-01-18 07:34:16
1,36.058142622685025,2025-01-18 07:34:16
1,84.65746259134227,2025-01-18 07:34:16
1,45.906735664503124,2025-01-18 07:34:16
1,29.977202816758577,2025-01-18 07:34:16
1,82.95831522068026,2025-01-18 07:34:16
1,88.45479235767435,2025-01-18 07:34:16
1,56.07198330163691,2025-01-18 07:34:16
1,68.61170900916296,2025-01-18 07:34:16
1,90.10563384861898,2025-01-18 07:34:16
1,91.33595719999755,2025-01-18 07:34:16
1,49.25198781587767,2025-01-18 07:34:16
1,79.75574820890142,2025-01-18 07:34:16
1,82.57233256970025,2025-01-18 07:34:16
1,95.2318103509102,2025-01-18 07:34:16
1,98.83178834907729,2025-01-18 07:34:16
1,39.60005191408064,2025-01-18 07:34:16
1,55.995304338355005,2025-01-18 07:34:16
1,51.63584446876748,2025-01-18 07:34:16
1,21.73972386448088,2025-01-18 07:34:16
1,39.35687682675508,2025-01-18 07:34:16
1,85.3631603244543,2025-01-18 07:34:16
1,21.72120786143072,2025-01-18 07:34:16
1,69.5682503149704,2025-01-18 07:34:16
1,97.44616239642251,2025-01-18 07:34:16
1,72.680933221355,2025-01-18 07:34:16
1,66.55837745328046,2025-01-18 07:34:16
1,30.896351043267963,2025-01-18 07:34:16
1,22.08239737847982,2025-01-18 07:34:16
1,63.85792538180602,2025-01-18 07:34:16
1,70.64693488303094,2025-01-18 07:34:16
1,61.728082307192295,2025-01-18 07:34:16
1,45.465341905678926,2025-01-18 07:34:16
1,26.667312997913015,2025-01-18 07:34:16
1,46.24691471759395,2025-01-18 07:34:16
1,46.774074925684346,2025-01-18 07:34:16
1,26.1572023177093,2025-01-18 07:34:16
1,44.15878930900882,2025-01-18 07:34:16
1,76.8439937438489,2025-01-18 07:34:16
1,52.95882538401028,2025-01-18 07:34:16
1,45.33472792485273,2025-01-18 07:34:16
1,36.126557567633085,2025-01-18 07:34:16
1,32.90577026675214,2025-01-18 07:34:16
1,50.76367859733175,2025-01-18 07:34:16
1,51.15522499527267,2025-01-18 07:34:16
1,65.64846003695752,2025-01-18 07:34:16
1,48.11987041639508,2025-01-18 07:34:16
1,59.08552472774328,2025-01-18 07:34:16
1,79.03867906597412,2025-01-18 07:34:16
1,26.804354381524718,2025-01-18 07:34:16
1,59.39445860624805,2025-01-18 07:34:16
1,54.58964479890716,2025-01-18 07:34:16
1,84.87235995267234,2025-01-18 07:34:16
1,77.73378007576886,2025-01-18 07:34:16
1,94.72754192301834,2025-01-18 07:34:16
1,34.32217720581423,2025-01-18 07:34:16
1,32.46371992112719,2025-01-18 07:34:16
1,50.939315818111396,2025-01-18 07:34:16
1,49.44496033857942,2025-01-18 07:34:16
1,79.34755870073242,2025-01-18 07:34:16
1,89.70215436124302,2025-01-18 07:34:16
1,48.254269757384414,2025-01-18 07:34:16
1,86.56191379681255,2025-01-18 07:34:16
1,77.01982355289039,2025-01-18 07:34:16
1,85.99392447599047,2025-01-18 07:34:16
1,23.809318289242228,2025-01-18 07:34:16
1,85.30936733836513,2025-01-18 07:34:16
1,53.552721197477084,2025-01-18 07:34:16
1,81.48901331815114,2025-01-18 07:34:16
1,82.3922872596384,2025-01-18 07:34:16
1,47.38964813886834,2025-01-18 07:34:16
1,80.11089521059854,2025-01-18 07:34:16
1,56.47354472287571,2025-01-18 07:34:16
1,67.92535326723159,2025-01-18 07:34:16
1,88.96428592807861,2025-01-18 07:34:16
1,93.72733000883713,2025-01-18 07:34:16
1,82.70660879126496,2025-01-18 07:34:16
1,59.640901073369605,2025-01-18 07:34:16
1,80.01315890476982,2025-01-18 07:34:16
1,52.65816187802948,2025-01-18 07:34:16
1,75.28763356325658,2025-01-18 07:34:16
1,38.165427184524816,2025-01-18 07:34:16
1,44.36682026741341,2025-01-18 07:34:16
1,72.54061176674216,2025-01-18 07:34:16
1,52.536517630608266,2025-01-18 07:34:16
1,40.617818206364184,2025-01-18 07:34:16
1,41.99345952395771,2025-01-18 07:34:16
1,76.75246010869961,2025-01-18 07:34:16
1,52.76855035600726,2025-01-18 07:34:16
1,52.104971031541155,2025-01-18 07:34:16
1,69.09169748103713,2025-01-18 07:34:16
1,46.43083432030346,2025-01-18 07:34:16
1,74.91116283443444,2025-01-18 07:34:16
1,27.75901060640524,2025-01-18 07:34:16
1,80.46087605570995,2025-01-18 07:34:16
1,76.04355421586875,2025-01-18 07:34:16
1,98.17546245359645,2025-01-18 07:34:16
1,97.72015272505558,2025-01-18 07:34:16
1,88.87246551106779,2025-01-18 07:34:16
1,46.03819748459085,2025-01-18 07:34:16
1,76.93418214315473,2025-01-18 07:34:16
1,45.99098472549346,2025-01-18 07:34:16
1,20.122063397822856,2025-01-18 07:34:16
1,54.95492268175734,2025-01-18 07:34:16
1,24.3719823273915,2025-01-18 07:34:16
1,45.09131078983614,2025-01-18 07:34:16
1,44.48273171839319,2025-01-18 07:34:16
1,58.72704674430559,2025-01-18 07:34:16
1,75.8179067553553,2025-01-18 07:34:16
1,33.61955204426639,2025-01-18 07:34:16
1,88.9637666030209,2025-01-18 07:34:16
1,31.909819054639883,2025-01-18 07:34:16
1,26.11345410462075,2025-01-18 07:34:16
1,42.73850165786148,2025-01-18 07:34:16
1,92.12719677283766,2025-01-18 07:34:16
1,29.25112942090701,2025-01-18 07:34:16
1,82.24111728100291,2025-01-18 07:34:16
1,30.612514751034396,2025-01-18 07:34:16
1,84.93292693012408,2025-01-18 07:34:16
1,60.317610401959044,2025-01-18 07:34:16
1,65.81264903192103,2025-01-18 07:34:16
1,43.295927638575975,2025-01-18 07:34:16
1,41.93614708198207,2025-01-18 07:34:16
1,34.24836219226598,2025-01-18 07:34:16
1,78.90662823890483,2025-01-18 07:34:16
1,70.39805757529314,2025-01-18 07:34:16
1,44.875938329953506,2025-01-18 07:34:16
1,30.406468676944066,2025-01-18 07:34:16
1,24.038004606463936,2025-01-18 07:34:16
1,64.96784145253461,2025-01-18 07:34:16
1,31.68070086833523,2025-01-18 07:34:16
1,90.77814326817942,2025-01-18 07:34:16
1,23.457246102530256,2025-01-18 07:34:16
1,39.5564841618874,2025-01-18 07:34:16
1,98.8216447775792,2025-01-18 07:34:16
1,62.25571257866888,2025-01-18 07:34:16
1,48.79537302890281,2025-01-18 07:34:16
1,98.78259247433965,2025-01-18 07:34:16
1,47.00020536620252,2025-01-18 07:34:16
1,79.35232411450438,2025-01-18 07:34:16
1,73.0696273598348,2025-01-18 07:34:16
1,60.43647480354124,2025-01-18 07:34:16
1,45.270331891022096,2025-01-18 07:34:16
1,51.70867981538991,2025-01-18 07:34:16
1,97.72582601921226,2025-01-18 07:34:16
1,29.513461207642724,2025-01-18 07:34:16
1,86.89130267276224,2025-01-18 07:34:16
1,42.965714696755875,2025-01-18 07:34:16
1,51.76905084219888,2025-01-18 07:34:16
1,54.308510550329984,2025-01-18 07:34:16
1,78.90630344016043,2025-01-18 07:34:16
1,76.06936468461313,2025-01-18 07:34:16
1,82.68933983496206,2025-01-18 07:34:16
1,90.17347343912496,2025-01-18 07:34:16
1,86.20426064304952,2025-01-18 07:34:16
1,53.05915591956189,2025-01-18 07:34:16
1,86.80217185035707,2025-01-18 07:34:16
1,59.07254741151466,2025-01-18 07:34:16
1,36.9279092112376,2025-01-18 07:34:16
1,56.25248639300964,2025-01-18 07:34:16
1,97.4366048656591,2025-01-18 07:34:16
1,50.781067880377606,2025-01-18 07:34:16
1,43.901590552777506,2025-01-18 07:34:16
1,45.98914223450723,2025-01-18 07:34:16
1,65.21485025042051,2025-01-18 07:34:16
1,37.27038645324058,2025-01-18 07:34:16
1,28.89209562564411,2025-01-18 07:34:16
1,55.4113869875499,2025-01-18 07:34:16
1,68.94811527295408,2025-01-18 07:34:16
1,30.879071837362552,2025-01-18 07:34:16
1,91.62136988329502,2025-01-18 07:34:16
1,97.20460090752893,2025-01-18 07:34:16
1,73.08661764833184,2025-01-18 07:34:16
1,24.720510726868294,2025-01-18 07:34:16
1,21.916671529503393,2025-01-18 07:34:16
1,64.22321140557897,2025-01-18 07:34:16
1,24.06478905283949,2025-01-18 07:34:16
1,46.29832146167576,2025-01-18 07:34:16
1,98.79358607662853,2025-01-18 07:34:16
1,69.25277997251733,2025-01-18 07:34:16
1,85.8269982417996,2025-01-18 07:34:16
1,83.40942928833849,2025-01-18 07:34:16
1,86.96395849945297,2025-01-18 07:34:16
1,20.705353210700945,2025-01-18 07:34:16
1,51.00288658654698,2025-01-18 07:34:16
1,54.2150078709113,2025-01-18 07:34:16
1,27.49622874846308,2025-01-18 07:34:16
1,26.5844336427236,2025-01-18 07:34:16
1,31.953370491342284,2025-01-18 07:34:16
1,32.806364476711906,2025-01-18 07:34:16
1,71.44882085516045,2025-01-18 07:34:16
1,99.00978480278306,2025-01-18 07:34:16
1,66.92875899179487,2025-01-18 07:34:16
1,78.00785681657459,2025-01-18 07:34:16
1,61.20626062263359,2025-01-18 07:34:16
1,58.412120865206006,2025-01-18 07:34:16
1,48.98427751029179,2025-01-18 07:34:16
1,63.040252877863594,2025-01-18 07:34:16
1,39.57666734036095,2025-01-18 07:34:16
1,33.47586123285134,2025-01-18 07:34:16
1,66.55865060671734,2025-01-18 07:34:16
1,98.14250663946561,2025-01-18 07:34:16
1,35.99299030622283,2025-01-18 07:34:16
1,45.07828322700743,2025-01-18 07:34:16
1,93.93067913725724,2025-01-18 07:34:16
1,64.9707709324997,2025-01-18 07:34:16
1,25.953926336908157,2025-01-18 07:34:16
1,95.91369872325154,2025-01-18 07:34:16
1,47.500592833528536,2025-01-18 07:34:16
1,45.3241515681365,2025-01-18 07:34:16
1,62.24708703455861,2025-01-18 07:34:16
1,64.05892536507707,2025-01-18 07:34:16
1,91.76201351158171,2025-01-18 07:34:16
1,21.59634234365921,2025-01-18 07:34:16
1,77.77341919176615,2025-01-18 07:34:16
1,92.21504110637429,2025-01-18 07:34:16
1,67.30771578423368,2025-01-18 07:34:16
1,36.95514300203789,2025-01-18 07:34:16
1,98.10269396129873,2025-01-18 07:34:16
1,56.052967223378175,2025-01-18 07:34:16
1,50.3428726490089,2025-01-18 07:34:16
1,43.451601327804624,2025-01-18 07:34:16
1,26.497728814776835,2025-01-18 07:34:16
1,24.71101078390558,2025-01-18 07:34:16
1,85.74990837305334,2025-01-18 07:34:16
1,66.46691423138867,2025-01-18 07:34:16
1,66.27066892293482,2025-01-18 07:34:16
1,74.39396656282523,2025-01-18 07:34:16
1,53.29879257700634,2025-01-18 07:34:16
1,51.57616967467598,2025-01-18 07:34:16
1,78.28448656842053,2025-01-18 07:34:16
1,48.58057854214002,2025-01-18 07:34:16
1,84.80229572899371,2025-01-18 07:34:16
1,49.38826282357982,2025-01-18 07:34:16
1,69.27915209390879,2025-01-18 07:34:16
1,82.69196874438104,2025-01-18 07:34:16
1,53.02007402995913,2025-01-18 07:34:16
1,22.96753149616545,2025-01-18 07:34:16
1,27.264995307627117,2025-01-18 07:34:16
1,85.68887222230646,2025-01-18 07:34:16
1,94.42481686419453,2025-01-18 07:34:16
1,75.05999384340032,2025-01-18 07:34:16
1,30.057283043221243,2025-01-18 07:34:16
1,55.86262743678657,2025-01-18 07:34:16
1,77.94823946516141,2025-01-18 07:34:16
1,46.66118217020737,2025-01-18 07:34:16
1,52.83276855314678,2025-01-18 07:34:16
1,97.34374893227633,2025-01-18 07:34:16
1,60.402291953329154,2025-01-18 07:34:16
1,33.0462052495278,2025-01-18 07:34:16
1,60.53113649520974,2025-01-18 07:34:16
1,88.23360240472057,2025-01-18 07:34:16
1,68.08394623120928,2025-01-18 07:34:16
1,82.27270079215798,2025-01-18 07:34:16
1,24.64154872637005,2025-01-18 07:34:16
1,91.15479284616158,2025-01-18 07:34:16
1,30.246257424701408,2025-01-18 07:34:16
1,50.95166768988343,2025-01-18 07:34:16
1,94.02466274489784,2025-01-18 07:34:16
1,89.93941556312456,2025-01-18 07:34:16
1,25.339166672877347,2025-01-18 07:34:16
1,60.829721247906086,2025-01-18 07:34:16
1,20.8249813740062,2025-01-18 07:34:16
1,92.38102442838995,2025-01-18 07:34:16
1,56.57510516245398,2025-01-18 07:34:16
1,65.83403519696218,2025-01-18 07:34:16
1,91.55301148695087,2025-01-18 07:34:16
1,55.12866435937072,2025-01-18 07:34:16
1,53.834101293882114,2025-01-18 07:34:16
1,94.24714022216199,2025-01-18 07:34:16
1,91.95585623758447,2025-01-18 07:34:16
1,54.527876813550265,2025-01-18 07:34:16
1,39.2074351441148,2025-01-18 07:34:16
1,53.70547007611101,2025-01-18 07:34:16
1,87.65232622354208,2025-01-18 07:34:16
1,84.25175250644163,2025-01-18 07:34:16
1,46.13434119356708,2025-01-18 07:34:16
1,80.76025212403188,2025-01-18 07:34:16
1,86.8435250690993,2025-01-18 07:34:16
1,77.1723113646371,2025-01-18 07:34:16
1,92.43632757129751,2025-01-18 07:34:16
1,50.78817281734462,2025-01-18 07:34:16
1,69.78077636317535,2025-01-18 07:34:16
1,68.90608657321943,2025-01-18 07:34:16
1,94.45039401335285,2025-01-18 07:34:16
1,96.2115400342224,2025-01-18 07:34:16
1,45.21908211775297,2025-01-18 07:34:16
1,61.75116809629209,2025-01-18 07:34:16
1,70.21902282774752,2025-01-18 07:34:16
1,25.78342952842167,2025-01-18 07:34:16
1,60.56423129394618,2025-01-18 07:34:16
1,65.97273512658964,2025-01-18 07:34:16
1,84.97064152482706,2025-01-18 07:34:16
1,38.864723255715106,2025-01-18 07:34:16
1,20.53317318642419,2025-01-18 07:34:16
1,97.25130942818322,2025-01-18 07:34:16
1,26.93135102293768,2025-01-18 07:34:16
1,82.41294548140331,2025-01-18 07:34:16
1,34.42724075691931,2025-01-18 07:34:16
1,99.14227949703172,2025-01-18 07:34:16
1,63.31536684102706,2025-01-18 07:34:16
1,40.85713314541991,2025-01-18 07:34:16
1,62.95409750854149,2025-01-18 07:34:16
1,41.41679907845229,2025-01-18 07:34:16
1,39.355029494142414,2025-01-18 07:34:16
1,40.727612818898464,2025-01-18 07:34:16
1,24.20342138707366,2025-01-18 07:34:16
1,62.34906943894777,2025-01-18 07:34:16
1,39.73789176447526,2025-01-18 07:34:16
1,82.34005350650915,2025-01-18 07:34:16
1,77.29361991695828,2025-01-18 07:34:16
1,83.22536215210222,2025-01-18 07:34:16
1,22.760354142227257,2025-01-18 07:34:16
1,23.260597928984605,2025-01-18 07:34:16
1,70.51367091865528,2025-01-18 07:34:16
1,34.74728307800463,2025-01-18 07:34:16
1,64.9417811273192,2025-01-18 07:34:16
1,71.53090888960668,2025-01-18 07:34:16
1,52.03085925053193,2025-01-18 07:34:16
1,29.192848084521845,2025-01-18 07:34:16
1,64.68115730963005,2025-01-18 07:34:16
1,75.17848260999793,2025-01-18 07:34:16
1,97.1955078388204,2025-01-18 07:34:16
1,56.406946864729235,2025-01-18 07:34:16
1,66.79835740524823,2025-01-18 07:34:16
1,68.6334015681002,2025-01-18 07:34:16
1,98.49709627101898,2025-01-18 07:34:16
1,92.16292910358256,2025-01-18 07:34:16
1,82.53615686600727,2025-01-18 07:34:16
1,77.56471194777396,2025-01-18 07:34:16
1,91.26151786650952,2025-01-18 07:34:16
1,33.41443001775715,2025-01-18 07:34:16
1,78.53138976356168,2025-01-18 07:34:16
1,40.67546032276476,2025-01-18 07:34:16
1,70.77574901287599,2025-01-18 07:34:16
1,55.75455769125452,2025-01-18 07:34:16
1,22.122956551842094,2025-01-18 07:34:16
1,70.07259858293617,2025-01-18 07:34:16
1,43.014948734732066,2025-01-18 07:34:16
1,83.35080292557396,2025-01-18 07:34:16
1,21.797558062514646,2025-01-18 07:34:16
1,53.29241470744181,2025-01-18 07:34:16
1,97.31505597564035,2025-01-18 07:34:16
1,76.47067060205462,2025-01-18 07:34:16
1,73.35416638177419,2025-01-18 07:34:16
1,74.76591591768268,2025-01-18 07:34:16
1,57.78283609320917,2025-01-18 07:34:16
1,27.753180084413263,2025-01-18 07:34:16
1,22.43527987006931,2025-01-18 07:34:16
1,89.616060826268,2025-01-18 07:34:16
1,57.685790271009196,2025-01-18 07:34:16
1,63.24201506297763,2025-01-18 07:34:16
1,53.645314406503275,2025-01-18 07:34:16
1,39.71488773823724,2025-01-18 07:34:16
1,30.99444887974922,2025-01-18 07:34:16
1,60.50944009505693,2025-01-18 07:34:16
1,27.24467943140203,2025-01-18 07:34:16
1,32.22591707233835,2025-01-18 07:34:16
1,20.403494524780974,2025-01-18 07:34:16
1,30.705779287783372,2025-01-18 07:34:16
1,21.54921672814219,2025-01-18 07:34:16
1,97.79139550851178,2025-01-18 07:34:16
1,40.231639859665975,2025-01-18 07:34:16
1,56.58698109206541,2025-01-18 07:34:16
1,98.10724858771688,2025-01-18 07:34:16
1,59.99194779926377,2025-01-18 07:34:16
1,92.35022623168501,2025-01-18 07:34:16
1,49.403358303683945,2025-01-18 07:34:16
1,74.24820405646027,2025-01-18 07:34:16
1,61.64399854514174,2025-01-18 07:34:16
1,58.830941426142886,2025-01-18 07:34:16
1,41.3804845937105,2025-01-18 07:34:16
1,93.21419302511345,2025-01-18 07:34:16
1,69.47783967729079,2025-01-18 07:34:16
1,80.34019139533677,2025-01-18 07:34:16
1,32.95175264594374,2025-01-18 07:34:16
1,81.80774480862253,2025-01-18 07:34:16
1,30.93657479604567,2025-01-18 07:34:16
1,73.3825591168133,2025-01-18 07:34:16
1,99.61558087510267,2025-01-18 07:34:16
1,38.46956411585112,2025-01-18 07:34:16
1,87.57582722031461,2025-01-18 07:34:16
1,84.59077673323934,2025-01-18 07:34:16
1,57.147457357834014,2025-01-18 07:34:16
1,39.52800002266103,2025-01-18 07:34:16
1,42.3195289764631,2025-01-18 07:34:16
1,59.051165734197056,2025-01-18 07:34:16
1,86.71566025642373,2025-01-18 07:34:16
1,35.456808155631386,2025-01-18 07:34:16
1,68.72353738985487,2025-01-18 07:34:16
1,38.211556617609105,2025-01-18 07:34:16
1,27.74376869829628,2025-01-18 07:34:16
1,39.96841012680395,2025-01-18 07:34:16
1,94.75380972438857,2025-01-18 07:34:16
1,99.39964759914785,2025-01-18 07:34:16
1,66.9628727458378,2025-01-18 07:34:16
1,81.60297088480078,2025-01-18 07:34:16
1,29.219244390908194,2025-01-18 07:34:16
1,72.75351552679783,2025-01-18 07:34:16
1,27.924762702276126,2025-01-18 07:34:16
1,31.453744728097863,2025-01-18 07:34:16
1,84.96366437723418,2025-01-18 07:34:16
1,35.12015306608001,2025-01-18 07:34:16
1,88.25625180844631,2025-01-18 07:34:16
1,39.57627195044479,2025-01-18 07:34:16
1,38.30913846293663,2025-01-18 07:34:16
1,59.94950422994585,2025-01-18 07:34:16
1,83.22100750440418,2025-01-18 07:34:16
1,55.69237111251981,2025-01-18 07:34:16
1,66.28968400352049,2025-01-18 07:34:16
1,32.519939692056106,2025-01-18 07:34:16
1,85.70174561701803,2025-01-18 07:34:16
1,72.12946575341726,2025-01-18 07:34:16
1,72.80037636398353,2025-01-18 07:34:16
1,65.25076595210552,2025-01-18 07:34:16
1,46.96832488632782,2025-01-18 07:34:16
1,92.95765891569727,2025-01-18 07:34:16
1,57.76360001541323,2025-01-18 07:34:16
1,46.90600026176309,2025-01-18 07:34:16
1,68.2673000504821,2025-01-18 07:34:16
1,24.07082311746609,2025-01-18 07:34:16
1,86.07307060771387,2025-01-18 07:34:16
1,56.049752313246145,2025-01-18 07:34:16
1,61.778276333253,2025-01-18 07:34:16
1,70.33394839666585,2025-01-18 07:34:16
1,30.683678693367227,2025-01-18 07:34:16
1,28.531503917793604,2025-01-18 07:34:16
1,68.30312779228424,2025-01-18 07:34:16
1,65.00853238887937,2025-01-18 07:34:16
1,55.09954823064582,2025-01-18 07:34:16
1,23.569857995894328,2025-01-18 07:34:16
1,30.027357419069645,2025-01-18 07:34:16
1,45.12181961967926,2025-01-18 07:34:16
1,73.50652915497325,2025-01-18 07:34:16
1,93.66926007408004,2025-01-18 07:34:16
1,60.86987927986683,2025-01-18 07:34:16
1,52.02883652184297,2025-01-18 07:34:16
1,91.41097555967174,2025-01-18 07:34:16
1,72.1948901541532,2025-01-18 07:34:16
1,77.93610083775519,2025-01-18 07:34:16
1,69.8039071539443,2025-01-18 07:34:16
1,29.20122960108283,2025-01-18 07:34:16
1,78.26261620960665,2025-01-18 07:34:16
1,52.34652077010723,2025-01-18 07:34:16
1,80.93785059768706,2025-01-18 07:34:16
1,71.58679738648155,2025-01-18 07:34:16
1,58.03122671597157,2025-01-18 07:34:16
1,52.12005275414312,2025-01-18 07:34:16
1,91.51217994071521,2025-01-18 07:34:16
1,34.177308758747316,2025-01-18 07:34:16
1,91.87721638273058,2025-01-18 07:34:16
1,96.25143704414708,2025-01-18 07:34:16
1,36.41613068909129,2025-01-18 07:34:16
1,32.951973698226624,2025-01-18 07:34:16
1,80.1116972894007,2025-01-18 07:34:16
1,97.71969080334722,2025-01-18 07:34:16
1,84.39980353452819,2025-01-18 07:34:16
1,40.38516688911475,2025-01-18 07:34:16
1,26.17123887649037,2025-01-18 07:34:16
1,55.36681668962689,2025-01-18 07:34:16
1,61.10201904693121,2025-01-18 07:34:16
1,61.08664954791518,2025-01-18 07:34:16
1,53.292701854637045,2025-01-18 07:34:16
1,49.26855638171019,2025-01-18 07:34:16
1,28.87656299297303,2025-01-18 07:34:16
1,79.22265023281196,2025-01-18 07:34:16
1,58.90029968608345,2025-01-18 07:34:16
1,29.06312715885157,2025-01-18 07:34:16
1,66.98379739748236,2025-01-18 07:34:16
1,78.89171977284946,2025-01-18 07:34:16
1,41.435218854728426,2025-01-18 07:34:16
1,49.01764869111271,2025-01-18 07:34:16
1,52.03719839765162,2025-01-18 07:34:16
1,62.795872110076004,2025-01-18 07:34:16
1,62.50225058714632,2025-01-18 07:34:16
1,95.22754822493242,2025-01-18 07:34:16
1,27.762112049492266,2025-01-18 07:34:16
1,59.04906297781284,2025-01-18 07:34:16
1,68.5442481029509,2025-01-18 07:34:16
1,39.52592949257746,2025-01-18 07:34:16
1,88.12541957653545,2025-01-18 07:34:16
1,77.80759406261477,2025-01-18 07:34:16
1,42.57534013474162,2025-01-18 07:34:16
1,87.3837205392845,2025-01-18 07:34:16
1,34.53687542231056,2025-01-18 07:34:16
1,70.9638345484905,2025-01-18 07:34:16
1,33.838816871494146,2025-01-18 07:34:16
1,28.91181292752482,2025-01-18 07:34:16
1,27.833499257422822,2025-01-18 07:34:16
1,85.44483346810593,2025-01-18 07:34:16
1,91.2250101523138,2025-01-18 07:34:16
1,99.65154139883171,2025-01-18 07:34:16
1,83.69676175297292,2025-01-18 07:34:16
1,80.15284295614876,2025-01-18 07:34:16
1,40.40325157080104,2025-01-18 07:34:16
1,39.95995368826798,2025-01-18 07:34:16
1,38.79749996951173,2025-01-18 07:34:16
1,47.628826555044334,2025-01-18 07:34:16
1,94.65428545945767,2025-01-18 07:34:16
1,26.91526020347463,2025-01-18 07:34:16
1,91.73082344091692,2025-01-18 07:34:16
1,93.51336411535705,2025-01-18 07:34:16
1,28.396611014190967,2025-01-18 07:34:16
1,43.692029386006574,2025-01-18 07:34:16
1,76.98289567629962,2025-01-18 07:34:16
1,51.52475316400627,2025-01-18 07:34:16
1,26.324388781809994,2025-01-18 07:34:16
1,52.93259106286142,2025-01-18 07:34:16
1,77.76972439710154,2025-01-18 07:34:16
1,69.18662217767599,2025-01-18 07:34:16
1,67.91244353193355,2025-01-18 07:34:16
1,21.0154237456996,2025-01-18 07:34:16
1,73.65556134948073,2025-01-18 07:34:16
1,26.631193698494133,2025-01-18 07:34:16
1,78.05113785046814,2025-01-18 07:34:16
1,99.75575638640876,2025-01-18 07:34:16
1,57.70838976010057,2025-01-18 07:34:16
1,74.0448520069597,2025-01-18 07:34:16
1,94.42791484303969,2025-01-18 07:34:16
1,27.488620560782884,2025-01-18 07:34:16
1,25.834988424504974,2025-01-18 07:34:16
1,75.13022250195786,2025-01-18 07:34:16
1,44.62854228573312,2025-01-18 07:34:16
1,75.1960672491881,2025-01-18 07:34:16
1,52.95902827007747,2025-01-18 07:34:16
1,94.86908463786277,2025-01-18 07:34:16
1,90.01778368042682,2025-01-18 07:34:16
1,92.78753324238713,2025-01-18 07:34:16
1,73.71564684647129,2025-01-18 07:34:16
1,95.7099166714855,2025-01-18 07:34:16
1,51.112781565096725,2025-01-18 07:34:16
1,73.66111919069803,2025-01-18 07:34:16
1,63.352205131494195,2025-01-18 07:34:16
1,28.41334990691503,2025-01-18 07:34:16
1,37.04620575234096,2025-01-18 07:34:16
1,30.783240729475054,2025-01-18 07:34:16
1,83.88503039605395,2025-01-18 07:34:16
1,28.7153354476286,2025-01-18 07:34:16
1,79.4196355443386,2025-01-18 07:34:16
1,75.97325819560712,2025-01-18 07:34:16
1,37.05748401329587,2025-01-18 07:34:16
1,73.82824062252823,2025-01-18 07:34:16
1,28.571725386334208,2025-01-18 07:34:16
1,91.05145229699494,2025-01-18 07:34:16
1,80.1517376189788,2025-01-18 07:34:16
1,83.78961862992828,2025-01-18 07:34:16
1,27.939823846762096,2025-01-18 07:34:16
1,71.40764311751158,2025-01-18 07:34:16
1,31.287813975132188,2025-01-18 07:34:16
1,37.14457351634711,2025-01-18 07:34:16
1,39.5309256861856,2025-01-18 07:34:16
1,41.96753123892066,2025-01-18 07:34:16
1,45.5907104432238,2025-01-18 07:34:16
1,24.25911467922922,2025-01-18 07:34:16
1,56.59076739104498,2025-01-18 07:34:16
1,63.3827866087455,2025-01-18 07:34:16
1,88.13491136544273,2025-01-18 07:34:16
1,95.34817670249132,2025-01-18 07:34:16
1,83.20895960558323,2025-01-18 07:34:16
1,84.97436135797122,2025-01-18 07:34:16
1,75.22860135234197,2025-01-18 07:34:16
1,66.8834693482129,2025-01-18 07:34:16
1,46.037248166632565,2025-01-18 07:34:16
1,41.15507686391355,2025-01-18 07:34:16
1,47.50329159741388,2025-01-18 07:34:16
1,51.14175727035124,2025-01-18 07:34:16
1,89.37707527817113,2025-01-18 07:34:16
1,52.6552629241917,2025-01-18 07:34:16
1,42.156766774090435,2025-01-18 07:34:16
1,91.81009150112502,2025-01-18 07:34:16
1,81.21183660765465,2025-01-18 07:34:16
1,53.47164181959969,2025-01-18 07:34:16
1,65.12150748215589,2025-01-18 07:34:16
1,27.95413500346274,2025-01-18 07:34:16
1,71.51463755985127,2025-01-18 07:34:16
1,27.271534340184694,2025-01-18 07:34:16
1,69.4889923776937,2025-01-18 07:34:16
1,62.51876062491441,2025-01-18 07:34:16
1,88.15282632783713,2025-01-18 07:34:16
1,78.9619966116723,2025-01-18 07:34:16
1,24.820449272372763,2025-01-18 07:34:16
1,47.62615239921915,2025-01-18 07:34:16
1,88.11204465771945,2025-01-18 07:34:16
1,36.56306567744434,2025-01-18 07:34:16
1,59.14580766106038,2025-01-18 07:34:16
1,20.563740057425495,2025-01-18 07:34:16
1,53.73732055288164,2025-01-18 07:34:16
1,28.62753422712169,2025-01-18 07:34:16
1,58.512556097937576,2025-01-18 07:34:16
1,72.59520713584146,2025-01-18 07:34:16
1,20.231893419335858,2025-01-18 07:34:16
1,67.49551132039517,2025-01-18 07:34:16
1,66.68167029183672,2025-01-18 07:34:16
1,29.692195943422377,2025-01-18 07:34:16
1,65.74168030828163,2025-01-18 07:34:16
1,21.69222339617841,2025-01-18 07:34:16
1,20.626789772010596,2025-01-18 07:34:16
1,62.144322696169624,2025-01-18 07:34:16
1,66.70836945827904,2025-01-18 07:34:16
1,47.47422374565452,2025-01-18 07:34:16
1,75.6629485241588,2025-01-18 07:34:16
1,53.30332757614698,2025-01-18 07:34:16
1,96.6355991599877,2025-01-18 07:34:16
1,98.76676923731245,2025-01-18 07:34:16
1,50.65911595748355,2025-01-18 07:34:16
1,69.50090409040222,2025-01-18 07:34:16
1,27.00833076120152,2025-01-18 07:34:16
1,59.49258341519921,2025-01-18 07:34:16
1,36.81658518467562,2025-01-18 07:34:16
1,50.12751191104676,2025-01-18 07:34:16
1,81.43531566922559,2025-01-18 07:34:16
1,20.566079745440558,2025-01-18 07:34:16
1,53.70549450435092,2025-01-18 07:34:16
1,43.18066058517293,2025-01-18 07:34:16
1,64.56168611432963,2025-01-18 07:34:16
1,60.586997155645676,2025-01-18 07:34:16
1,58.14510585184287,2025-01-18 07:34:16
1,40.85439936879277,2025-01-18 07:34:16
1,38.18949756941216,2025-01-18 07:34:16
1,69.83897694191458,2025-01-18 07:34:16
1,59.88323400709596,2025-01-18 07:34:16
1,99.00919885745634,2025-01-18 07:34:16
1,73.77002750281315,2025-01-18 07:34:16
1,97.00007564715953,2025-01-18 07:34:16
1,62.96316795770204,2025-01-18 07:34:16
1,22.626979660592,2025-01-18 07:34:16
1,63.04125327319642,2025-01-18 07:34:16
1,65.71752078711367,2025-01-18 07:34:16
1,64.62844935765469,2025-01-18 07:34:16
1,64.71603297628516,2025-01-18 07:34:16
1,66.21338453970529,2025-01-18 07:34:16
1,75.26202837908508,2025-01-18 07:34:16
1,85.9965228471198,2025-01-18 07:34:16
1,25.733590397678697,2025-01-18 07:34:16
1,58.604554736177874,2025-01-18 07:34:16
1,88.34797554906308,2025-01-18 07:34:16
1,55.43963342662259,2025-01-18 07:34:16
1,57.455711309790516,2025-01-18 07:34:16
1,76.2595519595563,2025-01-18 07:34:16
1,64.75426742774894,2025-01-18 07:34:16
1,77.77692893087635,2025-01-18 07:34:16
1,45.422722853248374,2025-01-18 07:34:16
1,28.815197131302757,2025-01-18 07:34:16
1,97.87066512367234,2025-01-18 07:34:16
1,22.19732554599932,2025-01-18 07:34:16
1,77.90994598513322,2025-01-18 07:34:16
1,33.581222555278316,2025-01-18 07:34:16
1,57.12155109065535,2025-01-18 07:34:16
1,45.57585848673379,2025-01-18 07:34:16
1,48.76347353966316,2025-01-18 07:34:16
1,60.0827217410025,2025-01-18 07:34:16
1,92.48983464996896,2025-01-18 07:34:16
1,51.9449632071092,2025-01-18 07:34:16
1,86.09989985133404,2025-01-18 07:34:16
1,50.32702791172333,2025-01-18 07:34:16
1,81.38083314082621,2025-01-18 07:34:16
1,35.663948356052664,2025-01-18 07:34:16
1,61.6742570788933,2025-01-18 07:34:16
1,25.18424228155208,2025-01-18 07:34:16
1,52.52833527644721,2025-01-18 07:34:16
1,61.379065674500566,2025-01-18 07:34:16
1,62.45933409839103,2025-01-18 07:34:16
1,93.67818053301316,2025-01-18 07:34:16
1,67.16948128694854,2025-01-18 07:34:16
1,31.048346039185873,2025-01-18 07:34:16
1,40.06587730982679,2025-01-18 07:34:16
1,31.02553512938347,2025-01-18 07:34:16
1,88.98623674256937,2025-01-18 07:34:16
1,24.87485919910096,2025-01-18 07:34:16
1,21.17491773368183,2025-01-18 07:34:16
1,82.90749041985809,2025-01-18 07:34:16
1,60.06509961792119,2025-01-18 07:34:16
1,79.6234004896565,2025-01-18 07:34:16
1,87.55818185650574,2025-01-18 07:34:16
1,20.46458139556714,2025-01-18 07:34:16
1,40.42019543816905,2025-01-18 07:34:16
1,76.51288458667813,2025-01-18 07:34:16
1,98.51867365590324,2025-01-18 07:34:16
1,41.794078603426065,2025-01-18 07:34:16
1,21.70291795849078,2025-01-18 07:34:16
1,66.31521871477804,2025-01-18 07:34:16
1,23.243653355517075,2025-01-18 07:34:16
1,61.55286446664907,2025-01-18 07:34:16
1,35.245521280287704,2025-01-18 07:34:16
1,71.31144397509924,2025-01-18 07:34:16
1,56.9040076035194,2025-01-18 07:34:16
1,31.982200739471356,2025-01-18 07:34:16
1,74.80083322903351,2025-01-18 07:34:16
1,88.59561461585011,2025-01-18 07:34:16
1,43.36083837369175,2025-01-18 07:34:16
1,72.16203305590327,2025-01-18 07:34:16
1,80.81261412350531,2025-01-18 07:34:16
1,99.8227801084125,2025-01-18 07:34:16
1,97.11081620841179,2025-01-18 07:34:16
1,86.19634242712596,2025-01-18 07:34:16
1,70.16689495997767,2025-01-18 07:34:16
1,39.82591108029546,2025-01-18 07:34:16
1,32.82513686716377,2025-01-18 07:34:16
1,73.29247161724189,2025-01-18 07:34:16
1,56.68092901161803,2025-01-18 07:34:16
1,93.55941462682063,2025-01-18 07:34:16
1,54.66159270164073,2025-01-18 07:34:16
1,98.03176387818942,2025-01-18 07:34:16
1,77.13286270387421,2025-01-18 07:34:16
1,99.84784020822889,2025-01-18 07:34:16
1,94.71452579416966,2025-01-18 07:34:16
1,28.090727967652036,2025-01-18 07:34:16
1,96.18985805264772,2025-01-18 07:34:16
1,83.38652221093555,2025-01-18 07:34:16
1,29.90776345268074,2025-01-18 07:34:16
1,34.745765283807735,2025-01-18 07:34:16
1,25.5181658456286,2025-01-18 07:34:16
1,45.04017687422822,2025-01-18 07:34:16
1,69.18226859887359,2025-01-18 07:34:16
1,35.77153942243341,2025-01-18 07:34:16
1,83.01861137269272,2025-01-18 07:34:16
1,56.88521278260741,2025-01-18 07:34:16
1,41.44848915035419,2025-01-18 07:34:16
1,74.44137632749842,2025-01-18 07:34:16
1,55.58143265936036,2025-01-18 07:34:16
1,30.831610221863492,2025-01-18 07:34:16
1,79.162588702135,2025-01-18 07:34:16
1,34.441803884302686,2025-01-18 07:34:16
1,71.4975993132892,2025-01-18 07:34:16
1,71.16092943171623,2025-01-18 07:34:16
1,41.47683579448723,2025-01-18 07:34:16
1,21.006340586586134,2025-01-18 07:34:16
1,65.74838501290958,2025-01-18 07:34:16
1,83.81815845697159,2025-01-18 07:34:16
1,37.22671234732154,2025-01-18 07:34:16
1,89.82254523046811,2025-01-18 07:34:16
1,26.385621930253087,2025-01-18 07:34:16
1,89.96853749649,2025-01-18 07:34:16
1,82.44758558193934,2025-01-18 07:34:16
1,96.72387344839241,2025-01-18 07:34:16
1,21.955924771970274,2025-01-18 07:34:16
1,72.41503137724182,2025-01-18 07:34:16
1,29.93908751037261,2025-01-18 07:34:16
1,33.87623802383913,2025-01-18 07:34:16
1,63.068941820196336,2025-01-18 07:34:16
1,34.67697805252898,2025-01-18 07:34:16
1,75.7332638110271,2025-01-18 07:34:16
1,62.19417358865043,2025-01-18 07:34:16
1,30.542071856682913,2025-01-18 07:34:16
1,41.18373500070522,2025-01-18 07:34:16
1,84.58194221617455,2025-01-18 07:34:16
1,40.16498431523714,2025-01-18 07:34:16
1,27.18057329299952,2025-01-18 07:34:16
1,81.12693933081104,2025-01-18 07:34:16
1,27.334516004621754,2025-01-18 07:34:16
1,42.94051902791545,2025-01-18 07:34:16
1,21.266161934163115,2025-01-18 07:34:16
1,30.121812987121366,2025-01-18 07:34:16
1,26.170117784746836,2025-01-18 07:34:16
1,24.203386203694688,2025-01-18 07:34:16
1,24.230254759778127,2025-01-18 07:34:16
1,40.46295575716189,2025-01-18 07:34:16
1,46.899268597641196,2025-01-18 07:34:16
1,44.80094520135462,2025-01-18 07:34:16
1,99.25591815712284,2025-01-18 07:34:16
1,64.01122272353118,2025-01-18 07:34:16
1,33.00409223533976,2025-01-18 07:34:16
1,35.816622176268176,2025-01-18 07:34:16
1,34.831319603920676,2025-01-18 07:34:16
1,92.51466736893923,2025-01-18 07:34:16
1,41.11630019512167,2025-01-18 07:34:16
1,48.31338142406834,2025-01-18 07:34:16
1,80.2749537568703,2025-01-18 07:34:16
1,74.3542617509624,2025-01-18 07:34:16
1,30.57304287623511,2025-01-18 07:34:16
1,50.22897522972094,2025-01-18 07:34:16
1,36.376495697892814,2025-01-18 07:34:16
1,94.67164130098305,2025-01-18 07:34:16
1,41.14719765354796,2025-01-18 07:34:16
1,67.28967684767844,2025-01-18 07:34:16
1,63.16779857993005,2025-01-18 07:34:16
1,99.67490546474875,2025-01-18 07:34:16
1,85.15864082362077,2025-01-18 07:34:16
1,34.49935804232424,2025-01-18 07:34:16
1,90.20094051922653,2025-01-18 07:34:16
1,44.290916096106514,2025-01-18 07:34:16
1,37.961037962044685,2025-01-18 07:34:16
1,56.24885243191602,2025-01-18 07:34:16
1,25.67857982780332,2025-01-18 07:34:16
1,72.4002359054546,2025-01-18 07:34:16
1,66.62938719760812,2025-01-18 07:34:16
1,97.49041827024925,2025-01-18 07:34:16
1,65.64954784716248,2025-01-18 07:34:16
1,32.665648647327046,2025-01-18 07:34:16
1,35.659746251178255,2025-01-18 07:34:16
1,46.64092105692379,2025-01-18 07:34:16
1,92.48538769466832,2025-01-18 07:34:16
1,54.74193527285502,2025-01-18 07:34:16
1,85.67870945537747,2025-01-18 07:34:16
1,63.75002403898179,2025-01-18 07:34:16
1,72.90650879457951,2025-01-18 07:34:16
1,33.31813504914937,2025-01-18 07:34:16
1,94.48596354267109,2025-01-18 07:34:16
1,41.29552406437277,2025-01-18 07:34:16
1,76.18912269116841,2025-01-18 07:34:16
1,35.198620407491475,2025-01-18 07:34:16
1,53.894142024662656,2025-01-18 07:34:16
1,54.88267181862057,2025-01-18 07:34:16
1,96.1351917617911,2025-01-18 07:34:16
1,48.14238942226767,2025-01-18 07:34:16
1,53.043291460830005,2025-01-18 07:34:16
1,37.58685587586708,2025-01-18 07:34:16
1,21.259205405352297,2025-01-18 07:34:16
1,37.679633347412164,2025-01-18 07:34:16
1,31.45864397056794,2025-01-18 07:34:16
1,74.63769953306087,2025-01-18 07:34:16
1,84.86485742152806,2025-01-18 07:34:16
1,26.70739106581739,2025-01-18 07:34:16
1,75.62145458173585,2025-01-18 07:34:16
1,52.62515376086732,2025-01-18 07:34:16
1,90.82920135099269,2025-01-18 07:34:16
1,68.00100582135737,2025-01-18 07:34:16
1,28.800841280357375,2025-01-18 07:34:16
1,41.71988485754717,2025-01-18 07:34:16
1,85.90868156162249,2025-01-18 07:34:16
1,34.691737261280736,2025-01-18 07:34:16
1,42.465183561221316,2025-01-18 07:34:16
1,94.26207791041486,2025-01-18 07:34:16
1,75.16895130918982,2025-01-18 07:34:16
1,38.157471485674,2025-01-18 07:34:16
1,48.46999378856614,2025-01-18 07:34:16
1,39.605019851965494,2025-01-18 07:34:16
1,21.256991978146917,2025-01-18 07:34:16
1,92.72296443828678,2025-01-18 07:34:16
1,96.3987951210654,2025-01-18 07:34:16
1,35.62521374485087,2025-01-18 07:34:16
1,66.77955267230442,2025-01-18 07:34:16
1,38.02733119980726,2025-01-18 07:34:16
1,87.91866296899973,2025-01-18 07:34:16
1,96.93560935014173,2025-01-18 07:34:16
1,97.83206723474112,2025-01-18 07:34:16
1,44.285721734099454,2025-01-18 07:34:16
1,81.65218482065139,2025-01-18 07:34:16
1,73.20860346778166,2025-01-18 07:34:16
1,54.75437151659332,2025-01-18 07:34:16
1,76.91631119237947,2025-01-18 07:34:16
1,47.662936465661126,2025-01-18 07:34:16
1,79.54094010819348,2025-01-18 07:34:16
1,45.64820036437353,2025-01-18 07:34:16
1,41.03761957477878,2025-01-18 07:34:16
1,28.00193349491061,2025-01-18 07:34:16
1,25.557153156902494,2025-01-18 07:34:16
1,29.46973796689729,2025-01-18 07:34:16
1,74.98827400435911,2025-01-18 07:34:16
1,77.7255656443909,2025-01-18 07:34:16
1,83.80681315085728,2025-01-18 07:34:16
1,82.48591501722547,2025-01-18 07:34:16
1,96.99878045800959,2025-01-18 07:34:16
1,68.10462822211613,2025-01-18 07:34:16
1,60.51792436216948,2025-01-18 07:34:16
1,64.92732471852972,2025-01-18 07:34:16
1,40.28171203589927,2025-01-18 07:34:16
1,37.959499093195035,2025-01-18 07:34:16
1,69.34041888555397,2025-01-18 07:34:16
1,23.000125183523554,2025-01-18 07:34:16
1,48.398926728241634,2025-01-18 07:34:16
1,39.00367391963413,2025-01-18 07:34:16
1,67.20388508232057,2025-01-18 07:34:16
1,35.734028079395515,2025-01-18 07:34:16
1,88.28041258640647,2025-01-18 07:34:16
1,39.0298907416321,2025-01-18 07:34:16
1,47.32811610936079,2025-01-18 07:34:16
1,45.63217435239092,2025-01-18 07:34:16
1,61.51258410691872,2025-01-18 07:34:16
1,21.991900770686044,2025-01-18 07:34:16
1,98.16051189026848,2025-01-18 07:34:16
1,52.56489996402568,2025-01-18 07:34:16
1,32.356446486733915,2025-01-18 07:34:16
1,65.75998294344522,2025-01-18 07:34:16
1,85.12353942079584,2025-01-18 07:34:16
1,44.19207788877041,2025-01-18 07:34:16
1,55.5852016320572,2025-01-18 07:34:16
1,54.788996035367305,2025-01-18 07:34:16
1,69.12474138210915,2025-01-18 07:34:16
1,90.47429133443461,2025-01-18 07:34:16
1,28.985052023360094,2025-01-18 07:34:16
1,99.88745118893894,2025-01-18 07:34:16
1,69.96090341950277,2025-01-18 07:34:16
1,30.178238480049355,2025-01-18 07:34:16
1,42.2214716807308,2025-01-18 07:34:16
1,44.22343819191879,2025-01-18 07:34:16
1,49.806321037483144,2025-01-18 07:34:16
1,72.14103039284757,2025-01-18 07:34:16
1,40.6876883782065,2025-01-18 07:34:16
1,32.12347829965967,2025-01-18 07:34:16
1,83.3840401776041,2025-01-18 07:34:16
1,68.46745399420517,2025-01-18 07:34:16
1,39.40670875725955,2025-01-18 07:34:16
1,78.08677596635813,2025-01-18 07:34:16
1,97.8098882778426,2025-01-18 07:34:16
1,81.43581250020615,2025-01-18 07:34:16
1,94.58023802563905,2025-01-18 07:34:16
1,64.92455498174985,2025-01-18 07:34:16
1,38.484040847211745,2025-01-18 07:34:16
1,81.63052186445921,2025-01-18 07:34:16
1,41.0409488042113,2025-01-18 07:34:16
1,56.002228108808005,2025-01-18 07:34:16
1,77.47855210310135,2025-01-18 07:34:16
1,85.39139549761929,2025-01-18 07:34:16
1,54.32859263524399,2025-01-18 07:34:16
1,77.66428834979916,2025-01-18 07:34:16
1,63.492533340325465,2025-01-18 07:34:16
1,35.32743041399246,2025-01-18 07:34:16
1,89.01032517543439,2025-01-18 07:34:16
1,66.3974811659536,2025-01-18 07:34:16
1,95.16714199954437,2025-01-18 07:34:16
1,69.7168811837953,2025-01-18 07:34:16
1,45.03809530798389,2025-01-18 07:34:16
1,21.24668044460174,2025-01-18 07:34:16
1,80.00446681335612,2025-01-18 07:34:16
1,64.2988669778053,2025-01-18 07:34:16
1,98.37917350670772,2025-01-18 07:34:16
1,34.09112612154278,2025-01-18 07:34:16
1,61.104329823182375,2025-01-18 07:34:16
1,38.52776832714737,2025-01-18 07:34:16
1,97.18843663095048,2025-01-18 07:34:16
1,94.24281929699526,2025-01-18 07:34:16
1,34.69118101531186,2025-01-18 07:34:16
1,79.66974539747928,2025-01-18 07:34:16
1,99.49674301708632,2025-01-18 07:34:16
1,29.103266846184273,2025-01-18 07:34:16
1,95.23720133057029,2025-01-18 07:34:16
1,69.60233879203173,2025-01-18 07:34:16
1,54.308485000735246,2025-01-18 07:34:16
1,83.35877911138677,2025-01-18 07:34:16
1,59.25844440324421,2025-01-18 07:34:16
1,46.25820538582536,2025-01-18 07:34:16
1,24.90752980868539,2025-01-18 07:34:16
1,81.34643275137043,2025-01-18 07:34:16
1,46.06545492699084,2025-01-18 07:34:16
1,47.04441387095075,2025-01-18 07:34:16
1,54.515871205494044,2025-01-18 07:34:16
1,55.36968260040801,2025-01-18 07:34:16
1,70.07436577793491,2025-01-18 07:34:16
1,57.726110732246035,2025-01-18 07:34:16
1,46.79744893571214,2025-01-18 07:34:16
1,52.81182647620865,2025-01-18 07:34:16
1,98.17553233168154,2025-01-18 07:34:16
1,29.44640761547391,2025-01-18 07:34:16
1,93.87326338234627,2025-01-18 07:34:16
1,86.31868999705124,2025-01-18 07:34:16
1,99.05924897950327,2025-01-18 07:34:16
1,27.694537283231266,2025-01-18 07:34:16
1,80.2743223899578,2025-01-18 07:34:16
1,84.8622194242693,2025-01-18 07:34:16
1,89.00109277482089,2025-01-18 07:34:16
1,95.06710944832037,2025-01-18 07:34:16
1,91.17431545227782,2025-01-18 07:34:16
1,68.3146192769817,2025-01-18 07:34:16
1,83.63562936818819,2025-01-18 07:34:16
1,84.26385288840427,2025-01-18 07:34:16
1,76.40987527188071,2025-01-18 07:34:16
1,83.65324077221102,2025-01-18 07:34:16
1,52.9480465230251,2025-01-18 07:34:16
1,49.698274501782926,2025-01-18 07:34:16
1,58.90434078521088,2025-01-18 07:34:16
1,35.13640992100913,2025-01-18 07:34:16
1,41.727478416547676,2025-01-18 07:34:16
1,93.55994546919217,2025-01-18 07:34:16
1,75.8675554630514,2025-01-18 07:34:16
1,60.487144432629655,2025-01-18 07:34:16
1,54.45713370450852,2025-01-18 07:34:16
1,67.18530644941589,2025-01-18 07:34:16
1,39.163932422621215,2025-01-18 07:34:16
1,50.535147126114275,2025-01-18 07:34:16
1,47.77752426321211,2025-01-18 07:34:16
1,59.2395436489781,2025-01-18 07:34:16
1,31.08110120426175,2025-01-18 07:34:16
1,40.81172997643914,2025-01-18 07:34:16
1,91.67830658280083,2025-01-18 07:34:16
1,38.97047287122507,2025-01-18 07:34:16
1,61.452368582786214,2025-01-18 07:34:16
1,67.01117111232354,2025-01-18 07:34:16
1,58.19753625132545,2025-01-18 07:34:16
1,71.228991323942,2025-01-18 07:34:16
1,62.520962069638344,2025-01-18 07:34:16
1,50.66714762995489,2025-01-18 07:34:16
1,56.17210079709665,2025-01-18 07:34:16
1,64.66085538346748,2025-01-18 07:34:16
1,31.719690691575906,2025-01-18 07:34:16
1,28.115953513010005,2025-01-18 07:34:16
1,62.502934954917464,2025-01-18 07:34:16
1,51.19457705793028,2025-01-18 07:34:16
1,90.18355667104272,2025-01-18 07:34:16
1,30.820469259083296,2025-01-18 07:34:16
1,74.3743383497316,2025-01-18 07:34:16
1,83.7762930748218,2025-01-18 07:34:16
1,40.222229378999515,2025-01-18 07:34:16
1,75.53495806228364,2025-01-18 07:34:16
1,44.67031728741706,2025-01-18 07:34:16
1,21.229412854708343,2025-01-18 07:34:16
1,71.35654752450878,2025-01-18 07:34:16
1,53.959937001374,2025-01-18 07:34:16
1,60.567666228420556,2025-01-18 07:34:16
1,61.49594933640291,2025-01-18 07:34:16
1,38.63444920024142,2025-01-18 07:34:16
1,89.86730028851507,2025-01-18 07:34:16
1,61.811062016948284,2025-01-18 07:34:16
1,80.23120326501997,2025-01-18 07:34:16
1,91.80351285906598,2025-01-18 07:34:16
1,70.41025789536813,2025-01-18 07:34:16
1,60.273250864164595,2025-01-18 07:34:16
1,85.33594566013602,2025-01-18 07:34:16
1,61.21552350349876,2025-01-18 07:34:16
1,87.80732169067107,2025-01-18 07:34:16
1,29.01236890107694,2025-01-18 07:34:16
1,27.863752116913723,2025-01-18 07:34:16
1,88.91427166458689,2025-01-18 07:34:16
1,64.09618503598311,2025-01-18 07:34:16
1,32.291308480322314,2025-01-18 07:34:16
1,42.96414886542028,2025-01-18 07:34:16
1,67.42475520427132,2025-01-18 07:34:16
1,51.08844381689938,2025-01-18 07:34:16
1,27.51008862386401,2025-01-18 07:34:16
1,98.33885131214389,2025-01-18 07:34:16
1,86.21144924028579,2025-01-18 07:34:16
1,36.57453633094171,2025-01-18 07:34:16
1,68.59973227642914,2025-01-18 07:34:16
1,36.08498398007388,2025-01-18 07:34:16
1,28.149524453672903,2025-01-18 07:34:16
1,57.74275437922947,2025-01-18 07:34:16
1,21.30247035622397,2025-01-18 07:34:16
1,59.88466761730975,2025-01-18 07:34:16
1,89.68762758223079,2025-01-18 07:34:16
1,97.70616751553119,2025-01-18 07:34:16
1,64.43648798143916,2025-01-18 07:34:16
1,50.19559519180546,2025-01-18 07:34:16
1,66.22196498681103,2025-01-18 07:34:16
1,47.26915994193054,2025-01-18 07:34:16
1,27.60819615286076,2025-01-18 07:34:16
1,82.21965254021102,2025-01-18 07:34:16
1,38.3327810681219,2025-01-18 07:34:16
1,27.964615596332916,2025-01-18 07:34:16
1,84.1316034947844,2025-01-18 07:34:16
1,83.35467029433629,2025-01-18 07:34:16
1,92.57167121226344,2025-01-18 07:34:16
1,26.157672666313772,2025-01-18 07:34:16
1,83.03188588919335,2025-01-18 07:34:16
1,95.51153928708744,2025-01-18 07:34:16
1,81.90988059540388,2025-01-18 07:34:16
1,58.296029520302774,2025-01-18 07:34:16
1,52.199578244137,2025-01-18 07:34:16
1,55.19959839920712,2025-01-18 07:34:16
1,88.84563864418631,2025-01-18 07:34:16
1,24.62282414146454,2025-01-18 07:34:16
1,70.8767929154443,2025-01-18 07:34:16
1,39.44449729332135,2025-01-18 07:34:16
1,76.67034191714501,2025-01-18 07:34:16
1,57.46296707328672,2025-01-18 07:34:16
1,40.61754306918098,2025-01-18 07:34:16
1,34.79331837577084,2025-01-18 07:34:16
1,69.86461871253822,2025-01-18 07:34:16
1,61.81880461352066,2025-01-18 07:34:16
1,77.85760568433346,2025-01-18 07:34:16
1,85.24511603426652,2025-01-18 07:34:16
1,78.51593362477901,2025-01-18 07:34:16
1,41.29617890822065,2025-01-18 07:34:16
1,57.367741944312996,2025-01-18 07:34:16
1,89.31883332977631,2025-01-18 07:34:16
1,43.41845679205871,2025-01-18 07:34:16
1,87.04684959089485,2025-01-18 07:34:16
1,34.41661985531393,2025-01-18 07:34:16
1,47.43280186772608,2025-01-18 07:34:16
1,46.57137907109205,2025-01-18 07:34:16
1,32.53027350287621,2025-01-18 07:34:16
1,53.55345867656258,2025-01-18 07:34:16
1,35.1295845222159,2025-01-18 07:34:16
1,68.79344472611469,2025-01-18 07:34:16
1,72.54596080023575,2025-01-18 07:34:16
1,78.98300214386298,2025-01-18 07:34:16
1,21.191489679009415,2025-01-18 07:34:16
1,49.455826922210576,2025-01-18 07:34:16
1,63.25950096991912,2025-01-18 07:34:16
1,65.95647019361635,2025-01-18 07:34:16
1,22.158203323193526,2025-01-18 07:34:16
1,45.420326435613674,2025-01-18 07:34:16
1,44.36272339225372,2025-01-18 07:34:16
1,50.625379368730165,2025-01-18 07:34:16
1,73.8513468281385,2025-01-18 07:34:16
1,77.28128043090899,2025-01-18 07:34:16
1,82.28349460407946,2025-01-18 07:34:16
1,99.55124581318165,2025-01-18 07:34:16
1,63.63821412520637,2025-01-18 07:34:16
1,34.670523355681425,2025-01-18 07:34:16
1,44.00024585715033,2025-01-18 07:34:16
1,32.781894894087,2025-01-18 07:34:16
1,96.96115733119254,2025-01-18 07:34:16
1,59.43768797975466,2025-01-18 07:34:16
1,50.10139440032429,2025-01-18 07:34:16
1,53.9360705233843,2025-01-18 07:34:16
1,23.309361487228397,2025-01-18 07:34:16
1,67.48163246168322,2025-01-18 07:34:16
1,96.5764426497721,2025-01-18 07:34:16
1,40.92154456079983,2025-01-18 07:34:16
1,88.8491502072059,2025-01-18 07:34:16
1,26.07610639154439,2025-01-18 07:34:16
1,37.72981093667931,2025-01-18 07:34:16
1,98.62204821624842,2025-01-18 07:34:16
1,86.09049490739392,2025-01-18 07:34:16
1,81.47726783625157,2025-01-18 07:34:16
1,88.425994096243,2025-01-18 07:34:16
1,42.52076422354497,2025-01-18 07:34:16
1,62.87304336274826,2025-01-18 07:34:16
1,50.58668682526314,2025-01-18 07:34:16
1,80.73403114865096,2025-01-18 07:34:16
1,20.610832638701375,2025-01-18 07:34:16
1,78.20757114119303,2025-01-18 07:34:16
1,35.388526109953204,2025-01-18 07:34:16
1,72.64317566501609,2025-01-18 07:34:16
1,89.44802420423333,2025-01-18 07:34:16
1,22.712746516586037,2025-01-18 07:34:16
1,46.88692924615488,2025-01-18 07:34:16
1,54.80418638735614,2025-01-18 07:34:16
1,23.53012720194129,2025-01-18 07:34:16
1,98.44256082820021,2025-01-18 07:34:16
1,20.53945436917808,2025-01-18 07:34:16
1,83.01022125209951,2025-01-18 07:34:16
1,32.30394717705144,2025-01-18 07:34:16
1,29.88000235514395,2025-01-18 07:34:16
1,48.85047204855003,2025-01-18 07:34:16
1,82.53991936028982,2025-01-18 07:34:16
1,47.71378370513791,2025-01-18 07:34:16
1,52.72887432073739,2025-01-18 07:34:16
1,89.5128617674491,2025-01-18 07:34:16
1,44.56967040730013,2025-01-18 07:34:16
1,56.4698455213469,2025-01-18 07:34:16
1,21.115125126293357,2025-01-18 07:34:16
1,56.08351550620704,2025-01-18 07:34:16
1,46.55462103838283,2025-01-18 07:34:16
1,32.92341785712337,2025-01-18 07:34:16
1,83.68581424567154,2025-01-18 07:34:16
1,28.01901918348819,2025-01-18 07:34:16
1,39.54842850116897,2025-01-18 07:34:16
1,34.385727268404395,2025-01-18 07:34:16
1,42.00513150380359,2025-01-18 07:34:16
1,38.51407679791822,2025-01-18 07:34:16
1,53.78912002791399,2025-01-18 07:34:16
1,39.105461926838785,2025-01-18 07:34:16
1,98.66044442195653,2025-01-18 07:34:16
1,71.81965709028071,2025-01-18 07:34:16
1,28.82322636968979,2025-01-18 07:34:16
1,87.43285098450784,2025-01-18 07:34:16
1,83.98804150290474,2025-01-18 07:34:16
1,31.13122985909932,2025-01-18 07:34:16
1,80.59848493968134,2025-01-18 07:34:16
1,42.675463719662915,2025-01-18 07:34:16
1,93.04424804054801,2025-01-18 07:34:16
1,74.88276753446652,2025-01-18 07:34:16
1,44.65702806062973,2025-01-18 07:34:16
1,44.69340085022188,2025-01-18 07:34:16
1,26.317587513515495,2025-01-18 07:34:16
1,74.09521720125495,2025-01-18 07:34:16
1,87.566826409094,2025-01-18 07:34:16
1,49.65059403335672,2025-01-18 07:34:16
1,66.97204057448857,2025-01-18 07:34:16
1,68.9271260137585,2025-01-18 07:34:16
1,98.92375005421547,2025-01-18 07:34:16
1,58.454343432863006,2025-01-18 07:34:16
1,76.73899650035051,2025-01-18 07:34:16
1,29.306147101342653,2025-01-18 07:34:16
1,67.93952134411825,2025-01-18 07:34:16
1,79.89448775608984,2025-01-18 07:34:16
1,67.3087631431537,2025-01-18 07:34:16
1,98.81382303905346,2025-01-18 07:34:16
1,56.15399981889933,2025-01-18 07:34:16
1,54.336453816652494,2025-01-18 07:34:16
1,41.92561932983341,2025-01-18 07:34:16
1,42.84119263245769,2025-01-18 07:34:16
1,42.86475980460067,2025-01-18 07:34:16
1,51.01833869548763,2025-01-18 07:34:16
1,64.40930190100697,2025-01-18 07:34:16
1,99.14082738263883,2025-01-18 07:34:16
1,43.93348191456505,2025-01-18 07:34:16
1,28.05085384282469,2025-01-18 07:34:16
1,64.67697222757573,2025-01-18 07:34:16
1,99.07935001306139,2025-01-18 07:34:16
1,95.46617828760952,2025-01-18 07:34:16
1,91.70778454381758,2025-01-18 07:34:16
1,98.44075691331774,2025-01-18 07:34:16
1,32.148947087478206,2025-01-18 07:34:16
1,82.1723301062602,2025-01-18 07:34:16
1,70.37628007123155,2025-01-18 07:34:16
1,51.37308525428027,2025-01-18 07:34:16
1,27.44866564537462,2025-01-18 07:34:16
1,23.58348291910304,2025-01-18 07:34:16
1,42.84450991672556,2025-01-18 07:34:16
1,78.39661781775247,2025-01-18 07:34:16
1,91.20206891099299,2025-01-18 07:34:16
1,83.05670632574149,2025-01-18 07:34:16
1,62.68505898569428,2025-01-18 07:34:16
1,80.71879006881484,2025-01-18 07:34:16
1,21.045732237753214,2025-01-18 07:34:16
1,62.03314644219998,2025-01-18 07:34:16
1,45.87113660769505,2025-01-18 07:34:16
1,26.870350220243413,2025-01-18 07:34:16
1,40.256950292329606,2025-01-18 07:34:16
1,24.730905658844804,2025-01-18 07:34:16
1,54.72985213325791,2025-01-18 07:34:16
1,37.078031540896355,2025-01-18 07:34:16
1,97.4686066606259,2025-01-18 07:34:16
1,42.46755226491884,2025-01-18 07:34:16
1,22.977791229948615,2025-01-18 07:34:16
1,38.79165270384455,2025-01-18 07:34:16
1,38.890614595279516,2025-01-18 07:34:16
1,59.30919761611382,2025-01-18 07:34:16
1,83.8734241532686,2025-01-18 07:34:16
1,84.42131741543128,2025-01-18 07:34:16
1,33.37637486215818,2025-01-18 07:34:16
1,37.0607623828346,2025-01-18 07:34:16
1,93.01848070419133,2025-01-18 07:34:16
1,73.28268550558494,2025-01-18 07:34:16
1,38.18759562075418,2025-01-18 07:34:16
1,21.139773131719366,2025-01-18 07:34:16
1,62.03189500422845,2025-01-18 07:34:16
1,28.98635354053254,2025-01-18 07:34:16
1,22.67200427160755,2025-01-18 07:34:16
1,88.65365404309141,2025-01-18 07:34:16
1,70.82057075946483,2025-01-18 07:34:16
1,60.79783633462899,2025-01-18 07:34:16
1,24.33030418052538,2025-01-18 07:34:16
1,90.32921138365685,2025-01-18 07:34:16
1,33.08714531544456,2025-01-18 07:34:16
1,24.76400962773411,2025-01-18 07:34:16
1,95.66961677493919,2025-01-18 07:34:16
1,38.46397405889215,2025-01-18 07:34:16
1,98.70347899279531,2025-01-18 07:34:16
1,38.45348113517723,2025-01-18 07:34:16
1,30.159552735448642,2025-01-18 07:34:16
1,50.115089458215714,2025-01-18 07:34:16
1,50.1939992799172,2025-01-18 07:34:16
1,74.30497641311666,2025-01-18 07:34:16
1,28.615815603577815,2025-01-18 07:34:16
1,33.85232866745008,2025-01-18 07:34:16
1,44.8997256189719,2025-01-18 07:34:16
1,41.76478994965957,2025-01-18 07:34:16
1,50.56461380943074,2025-01-18 07:34:16
1,66.03279121154569,2025-01-18 07:34:16
1,26.1882689974974,2025-01-18 07:34:16
1,30.03189173116196,2025-01-18 07:34:16
1,43.5860271246288,2025-01-18 07:34:16
1,81.2916870305813,2025-01-18 07:34:16
1,93.82777783403724,2025-01-18 07:34:16
1,36.77469893115881,2025-01-18 07:34:16
1,31.18408541402461,2025-01-18 07:34:16
1,88.60381389196034,2025-01-18 07:34:16
1,32.58561218966395,2025-01-18 07:34:16
1,25.68192739615686,2025-01-18 07:34:16
1,28.993233369866243,2025-01-18 07:34:16
1,68.50037645087862,2025-01-18 07:34:16
1,54.330113009956136,2025-01-18 07:34:16
1,49.315761426671266,2025-01-18 07:34:16
1,49.9306622216551,2025-01-18 07:34:16
1,39.88291275214102,2025-01-18 07:34:16
1,62.5250213965237,2025-01-18 07:34:16
1,61.81895833109691,2025-01-18 07:34:16
1,98.21129725113188,2025-01-18 07:34:16
1,68.39985907228119,2025-01-18 07:34:16
1,76.75217438752445,2025-01-18 07:34:16
1,88.93579444679924,2025-01-18 07:34:16
1,96.96465919559473,2025-01-18 07:34:16
1,25.522097426711923,2025-01-18 07:34:16
1,39.85859129436054,2025-01-18 07:34:16
1,71.10315004586366,2025-01-18 07:34:16
1,57.72061382011945,2025-01-18 07:34:16
1,32.40708456895301,2025-01-18 07:34:16
1,58.4519651078506,2025-01-18 07:34:16
1,39.27412211253753,2025-01-18 07:34:16
1,81.4442853938377,2025-01-18 07:34:16
1,91.81481311411622,2025-01-18 07:34:16
1,39.65323913420764,2025-01-18 07:34:16
1,49.82476521400619,2025-01-18 07:34:16
1,61.783135068703885,2025-01-18 07:34:16
1,30.88563319911895,2025-01-18 07:34:16
1,74.8715822125159,2025-01-18 07:34:16
1,72.16480232989007,2025-01-18 07:34:16
1,67.03910230249987,2025-01-18 07:34:16
1,31.006311956702834,2025-01-18 07:34:16
1,73.75341298897578,2025-01-18 07:34:16
1,57.998699645605605,2025-01-18 07:34:16
1,84.96096124154047,2025-01-18 07:34:16
1,84.20714919244844,2025-01-18 07:34:16
1,90.95614651096143,2025-01-18 07:34:16
1,61.65496625705494,2025-01-18 07:34:16
1,65.91198461978769,2025-01-18 07:34:16
1,69.9050905137763,2025-01-18 07:34:16
1,24.134159060548228,2025-01-18 07:34:16
1,30.99514997704108,2025-01-18 07:34:16
1,59.28820329160608,2025-01-18 07:34:16
1,72.58179391401075,2025-01-18 07:34:16
1,43.58702128035115,2025-01-18 07:34:16
1,54.97989555907757,2025-01-18 07:34:16
1,84.17543511996743,2025-01-18 07:34:16
1,85.98770840700008,2025-01-18 07:34:16
1,89.4846632398899,2025-01-18 07:34:16
1,72.76100448684812,2025-01-18 07:34:16
1,80.91517301654875,2025-01-18 07:34:16
1,49.16045176033988,2025-01-18 07:34:16
1,81.78514151020644,2025-01-18 07:34:16
1,51.91179799895345,2025-01-18 07:34:16
1,62.4984347533297,2025-01-18 07:34:16
1,84.1678265210876,2025-01-18 07:34:16
1,85.46012944060354,2025-01-18 07:34:16
1,85.64199083795172,2025-01-18 07:34:16
1,83.21246702352556,2025-01-18 07:34:16
1,93.64326337692499,2025-01-18 07:34:16
1,32.48942147992126,2025-01-18 07:34:16
1,29.13279032561818,2025-01-18 07:34:16
1,75.82852049775482,2025-01-18 07:34:16
1,89.06982089650505,2025-01-18 07:34:16
1,65.69399572920781,2025-01-18 07:34:16
1,24.892464405551202,2025-01-18 07:34:16
1,66.79982282576793,2025-01-18 07:34:16
1,39.46806960763445,2025-01-18 07:34:16
1,49.65772509226361,2025-01-18 07:34:16
1,43.32862356648413,2025-01-18 07:34:16
1,44.95431430630353,2025-01-18 07:34:16
1,73.1286781753148,2025-01-18 07:34:16
1,45.30376513887176,2025-01-18 07:34:16
1,52.77271493862803,2025-01-18 07:34:16
1,93.0469406567722,2025-01-18 07:34:16
1,74.09599562483031,2025-01-18 07:34:16
1,64.9403839410628,2025-01-18 07:34:16
1,67.56707001884774,2025-01-18 07:34:16
1,51.69931203175398,2025-01-18 07:34:16
1,82.04870755211164,2025-01-18 07:34:16
1,81.29595855710906,2025-01-18 07:34:16
1,56.28217527123741,2025-01-18 07:34:16
1,28.7478616681366,2025-01-18 07:34:16
1,80.07459557028368,2025-01-18 07:34:16
1,95.78563337669857,2025-01-18 07:34:16
1,68.8949962729084,2025-01-18 07:34:16
1,54.04044400791748,2025-01-18 07:34:16
1,64.19988486042753,2025-01-18 07:34:16
1,51.71651407913157,2025-01-18 07:34:16
1,34.255424391472914,2025-01-18 07:34:16
1,42.5763840031325,2025-01-18 07:34:16
1,95.6073321296667,2025-01-18 07:34:16
1,49.601790260065,2025-01-18 07:34:16
1,43.92347776431292,2025-01-18 07:34:16
1,66.75298410973775,2025-01-18 07:34:16
1,87.35134542709727,2025-01-18 07:34:16
1,99.40308959345195,2025-01-18 07:34:16
1,70.16542912831159,2025-01-18 07:34:16
1,39.114352981451354,2025-01-18 07:34:16
1,59.89001312695958,2025-01-18 07:34:16
1,39.257061503990265,2025-01-18 07:34:16
1,96.45125487909826,2025-01-18 07:34:16
1,96.9985196360644,2025-01-18 07:34:16
1,91.52300618889515,2025-01-18 07:34:16
1,62.73328163592103,2025-01-18 07:34:16
1,46.48443480646574,2025-01-18 07:34:16
1,59.876021658999335,2025-01-18 07:34:16
1,92.60638655530036,2025-01-18 07:34:16
1,91.23681493777374,2025-01-18 07:34:16
1,27.926400029393257,2025-01-18 07:34:16
1,74.84949075845876,2025-01-18 07:34:16
1,59.728141101534156,2025-01-18 07:34:16
1,25.231468534074885,2025-01-18 07:34:16
1,79.87405647682249,2025-01-18 07:34:16
1,86.1744381612576,2025-01-18 07:34:16
1,93.40079829989266,2025-01-18 07:34:16
1,73.16914655947669,2025-01-18 07:34:16
1,31.37342444487264,2025-01-18 07:34:16
1,33.256731436484266,2025-01-18 07:34:16
1,39.49243220033145,2025-01-18 07:34:16
1,26.11004900264173,2025-01-18 07:34:16
1,76.32584686428108,2025-01-18 07:34:16
1,29.513729751263334,2025-01-18 07:34:16
1,60.369692683658315,2025-01-18 07:34:16
1,32.70471974877589,2025-01-18 07:34:16
1,43.93349155903245,2025-01-18 07:34:16
1,39.672362179401844,2025-01-18 07:34:16
1,43.98771859229063,2025-01-18 07:34:16
1,31.932877304216476,2025-01-18 07:34:16
1,88.97123570753939,2025-01-18 07:34:16
1,60.467980946075606,2025-01-18 07:34:16
1,95.57870631763714,2025-01-18 07:34:16
1,49.634482323068916,2025-01-18 07:34:16
1,95.19735558593487,2025-01-18 07:34:16
1,72.94265122185067,2025-01-18 07:34:16
1,78.07801763620067,2025-01-18 07:34:16
1,34.73437903872009,2025-01-18 07:34:16
1,40.42776877314872,2025-01-18 07:34:16
1,69.35132326271273,2025-01-18 07:34:16
1,95.88518569809432,2025-01-18 07:34:16
1,41.670466970697476,2025-01-18 07:34:16
